Running: gcovr -r /home/afmondra/zephyr-course/app/modules/ring_buf --gcov-ignore-parse-errors=negative_hits.warn_once_per_file --gcov-executable gcov -e tests/* -e .*generated.* -e .*/tests/.* -e .*/samples/.* --exclude-branches-by-pattern (^\s*LOG_(?:HEXDUMP_)?(?:DBG|INF|WRN|ERR)\(.*)|(^\s*__ASSERT(?:_EVAL|_NO_MSG|_POST_ACTION)?\(.*) -v --merge-mode-functions=separate --json -o /home/afmondra/zephyr-course/twister-out/coverage.json /home/afmondra/zephyr-course/twister-out
(DEBUG) File system is case sensitive.
(DEBUG) Filters for --filter: (1)
(DEBUG)  - DirectoryPrefixFilter(/home/afmondra/zephyr\-course/app/modules/ring_buf/)
(DEBUG) Filters for --exclude: (4)
(DEBUG)  - RelativeFilter(tests/* root=/home/afmondra/zephyr-course)
(DEBUG)  - RelativeFilter(.*generated.* root=/home/afmondra/zephyr-course)
(DEBUG)  - RelativeFilter(.*/tests/.* root=/home/afmondra/zephyr-course)
(DEBUG)  - RelativeFilter(.*/samples/.* root=/home/afmondra/zephyr-course)
(DEBUG) Filters for --include: (0)
(DEBUG) Filters for --gcov-filter: (1)
(DEBUG)  - AlwaysMatchFilter()
(DEBUG) Filters for --gcov-exclude: (0)
(DEBUG) Filters for --gcov-exclude-directory: (0)
(DEBUG) Patterns for --exclude-function: (0)
(DEBUG) Patterns for --exclude-lines-by-pattern: (0)
(DEBUG) Patterns for --exclude-branches-by-pattern: (1)
(DEBUG)  - re.compile('(^\\s*LOG_(?:HEXDUMP_)?(?:DBG|INF|WRN|ERR)\\(.*)|(^\\s*__ASSERT(?:_EVAL|_NO_MSG|_POST_ACTION)?\\(.*)')
(INFO) Reading coverage data...
(DEBUG) Scanning directory twister-out for gcda/gcno files...
(DEBUG) Found 176 files (and will process 99)
(DEBUG) Using 1 workers.
(DEBUG) Pool started with 1 threads
(DEBUG) Processing file: /home/afmondra/zephyr-course/twister-out/native_sim_native/host/homework.unit.ring_buf/CMakeFiles/app.dir/home/afmondra/zephyr-course/app/modules/ring_buf/src/ring_buf.c.gcda
(DEBUG) Running gcov: 'gcov --help' in '.'
(DEBUG) Running gcov: 'gcov --help-hidden' in '.'
(DEBUG) Running gcov: 'gcov --version' in '.'
(DEBUG) GCOV capabilities: Unsupported JSON format detected.
(DEBUG) GCOV capabilities: Demangled names available.
(DEBUG) GCOV capabilities: Hashing of filenames available.
(DEBUG) Running gcov: 'gcov /home/afmondra/zephyr-course/twister-out/native_sim_native/host/homework.unit.ring_buf/CMakeFiles/app.dir/home/afmondra/zephyr-course/app/modules/ring_buf/src/ring_buf.c.gcda --branch-counts --branch-probabilities --all-blocks --demangled-names --hash-filenames --object-directory ../../../twister-out/native_sim_native/host/homework.unit.ring_buf/CMakeFiles/app.dir/home/afmondra/zephyr-course/app/modules/ring_buf/src' in '/home/afmondra/zephyr-course/app/modules/ring_buf'
(DEBUG) GCOV return code was 0, stdout was:
File '/home/afmondra/zephyr-course/app/modules/ring_buf/src/ring_buf.c'
Lines executed:81.40% of 43
Branches executed:57.89% of 38
Taken at least once:34.21% of 38
Calls executed:33.33% of 6
Creating 'ring_buf.c##c3c0ed58b39750c7cccd6ce1eba0c573.gcov'

File '/home/afmondra/deps/zephyr/include/zephyr/logging/log_msg.h'
Lines executed:100.00% of 5
No branches
Calls executed:100.00% of 1
Creating 'log_msg.h##79b8d5e6c50f02645efdf4e980ac5492.gcov'

Lines executed:83.33% of 48
<<, stderr was:
<<
(DEBUG) Check if ring_buf.c##c3c0ed58b39750c7cccd6ce1eba0c573.gcov is included...
(DEBUG) Check if log_msg.h##79b8d5e6c50f02645efdf4e980ac5492.gcov is included...
(DEBUG) Finding source file corresponding to a gcov data file
  gcov_fname   /home/afmondra/zephyr-course/app/modules/ring_buf/ring_buf.c##c3c0ed58b39750c7cccd6ce1eba0c573.gcov
  current_dir  /home/afmondra/zephyr-course/app/modules/ring_buf
  root         /home/afmondra/zephyr-course/app/modules/ring_buf
  starting_dir /home/afmondra/zephyr-course
  obj_dir      None
  gcda_fname   ../../../twister-out/native_sim_native/host/homework.unit.ring_buf/CMakeFiles/app.dir/home/afmondra/zephyr-course/app/modules/ring_buf/src/ring_buf.c.gcda
  --> fname    /home/afmondra/zephyr-course/app/modules/ring_buf/src/ring_buf.c
(DEBUG) Check if /home/afmondra/zephyr-course/app/modules/ring_buf/src/ring_buf.c is included...
(DEBUG)   Filter DirectoryPrefixFilter(/home/afmondra/zephyr\-course/app/modules/ring_buf/) matched for path /home/afmondra/zephyr-course/app/modules/ring_buf/src/ring_buf.c.
(DEBUG) Check for exclusion...
(DEBUG)   No filter matched.
(DEBUG) Parsing coverage data for file /home/afmondra/zephyr-course/app/modules/ring_buf/src/ring_buf.c
(DEBUG) Apply exclusions for /home/afmondra/zephyr-course/app/modules/ring_buf/src/ring_buf.c
(DEBUG) Exclusion ranges for pattern '(.*?)(([GL]COVR?)_EXCL_(LINE|START|STOP|FUNCTION))': []
(DEBUG) Exclusion ranges for pattern '(.*?)(([GL]COVR?)_EXCL_BR_(LINE|START|STOP|FUNCTION))': [(24, 24), (39, 39), (53, 53), (57, 57), (71, 71), (75, 75)]
(DEBUG) Merge coverage data for /home/afmondra/zephyr-course/app/modules/ring_buf/src/ring_buf.c using MergeOptions(func_opts=MergeFunctionOptions(ignore_function_lineno=True, merge_function_use_line_zero=False, merge_function_use_line_min=False, merge_function_use_line_max=False, separate_function=True))
(DEBUG) Finding source file corresponding to a gcov data file
  gcov_fname   /home/afmondra/zephyr-course/app/modules/ring_buf/log_msg.h##79b8d5e6c50f02645efdf4e980ac5492.gcov
  current_dir  /home/afmondra/zephyr-course/app/modules/ring_buf
  root         /home/afmondra/zephyr-course/app/modules/ring_buf
  starting_dir /home/afmondra/zephyr-course
  obj_dir      None
  gcda_fname   ../../../twister-out/native_sim_native/host/homework.unit.ring_buf/CMakeFiles/app.dir/home/afmondra/zephyr-course/app/modules/ring_buf/src/ring_buf.c.gcda
  --> fname    /home/afmondra/deps/zephyr/include/zephyr/logging/log_msg.h
(DEBUG) Check if /home/afmondra/deps/zephyr/include/zephyr/logging/log_msg.h is included...
(DEBUG)   No filter matched.
(DEBUG) Processing file: /home/afmondra/zephyr-course/twister-out/native_sim_native/host/homework.unit.ring_buf/CMakeFiles/app.dir/src/test_ring_buf.c.gcda
(DEBUG) Running gcov: 'gcov /home/afmondra/zephyr-course/twister-out/native_sim_native/host/homework.unit.ring_buf/CMakeFiles/app.dir/src/test_ring_buf.c.gcda --branch-counts --branch-probabilities --all-blocks --demangled-names --hash-filenames --object-directory ../../../twister-out/native_sim_native/host/homework.unit.ring_buf/CMakeFiles/app.dir/src' in '/home/afmondra/zephyr-course/app/modules/ring_buf'
(DEBUG) GCOV return code was 0, stdout was:
File '/home/afmondra/zephyr-course/tests/ring_buf/src/test_ring_buf.c'
Lines executed:100.00% of 117
Branches executed:100.00% of 64
Taken at least once:50.00% of 64
Calls executed:100.00% of 56
Creating 'test_ring_buf.c##e2e60867299916005160c382771a39fc.gcov'

File '/home/afmondra/deps/zephyr/subsys/testsuite/ztest/include/zephyr/ztest_assert.h'
Lines executed:30.00% of 10
Branches executed:100.00% of 2
Taken at least once:50.00% of 2
Calls executed:0.00% of 5
Creating 'ztest_assert.h##93dbf91b01b58334adcb149232e58c35.gcov'

Lines executed:94.49% of 127
<<, stderr was:
<<
(DEBUG) Check if test_ring_buf.c##e2e60867299916005160c382771a39fc.gcov is included...
(DEBUG) Check if ztest_assert.h##93dbf91b01b58334adcb149232e58c35.gcov is included...
(DEBUG) Finding source file corresponding to a gcov data file
  gcov_fname   /home/afmondra/zephyr-course/app/modules/ring_buf/test_ring_buf.c##e2e60867299916005160c382771a39fc.gcov
  current_dir  /home/afmondra/zephyr-course/app/modules/ring_buf
  root         /home/afmondra/zephyr-course/app/modules/ring_buf
  starting_dir /home/afmondra/zephyr-course
  obj_dir      None
  gcda_fname   ../../../twister-out/native_sim_native/host/homework.unit.ring_buf/CMakeFiles/app.dir/src/test_ring_buf.c.gcda
  --> fname    /home/afmondra/zephyr-course/tests/ring_buf/src/test_ring_buf.c
(DEBUG) Check if /home/afmondra/zephyr-course/tests/ring_buf/src/test_ring_buf.c is included...
(DEBUG)   No filter matched.
(DEBUG) Finding source file corresponding to a gcov data file
  gcov_fname   /home/afmondra/zephyr-course/app/modules/ring_buf/ztest_assert.h##93dbf91b01b58334adcb149232e58c35.gcov
  current_dir  /home/afmondra/zephyr-course/app/modules/ring_buf
  root         /home/afmondra/zephyr-course/app/modules/ring_buf
  starting_dir /home/afmondra/zephyr-course
  obj_dir      None
  gcda_fname   ../../../twister-out/native_sim_native/host/homework.unit.ring_buf/CMakeFiles/app.dir/src/test_ring_buf.c.gcda
  --> fname    /home/afmondra/deps/zephyr/subsys/testsuite/ztest/include/zephyr/ztest_assert.h
(DEBUG) Check if /home/afmondra/deps/zephyr/subsys/testsuite/ztest/include/zephyr/ztest_assert.h is included...
(DEBUG)   No filter matched.
(DEBUG) Processing file: /home/afmondra/zephyr-course/twister-out/native_sim_native/host/homework.unit.ring_buf/zephyr/CMakeFiles/offsets.dir/arch/posix/core/offsets/offsets.c.gcda
(DEBUG) Running gcov: 'gcov /home/afmondra/zephyr-course/twister-out/native_sim_native/host/homework.unit.ring_buf/zephyr/CMakeFiles/offsets.dir/arch/posix/core/offsets/offsets.c.gcda --branch-counts --branch-probabilities --all-blocks --demangled-names --hash-filenames --object-directory ../../../twister-out/native_sim_native/host/homework.unit.ring_buf/zephyr/CMakeFiles/offsets.dir/arch/posix/core/offsets' in '/home/afmondra/zephyr-course/app/modules/ring_buf'
(DEBUG) GCOV return code was 0, stdout was:
File '/home/afmondra/deps/zephyr/kernel/include/kernel_offsets.h'
Lines executed:0.00% of 16
No branches
Calls executed:0.00% of 15
Creating 'kernel_offsets.h##f2be9dd6c33a5e94dfb53df01c8c82e4.gcov'

File '/home/afmondra/deps/zephyr/arch/posix/core/offsets/offsets.c'
Lines executed:0.00% of 1
No branches
No calls
Creating 'offsets.c##919c8406c4a82d4ce636567bbaa81c6d.gcov'

Lines executed:0.00% of 17
<<, stderr was:
<<
(DEBUG) Check if kernel_offsets.h##f2be9dd6c33a5e94dfb53df01c8c82e4.gcov is included...
(DEBUG) Check if offsets.c##919c8406c4a82d4ce636567bbaa81c6d.gcov is included...
(DEBUG) Finding source file corresponding to a gcov data file
  gcov_fname   /home/afmondra/zephyr-course/app/modules/ring_buf/offsets.c##919c8406c4a82d4ce636567bbaa81c6d.gcov
  current_dir  /home/afmondra/zephyr-course/app/modules/ring_buf
  root         /home/afmondra/zephyr-course/app/modules/ring_buf
  starting_dir /home/afmondra/zephyr-course
  obj_dir      None
  gcda_fname   ../../../twister-out/native_sim_native/host/homework.unit.ring_buf/zephyr/CMakeFiles/offsets.dir/arch/posix/core/offsets/offsets.c.gcda
  --> fname    /home/afmondra/deps/zephyr/arch/posix/core/offsets/offsets.c
(DEBUG) Check if /home/afmondra/deps/zephyr/arch/posix/core/offsets/offsets.c is included...
(DEBUG)   No filter matched.
(DEBUG) Finding source file corresponding to a gcov data file
  gcov_fname   /home/afmondra/zephyr-course/app/modules/ring_buf/kernel_offsets.h##f2be9dd6c33a5e94dfb53df01c8c82e4.gcov
  current_dir  /home/afmondra/zephyr-course/app/modules/ring_buf
  root         /home/afmondra/zephyr-course/app/modules/ring_buf
  starting_dir /home/afmondra/zephyr-course
  obj_dir      None
  gcda_fname   ../../../twister-out/native_sim_native/host/homework.unit.ring_buf/zephyr/CMakeFiles/offsets.dir/arch/posix/core/offsets/offsets.c.gcda
  --> fname    /home/afmondra/deps/zephyr/kernel/include/kernel_offsets.h
(DEBUG) Check if /home/afmondra/deps/zephyr/kernel/include/kernel_offsets.h is included...
(DEBUG)   No filter matched.
(DEBUG) Processing file: /home/afmondra/zephyr-course/twister-out/native_sim_native/host/homework.unit.ring_buf/zephyr/CMakeFiles/zephyr.dir/lib/heap/heap.c.gcda
(DEBUG) Running gcov: 'gcov /home/afmondra/zephyr-course/twister-out/native_sim_native/host/homework.unit.ring_buf/zephyr/CMakeFiles/zephyr.dir/lib/heap/heap.c.gcda --branch-counts --branch-probabilities --all-blocks --demangled-names --hash-filenames --object-directory ../../../twister-out/native_sim_native/host/homework.unit.ring_buf/zephyr/CMakeFiles/zephyr.dir/lib/heap' in '/home/afmondra/zephyr-course/app/modules/ring_buf'
(DEBUG) GCOV return code was 0, stdout was:
File '/home/afmondra/deps/zephyr/lib/heap/heap.c'
Lines executed:0.00% of 228
Branches executed:0.00% of 92
Taken at least once:0.00% of 92
Calls executed:0.00% of 173
Creating 'heap.c##763fb21c12c1a63bd015e739dd89006f.gcov'

File '/home/afmondra/deps/zephyr/lib/heap/heap.h'
Lines executed:0.00% of 74
Branches executed:0.00% of 18
Taken at least once:0.00% of 18
Calls executed:0.00% of 26
Creating 'heap.h##265c1c210c56114429a7e0bcd66df756.gcov'

Lines executed:0.00% of 302
<<, stderr was:
<<
(DEBUG) Check if heap.c##763fb21c12c1a63bd015e739dd89006f.gcov is included...
(DEBUG) Check if heap.h##265c1c210c56114429a7e0bcd66df756.gcov is included...
(DEBUG) Finding source file corresponding to a gcov data file
  gcov_fname   /home/afmondra/zephyr-course/app/modules/ring_buf/heap.c##763fb21c12c1a63bd015e739dd89006f.gcov
  current_dir  /home/afmondra/zephyr-course/app/modules/ring_buf
  root         /home/afmondra/zephyr-course/app/modules/ring_buf
  starting_dir /home/afmondra/zephyr-course
  obj_dir      None
  gcda_fname   ../../../twister-out/native_sim_native/host/homework.unit.ring_buf/zephyr/CMakeFiles/zephyr.dir/lib/heap/heap.c.gcda
  --> fname    /home/afmondra/deps/zephyr/lib/heap/heap.c
(DEBUG) Check if /home/afmondra/deps/zephyr/lib/heap/heap.c is included...
(DEBUG)   No filter matched.
(DEBUG) Finding source file corresponding to a gcov data file
  gcov_fname   /home/afmondra/zephyr-course/app/modules/ring_buf/heap.h##265c1c210c56114429a7e0bcd66df756.gcov
  current_dir  /home/afmondra/zephyr-course/app/modules/ring_buf
  root         /home/afmondra/zephyr-course/app/modules/ring_buf
  starting_dir /home/afmondra/zephyr-course
  obj_dir      None
  gcda_fname   ../../../twister-out/native_sim_native/host/homework.unit.ring_buf/zephyr/CMakeFiles/zephyr.dir/lib/heap/heap.c.gcda
  --> fname    /home/afmondra/deps/zephyr/lib/heap/heap.h
(DEBUG) Check if /home/afmondra/deps/zephyr/lib/heap/heap.h is included...
(DEBUG)   No filter matched.
(DEBUG) Processing file: /home/afmondra/zephyr-course/twister-out/native_sim_native/host/homework.unit.ring_buf/zephyr/CMakeFiles/zephyr.dir/lib/os/assert.c.gcda
(DEBUG) Running gcov: 'gcov /home/afmondra/zephyr-course/twister-out/native_sim_native/host/homework.unit.ring_buf/zephyr/CMakeFiles/zephyr.dir/lib/os/assert.c.gcda --branch-counts --branch-probabilities --all-blocks --demangled-names --hash-filenames --object-directory ../../../twister-out/native_sim_native/host/homework.unit.ring_buf/zephyr/CMakeFiles/zephyr.dir/lib/os' in '/home/afmondra/zephyr-course/app/modules/ring_buf'
(DEBUG) GCOV return code was 0, stdout was:
File '/home/afmondra/deps/zephyr/lib/os/assert.c'
Lines executed:0.00% of 8
No branches
Calls executed:0.00% of 3
Creating 'assert.c##ddb61ee2a53fc218c87a5c76e2e39145.gcov'

Lines executed:0.00% of 8
<<, stderr was:
<<
(DEBUG) Check if assert.c##ddb61ee2a53fc218c87a5c76e2e39145.gcov is included...
(DEBUG) Finding source file corresponding to a gcov data file
  gcov_fname   /home/afmondra/zephyr-course/app/modules/ring_buf/assert.c##ddb61ee2a53fc218c87a5c76e2e39145.gcov
  current_dir  /home/afmondra/zephyr-course/app/modules/ring_buf
  root         /home/afmondra/zephyr-course/app/modules/ring_buf
  starting_dir /home/afmondra/zephyr-course
  obj_dir      None
  gcda_fname   ../../../twister-out/native_sim_native/host/homework.unit.ring_buf/zephyr/CMakeFiles/zephyr.dir/lib/os/assert.c.gcda
  --> fname    /home/afmondra/deps/zephyr/lib/os/assert.c
(DEBUG) Check if /home/afmondra/deps/zephyr/lib/os/assert.c is included...
(DEBUG)   No filter matched.
(DEBUG) Processing file: /home/afmondra/zephyr-course/twister-out/native_sim_native/host/homework.unit.ring_buf/zephyr/CMakeFiles/zephyr.dir/lib/os/cbprintf.c.gcda
(DEBUG) Running gcov: 'gcov /home/afmondra/zephyr-course/twister-out/native_sim_native/host/homework.unit.ring_buf/zephyr/CMakeFiles/zephyr.dir/lib/os/cbprintf.c.gcda --branch-counts --branch-probabilities --all-blocks --demangled-names --hash-filenames --object-directory ../../../twister-out/native_sim_native/host/homework.unit.ring_buf/zephyr/CMakeFiles/zephyr.dir/lib/os' in '/home/afmondra/zephyr-course/app/modules/ring_buf'
(DEBUG) GCOV return code was 0, stdout was:
File '/home/afmondra/deps/zephyr/lib/os/cbprintf.c'
Lines executed:0.00% of 5
No branches
Calls executed:0.00% of 1
Creating 'cbprintf.c##d2acbdcae6033e9d633a393f33813cbb.gcov'

File '/home/afmondra/deps/zephyr/include/zephyr/sys/cbprintf.h'
Lines executed:0.00% of 2
No branches
Calls executed:0.00% of 1
Creating 'cbprintf.h##6402aeb47d2652c3cb4e31c4b006bbe5.gcov'

Lines executed:0.00% of 7
<<, stderr was:
<<
(DEBUG) Check if cbprintf.c##d2acbdcae6033e9d633a393f33813cbb.gcov is included...
(DEBUG) Check if cbprintf.h##6402aeb47d2652c3cb4e31c4b006bbe5.gcov is included...
(DEBUG) Finding source file corresponding to a gcov data file
  gcov_fname   /home/afmondra/zephyr-course/app/modules/ring_buf/cbprintf.h##6402aeb47d2652c3cb4e31c4b006bbe5.gcov
  current_dir  /home/afmondra/zephyr-course/app/modules/ring_buf
  root         /home/afmondra/zephyr-course/app/modules/ring_buf
  starting_dir /home/afmondra/zephyr-course
  obj_dir      None
  gcda_fname   ../../../twister-out/native_sim_native/host/homework.unit.ring_buf/zephyr/CMakeFiles/zephyr.dir/lib/os/cbprintf.c.gcda
  --> fname    /home/afmondra/deps/zephyr/include/zephyr/sys/cbprintf.h
(DEBUG) Check if /home/afmondra/deps/zephyr/include/zephyr/sys/cbprintf.h is included...
(DEBUG)   No filter matched.
(DEBUG) Finding source file corresponding to a gcov data file
  gcov_fname   /home/afmondra/zephyr-course/app/modules/ring_buf/cbprintf.c##d2acbdcae6033e9d633a393f33813cbb.gcov
  current_dir  /home/afmondra/zephyr-course/app/modules/ring_buf
  root         /home/afmondra/zephyr-course/app/modules/ring_buf
  starting_dir /home/afmondra/zephyr-course
  obj_dir      None
  gcda_fname   ../../../twister-out/native_sim_native/host/homework.unit.ring_buf/zephyr/CMakeFiles/zephyr.dir/lib/os/cbprintf.c.gcda
  --> fname    /home/afmondra/deps/zephyr/lib/os/cbprintf.c
(DEBUG) Check if /home/afmondra/deps/zephyr/lib/os/cbprintf.c is included...
(DEBUG)   No filter matched.
(DEBUG) Processing file: /home/afmondra/zephyr-course/twister-out/native_sim_native/host/homework.unit.ring_buf/zephyr/CMakeFiles/zephyr.dir/lib/os/cbprintf_complete.c.gcda
(DEBUG) Running gcov: 'gcov /home/afmondra/zephyr-course/twister-out/native_sim_native/host/homework.unit.ring_buf/zephyr/CMakeFiles/zephyr.dir/lib/os/cbprintf_complete.c.gcda --branch-counts --branch-probabilities --all-blocks --demangled-names --hash-filenames --object-directory ../../../twister-out/native_sim_native/host/homework.unit.ring_buf/zephyr/CMakeFiles/zephyr.dir/lib/os' in '/home/afmondra/zephyr-course/app/modules/ring_buf'
(DEBUG) GCOV return code was 0, stdout was:
File '/home/afmondra/deps/zephyr/lib/os/cbprintf_complete.c'
Lines executed:34.45% of 566
Branches executed:50.31% of 324
Taken at least once:28.40% of 324
Calls executed:35.42% of 48
Creating 'cbprintf_complete.c##0a46f54ab9b125623241e0c3f8ed02a2.gcov'

Lines executed:34.45% of 566
<<, stderr was:
<<
(DEBUG) Check if cbprintf_complete.c##0a46f54ab9b125623241e0c3f8ed02a2.gcov is included...
(DEBUG) Finding source file corresponding to a gcov data file
  gcov_fname   /home/afmondra/zephyr-course/app/modules/ring_buf/cbprintf_complete.c##0a46f54ab9b125623241e0c3f8ed02a2.gcov
  current_dir  /home/afmondra/zephyr-course/app/modules/ring_buf
  root         /home/afmondra/zephyr-course/app/modules/ring_buf
  starting_dir /home/afmondra/zephyr-course
  obj_dir      None
  gcda_fname   ../../../twister-out/native_sim_native/host/homework.unit.ring_buf/zephyr/CMakeFiles/zephyr.dir/lib/os/cbprintf_complete.c.gcda
  --> fname    /home/afmondra/deps/zephyr/lib/os/cbprintf_complete.c
(DEBUG) Check if /home/afmondra/deps/zephyr/lib/os/cbprintf_complete.c is included...
(DEBUG)   No filter matched.
(DEBUG) Processing file: /home/afmondra/zephyr-course/twister-out/native_sim_native/host/homework.unit.ring_buf/zephyr/CMakeFiles/zephyr.dir/lib/os/cbprintf_packaged.c.gcda
(DEBUG) Running gcov: 'gcov /home/afmondra/zephyr-course/twister-out/native_sim_native/host/homework.unit.ring_buf/zephyr/CMakeFiles/zephyr.dir/lib/os/cbprintf_packaged.c.gcda --branch-counts --branch-probabilities --all-blocks --demangled-names --hash-filenames --object-directory ../../../twister-out/native_sim_native/host/homework.unit.ring_buf/zephyr/CMakeFiles/zephyr.dir/lib/os' in '/home/afmondra/zephyr-course/app/modules/ring_buf'
(DEBUG) GCOV return code was 0, stdout was:
File '/home/afmondra/deps/zephyr/lib/os/cbprintf_packaged.c'
Lines executed:33.61% of 366
Branches executed:33.62% of 235
Taken at least once:22.55% of 235
Calls executed:8.22% of 73
Creating 'cbprintf_packaged.c##fe678edbf69fb987eff2d0d9f8b01c6b.gcov'

File '/home/afmondra/deps/zephyr/include/zephyr/logging/log_msg.h'
Lines executed:0.00% of 5
No branches
Calls executed:0.00% of 1
Creating 'log_msg.h##79b8d5e6c50f02645efdf4e980ac5492.gcov'

File '/home/afmondra/deps/zephyr/include/zephyr/linker/utils.h'
Lines executed:100.00% of 2
No branches
No calls
Creating 'utils.h##83a47ad183929abdb679146836e3826e.gcov'

Lines executed:33.51% of 373
<<, stderr was:
<<
(DEBUG) Check if cbprintf_packaged.c##fe678edbf69fb987eff2d0d9f8b01c6b.gcov is included...
(DEBUG) Check if log_msg.h##79b8d5e6c50f02645efdf4e980ac5492.gcov is included...
(DEBUG) Check if utils.h##83a47ad183929abdb679146836e3826e.gcov is included...
(DEBUG) Finding source file corresponding to a gcov data file
  gcov_fname   /home/afmondra/zephyr-course/app/modules/ring_buf/utils.h##83a47ad183929abdb679146836e3826e.gcov
  current_dir  /home/afmondra/zephyr-course/app/modules/ring_buf
  root         /home/afmondra/zephyr-course/app/modules/ring_buf
  starting_dir /home/afmondra/zephyr-course
  obj_dir      None
  gcda_fname   ../../../twister-out/native_sim_native/host/homework.unit.ring_buf/zephyr/CMakeFiles/zephyr.dir/lib/os/cbprintf_packaged.c.gcda
  --> fname    /home/afmondra/deps/zephyr/include/zephyr/linker/utils.h
(DEBUG) Check if /home/afmondra/deps/zephyr/include/zephyr/linker/utils.h is included...
(DEBUG)   No filter matched.
(DEBUG) Finding source file corresponding to a gcov data file
  gcov_fname   /home/afmondra/zephyr-course/app/modules/ring_buf/log_msg.h##79b8d5e6c50f02645efdf4e980ac5492.gcov
  current_dir  /home/afmondra/zephyr-course/app/modules/ring_buf
  root         /home/afmondra/zephyr-course/app/modules/ring_buf
  starting_dir /home/afmondra/zephyr-course
  obj_dir      None
  gcda_fname   ../../../twister-out/native_sim_native/host/homework.unit.ring_buf/zephyr/CMakeFiles/zephyr.dir/lib/os/cbprintf_packaged.c.gcda
  --> fname    /home/afmondra/deps/zephyr/include/zephyr/logging/log_msg.h
(DEBUG) Check if /home/afmondra/deps/zephyr/include/zephyr/logging/log_msg.h is included...
(DEBUG)   No filter matched.
(DEBUG) Finding source file corresponding to a gcov data file
  gcov_fname   /home/afmondra/zephyr-course/app/modules/ring_buf/cbprintf_packaged.c##fe678edbf69fb987eff2d0d9f8b01c6b.gcov
  current_dir  /home/afmondra/zephyr-course/app/modules/ring_buf
  root         /home/afmondra/zephyr-course/app/modules/ring_buf
  starting_dir /home/afmondra/zephyr-course
  obj_dir      None
  gcda_fname   ../../../twister-out/native_sim_native/host/homework.unit.ring_buf/zephyr/CMakeFiles/zephyr.dir/lib/os/cbprintf_packaged.c.gcda
  --> fname    /home/afmondra/deps/zephyr/lib/os/cbprintf_packaged.c
(DEBUG) Check if /home/afmondra/deps/zephyr/lib/os/cbprintf_packaged.c is included...
(DEBUG)   No filter matched.
(DEBUG) Processing file: /home/afmondra/zephyr-course/twister-out/native_sim_native/host/homework.unit.ring_buf/zephyr/CMakeFiles/zephyr.dir/lib/os/clock.c.gcda
(DEBUG) Running gcov: 'gcov /home/afmondra/zephyr-course/twister-out/native_sim_native/host/homework.unit.ring_buf/zephyr/CMakeFiles/zephyr.dir/lib/os/clock.c.gcda --branch-counts --branch-probabilities --all-blocks --demangled-names --hash-filenames --object-directory ../../../twister-out/native_sim_native/host/homework.unit.ring_buf/zephyr/CMakeFiles/zephyr.dir/lib/os' in '/home/afmondra/zephyr-course/app/modules/ring_buf'
(DEBUG) GCOV return code was 0, stdout was:
File '/home/afmondra/deps/zephyr/lib/os/clock.c'
Lines executed:9.46% of 74
Branches executed:5.41% of 37
Taken at least once:5.41% of 37
Calls executed:8.51% of 47
Creating 'clock.c##3060d44414f1906ce41523ccab019169.gcov'

File '/home/afmondra/deps/zephyr/include/zephyr/sys/timeutil.h'
Lines executed:0.00% of 51
Branches executed:0.00% of 74
Taken at least once:0.00% of 74
Calls executed:0.00% of 35
Creating 'timeutil.h##4d20bee1c8c4ca0ec3fe6c4ac6f83ccf.gcov'

File '/home/afmondra/zephyr-course/twister-out/native_sim_native/host/homework.unit.ring_buf/zephyr/include/generated/zephyr/syscalls/kernel.h'
Lines executed:0.00% of 6
No branches
Calls executed:0.00% of 4
Creating 'kernel.h##13f2e6a4c33f57e7946f4cdd024701bf.gcov'

File '/home/afmondra/deps/zephyr/include/zephyr/spinlock.h'
Lines executed:100.00% of 18
Branches executed:100.00% of 6
Taken at least once:50.00% of 6
Calls executed:31.82% of 22
Creating 'spinlock.h##0907215eaec88fd477ba521e3409787d.gcov'

File '/home/afmondra/zephyr-course/twister-out/native_sim_native/host/homework.unit.ring_buf/zephyr/include/generated/zephyr/syscalls/clock.h'
Lines executed:0.00% of 4
No branches
Calls executed:0.00% of 2
Creating 'clock.h##cf6889b86f429d3aed5be774a9d2dda0.gcov'

File '/home/afmondra/deps/zephyr/include/zephyr/arch/posix/arch.h'
Lines executed:100.00% of 5
No branches
Calls executed:100.00% of 2
Creating 'arch.h##eee3095deeb51a158c6bb5ded542fa59.gcov'

Lines executed:18.99% of 158
<<, stderr was:
<<
(DEBUG) Check if clock.c##3060d44414f1906ce41523ccab019169.gcov is included...
(DEBUG) Check if timeutil.h##4d20bee1c8c4ca0ec3fe6c4ac6f83ccf.gcov is included...
(DEBUG) Check if kernel.h##13f2e6a4c33f57e7946f4cdd024701bf.gcov is included...
(DEBUG) Check if spinlock.h##0907215eaec88fd477ba521e3409787d.gcov is included...
(DEBUG) Check if clock.h##cf6889b86f429d3aed5be774a9d2dda0.gcov is included...
(DEBUG) Check if arch.h##eee3095deeb51a158c6bb5ded542fa59.gcov is included...
(DEBUG) Finding source file corresponding to a gcov data file
  gcov_fname   /home/afmondra/zephyr-course/app/modules/ring_buf/clock.c##3060d44414f1906ce41523ccab019169.gcov
  current_dir  /home/afmondra/zephyr-course/app/modules/ring_buf
  root         /home/afmondra/zephyr-course/app/modules/ring_buf
  starting_dir /home/afmondra/zephyr-course
  obj_dir      None
  gcda_fname   ../../../twister-out/native_sim_native/host/homework.unit.ring_buf/zephyr/CMakeFiles/zephyr.dir/lib/os/clock.c.gcda
  --> fname    /home/afmondra/deps/zephyr/lib/os/clock.c
(DEBUG) Check if /home/afmondra/deps/zephyr/lib/os/clock.c is included...
(DEBUG)   No filter matched.
(DEBUG) Finding source file corresponding to a gcov data file
  gcov_fname   /home/afmondra/zephyr-course/app/modules/ring_buf/spinlock.h##0907215eaec88fd477ba521e3409787d.gcov
  current_dir  /home/afmondra/zephyr-course/app/modules/ring_buf
  root         /home/afmondra/zephyr-course/app/modules/ring_buf
  starting_dir /home/afmondra/zephyr-course
  obj_dir      None
  gcda_fname   ../../../twister-out/native_sim_native/host/homework.unit.ring_buf/zephyr/CMakeFiles/zephyr.dir/lib/os/clock.c.gcda
  --> fname    /home/afmondra/deps/zephyr/include/zephyr/spinlock.h
(DEBUG) Check if /home/afmondra/deps/zephyr/include/zephyr/spinlock.h is included...
(DEBUG)   No filter matched.
(DEBUG) Finding source file corresponding to a gcov data file
  gcov_fname   /home/afmondra/zephyr-course/app/modules/ring_buf/clock.h##cf6889b86f429d3aed5be774a9d2dda0.gcov
  current_dir  /home/afmondra/zephyr-course/app/modules/ring_buf
  root         /home/afmondra/zephyr-course/app/modules/ring_buf
  starting_dir /home/afmondra/zephyr-course
  obj_dir      None
  gcda_fname   ../../../twister-out/native_sim_native/host/homework.unit.ring_buf/zephyr/CMakeFiles/zephyr.dir/lib/os/clock.c.gcda
  --> fname    /home/afmondra/zephyr-course/twister-out/native_sim_native/host/homework.unit.ring_buf/zephyr/include/generated/zephyr/syscalls/clock.h
(DEBUG) Check if /home/afmondra/zephyr-course/twister-out/native_sim_native/host/homework.unit.ring_buf/zephyr/include/generated/zephyr/syscalls/clock.h is included...
(DEBUG)   No filter matched.
(DEBUG) Finding source file corresponding to a gcov data file
  gcov_fname   /home/afmondra/zephyr-course/app/modules/ring_buf/arch.h##eee3095deeb51a158c6bb5ded542fa59.gcov
  current_dir  /home/afmondra/zephyr-course/app/modules/ring_buf
  root         /home/afmondra/zephyr-course/app/modules/ring_buf
  starting_dir /home/afmondra/zephyr-course
  obj_dir      None
  gcda_fname   ../../../twister-out/native_sim_native/host/homework.unit.ring_buf/zephyr/CMakeFiles/zephyr.dir/lib/os/clock.c.gcda
  --> fname    /home/afmondra/deps/zephyr/include/zephyr/arch/posix/arch.h
(DEBUG) Check if /home/afmondra/deps/zephyr/include/zephyr/arch/posix/arch.h is included...
(DEBUG)   No filter matched.
(DEBUG) Finding source file corresponding to a gcov data file
  gcov_fname   /home/afmondra/zephyr-course/app/modules/ring_buf/kernel.h##13f2e6a4c33f57e7946f4cdd024701bf.gcov
  current_dir  /home/afmondra/zephyr-course/app/modules/ring_buf
  root         /home/afmondra/zephyr-course/app/modules/ring_buf
  starting_dir /home/afmondra/zephyr-course
  obj_dir      None
  gcda_fname   ../../../twister-out/native_sim_native/host/homework.unit.ring_buf/zephyr/CMakeFiles/zephyr.dir/lib/os/clock.c.gcda
  --> fname    /home/afmondra/zephyr-course/twister-out/native_sim_native/host/homework.unit.ring_buf/zephyr/include/generated/zephyr/syscalls/kernel.h
(DEBUG) Check if /home/afmondra/zephyr-course/twister-out/native_sim_native/host/homework.unit.ring_buf/zephyr/include/generated/zephyr/syscalls/kernel.h is included...
(DEBUG)   No filter matched.
(DEBUG) Finding source file corresponding to a gcov data file
  gcov_fname   /home/afmondra/zephyr-course/app/modules/ring_buf/timeutil.h##4d20bee1c8c4ca0ec3fe6c4ac6f83ccf.gcov
  current_dir  /home/afmondra/zephyr-course/app/modules/ring_buf
  root         /home/afmondra/zephyr-course/app/modules/ring_buf
  starting_dir /home/afmondra/zephyr-course
  obj_dir      None
  gcda_fname   ../../../twister-out/native_sim_native/host/homework.unit.ring_buf/zephyr/CMakeFiles/zephyr.dir/lib/os/clock.c.gcda
  --> fname    /home/afmondra/deps/zephyr/include/zephyr/sys/timeutil.h
(DEBUG) Check if /home/afmondra/deps/zephyr/include/zephyr/sys/timeutil.h is included...
(DEBUG)   No filter matched.
(DEBUG) Processing file: /home/afmondra/zephyr-course/twister-out/native_sim_native/host/homework.unit.ring_buf/zephyr/CMakeFiles/zephyr.dir/lib/os/printk.c.gcda
(DEBUG) Running gcov: 'gcov /home/afmondra/zephyr-course/twister-out/native_sim_native/host/homework.unit.ring_buf/zephyr/CMakeFiles/zephyr.dir/lib/os/printk.c.gcda --branch-counts --branch-probabilities --all-blocks --demangled-names --hash-filenames --object-directory ../../../twister-out/native_sim_native/host/homework.unit.ring_buf/zephyr/CMakeFiles/zephyr.dir/lib/os' in '/home/afmondra/zephyr-course/app/modules/ring_buf'
(DEBUG) GCOV return code was 0, stdout was:
File '/home/afmondra/deps/zephyr/lib/os/printk.c'
Lines executed:20.75% of 53
Branches executed:0.00% of 12
Taken at least once:0.00% of 12
Calls executed:25.00% of 8
Creating 'printk.c##950abd5bccc859df0d3850f54a08d487.gcov'

File '/home/afmondra/deps/zephyr/include/zephyr/sys/cbprintf.h'
Lines executed:0.00% of 2
No branches
Calls executed:0.00% of 1
Creating 'cbprintf.h##6402aeb47d2652c3cb4e31c4b006bbe5.gcov'

File '/home/afmondra/zephyr-course/twister-out/native_sim_native/host/homework.unit.ring_buf/zephyr/include/generated/zephyr/syscalls/kernel.h'
Lines executed:0.00% of 4
No branches
Calls executed:0.00% of 2
Creating 'kernel.h##13f2e6a4c33f57e7946f4cdd024701bf.gcov'

Lines executed:18.64% of 59
<<, stderr was:
<<
(DEBUG) Check if printk.c##950abd5bccc859df0d3850f54a08d487.gcov is included...
(DEBUG) Check if cbprintf.h##6402aeb47d2652c3cb4e31c4b006bbe5.gcov is included...
(DEBUG) Check if kernel.h##13f2e6a4c33f57e7946f4cdd024701bf.gcov is included...
(DEBUG) Finding source file corresponding to a gcov data file
  gcov_fname   /home/afmondra/zephyr-course/app/modules/ring_buf/printk.c##950abd5bccc859df0d3850f54a08d487.gcov
  current_dir  /home/afmondra/zephyr-course/app/modules/ring_buf
  root         /home/afmondra/zephyr-course/app/modules/ring_buf
  starting_dir /home/afmondra/zephyr-course
  obj_dir      None
  gcda_fname   ../../../twister-out/native_sim_native/host/homework.unit.ring_buf/zephyr/CMakeFiles/zephyr.dir/lib/os/printk.c.gcda
  --> fname    /home/afmondra/deps/zephyr/lib/os/printk.c
(DEBUG) Check if /home/afmondra/deps/zephyr/lib/os/printk.c is included...
(DEBUG)   No filter matched.
(DEBUG) Finding source file corresponding to a gcov data file
  gcov_fname   /home/afmondra/zephyr-course/app/modules/ring_buf/cbprintf.h##6402aeb47d2652c3cb4e31c4b006bbe5.gcov
  current_dir  /home/afmondra/zephyr-course/app/modules/ring_buf
  root         /home/afmondra/zephyr-course/app/modules/ring_buf
  starting_dir /home/afmondra/zephyr-course
  obj_dir      None
  gcda_fname   ../../../twister-out/native_sim_native/host/homework.unit.ring_buf/zephyr/CMakeFiles/zephyr.dir/lib/os/printk.c.gcda
  --> fname    /home/afmondra/deps/zephyr/include/zephyr/sys/cbprintf.h
(DEBUG) Check if /home/afmondra/deps/zephyr/include/zephyr/sys/cbprintf.h is included...
(DEBUG)   No filter matched.
(DEBUG) Finding source file corresponding to a gcov data file
  gcov_fname   /home/afmondra/zephyr-course/app/modules/ring_buf/kernel.h##13f2e6a4c33f57e7946f4cdd024701bf.gcov
  current_dir  /home/afmondra/zephyr-course/app/modules/ring_buf
  root         /home/afmondra/zephyr-course/app/modules/ring_buf
  starting_dir /home/afmondra/zephyr-course
  obj_dir      None
  gcda_fname   ../../../twister-out/native_sim_native/host/homework.unit.ring_buf/zephyr/CMakeFiles/zephyr.dir/lib/os/printk.c.gcda
  --> fname    /home/afmondra/zephyr-course/twister-out/native_sim_native/host/homework.unit.ring_buf/zephyr/include/generated/zephyr/syscalls/kernel.h
(DEBUG) Check if /home/afmondra/zephyr-course/twister-out/native_sim_native/host/homework.unit.ring_buf/zephyr/include/generated/zephyr/syscalls/kernel.h is included...
(DEBUG)   No filter matched.
(DEBUG) Processing file: /home/afmondra/zephyr-course/twister-out/native_sim_native/host/homework.unit.ring_buf/zephyr/CMakeFiles/zephyr.dir/lib/os/sem.c.gcda
(DEBUG) Running gcov: 'gcov /home/afmondra/zephyr-course/twister-out/native_sim_native/host/homework.unit.ring_buf/zephyr/CMakeFiles/zephyr.dir/lib/os/sem.c.gcda --branch-counts --branch-probabilities --all-blocks --demangled-names --hash-filenames --object-directory ../../../twister-out/native_sim_native/host/homework.unit.ring_buf/zephyr/CMakeFiles/zephyr.dir/lib/os' in '/home/afmondra/zephyr-course/app/modules/ring_buf'
(DEBUG) GCOV return code was 0, stdout was:
File '/home/afmondra/deps/zephyr/lib/os/sem.c'
Lines executed:0.00% of 14
Branches executed:0.00% of 4
Taken at least once:0.00% of 4
Calls executed:0.00% of 4
Creating 'sem.c##89f7242c2bdb155bdad671c5d6d1d9e4.gcov'

File '/home/afmondra/zephyr-course/twister-out/native_sim_native/host/homework.unit.ring_buf/zephyr/include/generated/zephyr/syscalls/kernel.h'
Lines executed:0.00% of 13
No branches
Calls executed:0.00% of 8
Creating 'kernel.h##13f2e6a4c33f57e7946f4cdd024701bf.gcov'

File '/home/afmondra/deps/zephyr/include/zephyr/kernel.h'
Lines executed:0.00% of 2
No branches
No calls
Creating 'kernel.h##6b0baf6c49afefbfab07edb7166fdce2.gcov'

Lines executed:0.00% of 29
<<, stderr was:
<<
(DEBUG) Check if sem.c##89f7242c2bdb155bdad671c5d6d1d9e4.gcov is included...
(DEBUG) Check if kernel.h##13f2e6a4c33f57e7946f4cdd024701bf.gcov is included...
(DEBUG) Check if kernel.h##6b0baf6c49afefbfab07edb7166fdce2.gcov is included...
(DEBUG) Finding source file corresponding to a gcov data file
  gcov_fname   /home/afmondra/zephyr-course/app/modules/ring_buf/sem.c##89f7242c2bdb155bdad671c5d6d1d9e4.gcov
  current_dir  /home/afmondra/zephyr-course/app/modules/ring_buf
  root         /home/afmondra/zephyr-course/app/modules/ring_buf
  starting_dir /home/afmondra/zephyr-course
  obj_dir      None
  gcda_fname   ../../../twister-out/native_sim_native/host/homework.unit.ring_buf/zephyr/CMakeFiles/zephyr.dir/lib/os/sem.c.gcda
  --> fname    /home/afmondra/deps/zephyr/lib/os/sem.c
(DEBUG) Check if /home/afmondra/deps/zephyr/lib/os/sem.c is included...
(DEBUG)   No filter matched.
(DEBUG) Finding source file corresponding to a gcov data file
  gcov_fname   /home/afmondra/zephyr-course/app/modules/ring_buf/kernel.h##6b0baf6c49afefbfab07edb7166fdce2.gcov
  current_dir  /home/afmondra/zephyr-course/app/modules/ring_buf
  root         /home/afmondra/zephyr-course/app/modules/ring_buf
  starting_dir /home/afmondra/zephyr-course
  obj_dir      None
  gcda_fname   ../../../twister-out/native_sim_native/host/homework.unit.ring_buf/zephyr/CMakeFiles/zephyr.dir/lib/os/sem.c.gcda
  --> fname    /home/afmondra/deps/zephyr/include/zephyr/kernel.h
(DEBUG) Check if /home/afmondra/deps/zephyr/include/zephyr/kernel.h is included...
(DEBUG)   No filter matched.
(DEBUG) Finding source file corresponding to a gcov data file
  gcov_fname   /home/afmondra/zephyr-course/app/modules/ring_buf/kernel.h##13f2e6a4c33f57e7946f4cdd024701bf.gcov
  current_dir  /home/afmondra/zephyr-course/app/modules/ring_buf
  root         /home/afmondra/zephyr-course/app/modules/ring_buf
  starting_dir /home/afmondra/zephyr-course
  obj_dir      None
  gcda_fname   ../../../twister-out/native_sim_native/host/homework.unit.ring_buf/zephyr/CMakeFiles/zephyr.dir/lib/os/sem.c.gcda
  --> fname    /home/afmondra/zephyr-course/twister-out/native_sim_native/host/homework.unit.ring_buf/zephyr/include/generated/zephyr/syscalls/kernel.h
(DEBUG) Check if /home/afmondra/zephyr-course/twister-out/native_sim_native/host/homework.unit.ring_buf/zephyr/include/generated/zephyr/syscalls/kernel.h is included...
(DEBUG)   No filter matched.
(DEBUG) Processing file: /home/afmondra/zephyr-course/twister-out/native_sim_native/host/homework.unit.ring_buf/zephyr/CMakeFiles/zephyr.dir/lib/os/thread_entry.c.gcda
(DEBUG) Running gcov: 'gcov /home/afmondra/zephyr-course/twister-out/native_sim_native/host/homework.unit.ring_buf/zephyr/CMakeFiles/zephyr.dir/lib/os/thread_entry.c.gcda --branch-counts --branch-probabilities --all-blocks --demangled-names --hash-filenames --object-directory ../../../twister-out/native_sim_native/host/homework.unit.ring_buf/zephyr/CMakeFiles/zephyr.dir/lib/os' in '/home/afmondra/zephyr-course/app/modules/ring_buf'
(DEBUG) GCOV return code was 0, stdout was:
File '/home/afmondra/deps/zephyr/lib/os/thread_entry.c'
Lines executed:75.00% of 4
No branches
Calls executed:66.67% of 3
Creating 'thread_entry.c##ea52a23d8dd2da61885f62d47228e9f2.gcov'

File '/home/afmondra/zephyr-course/twister-out/native_sim_native/host/homework.unit.ring_buf/zephyr/include/generated/zephyr/syscalls/kernel.h'
Lines executed:85.71% of 7
No branches
Calls executed:100.00% of 4
Creating 'kernel.h##13f2e6a4c33f57e7946f4cdd024701bf.gcov'

File '/home/afmondra/deps/zephyr/include/zephyr/kernel.h'
Lines executed:100.00% of 2
No branches
No calls
Creating 'kernel.h##6b0baf6c49afefbfab07edb7166fdce2.gcov'

Lines executed:84.62% of 13
<<, stderr was:
<<
(DEBUG) Check if thread_entry.c##ea52a23d8dd2da61885f62d47228e9f2.gcov is included...
(DEBUG) Check if kernel.h##13f2e6a4c33f57e7946f4cdd024701bf.gcov is included...
(DEBUG) Check if kernel.h##6b0baf6c49afefbfab07edb7166fdce2.gcov is included...
(DEBUG) Finding source file corresponding to a gcov data file
  gcov_fname   /home/afmondra/zephyr-course/app/modules/ring_buf/thread_entry.c##ea52a23d8dd2da61885f62d47228e9f2.gcov
  current_dir  /home/afmondra/zephyr-course/app/modules/ring_buf
  root         /home/afmondra/zephyr-course/app/modules/ring_buf
  starting_dir /home/afmondra/zephyr-course
  obj_dir      None
  gcda_fname   ../../../twister-out/native_sim_native/host/homework.unit.ring_buf/zephyr/CMakeFiles/zephyr.dir/lib/os/thread_entry.c.gcda
  --> fname    /home/afmondra/deps/zephyr/lib/os/thread_entry.c
(DEBUG) Check if /home/afmondra/deps/zephyr/lib/os/thread_entry.c is included...
(DEBUG)   No filter matched.
(DEBUG) Finding source file corresponding to a gcov data file
  gcov_fname   /home/afmondra/zephyr-course/app/modules/ring_buf/kernel.h##6b0baf6c49afefbfab07edb7166fdce2.gcov
  current_dir  /home/afmondra/zephyr-course/app/modules/ring_buf
  root         /home/afmondra/zephyr-course/app/modules/ring_buf
  starting_dir /home/afmondra/zephyr-course
  obj_dir      None
  gcda_fname   ../../../twister-out/native_sim_native/host/homework.unit.ring_buf/zephyr/CMakeFiles/zephyr.dir/lib/os/thread_entry.c.gcda
  --> fname    /home/afmondra/deps/zephyr/include/zephyr/kernel.h
(DEBUG) Check if /home/afmondra/deps/zephyr/include/zephyr/kernel.h is included...
(DEBUG)   No filter matched.
(DEBUG) Finding source file corresponding to a gcov data file
  gcov_fname   /home/afmondra/zephyr-course/app/modules/ring_buf/kernel.h##13f2e6a4c33f57e7946f4cdd024701bf.gcov
  current_dir  /home/afmondra/zephyr-course/app/modules/ring_buf
  root         /home/afmondra/zephyr-course/app/modules/ring_buf
  starting_dir /home/afmondra/zephyr-course
  obj_dir      None
  gcda_fname   ../../../twister-out/native_sim_native/host/homework.unit.ring_buf/zephyr/CMakeFiles/zephyr.dir/lib/os/thread_entry.c.gcda
  --> fname    /home/afmondra/zephyr-course/twister-out/native_sim_native/host/homework.unit.ring_buf/zephyr/include/generated/zephyr/syscalls/kernel.h
(DEBUG) Check if /home/afmondra/zephyr-course/twister-out/native_sim_native/host/homework.unit.ring_buf/zephyr/include/generated/zephyr/syscalls/kernel.h is included...
(DEBUG)   No filter matched.
(DEBUG) Processing file: /home/afmondra/zephyr-course/twister-out/native_sim_native/host/homework.unit.ring_buf/zephyr/CMakeFiles/zephyr.dir/lib/utils/bitarray.c.gcda
(DEBUG) Running gcov: 'gcov /home/afmondra/zephyr-course/twister-out/native_sim_native/host/homework.unit.ring_buf/zephyr/CMakeFiles/zephyr.dir/lib/utils/bitarray.c.gcda --branch-counts --branch-probabilities --all-blocks --demangled-names --hash-filenames --object-directory ../../../twister-out/native_sim_native/host/homework.unit.ring_buf/zephyr/CMakeFiles/zephyr.dir/lib/utils' in '/home/afmondra/zephyr-course/app/modules/ring_buf'
(DEBUG) GCOV return code was 0, stdout was:
File '/home/afmondra/deps/zephyr/lib/utils/bitarray.c'
Lines executed:0.00% of 356
Branches executed:0.00% of 210
Taken at least once:0.00% of 210
Calls executed:0.00% of 163
Creating 'bitarray.c##91a50df99d309354579b83daeb292267.gcov'

File '/home/afmondra/deps/zephyr/include/zephyr/spinlock.h'
Lines executed:0.00% of 15
Branches executed:0.00% of 4
Taken at least once:0.00% of 4
Calls executed:0.00% of 17
Creating 'spinlock.h##0907215eaec88fd477ba521e3409787d.gcov'

File '/home/afmondra/deps/zephyr/include/zephyr/arch/posix/arch.h'
Lines executed:0.00% of 5
No branches
Calls executed:0.00% of 2
Creating 'arch.h##eee3095deeb51a158c6bb5ded542fa59.gcov'

File '/home/afmondra/deps/zephyr/include/zephyr/arch/common/ffs.h'
Lines executed:0.00% of 2
No branches
No calls
Creating 'ffs.h##02cb700c2d2989e592aad9863e5709d2.gcov'

Lines executed:0.00% of 378
<<, stderr was:
<<
(DEBUG) Check if bitarray.c##91a50df99d309354579b83daeb292267.gcov is included...
(DEBUG) Check if spinlock.h##0907215eaec88fd477ba521e3409787d.gcov is included...
(DEBUG) Check if arch.h##eee3095deeb51a158c6bb5ded542fa59.gcov is included...
(DEBUG) Check if ffs.h##02cb700c2d2989e592aad9863e5709d2.gcov is included...
(DEBUG) Finding source file corresponding to a gcov data file
  gcov_fname   /home/afmondra/zephyr-course/app/modules/ring_buf/arch.h##eee3095deeb51a158c6bb5ded542fa59.gcov
  current_dir  /home/afmondra/zephyr-course/app/modules/ring_buf
  root         /home/afmondra/zephyr-course/app/modules/ring_buf
  starting_dir /home/afmondra/zephyr-course
  obj_dir      None
  gcda_fname   ../../../twister-out/native_sim_native/host/homework.unit.ring_buf/zephyr/CMakeFiles/zephyr.dir/lib/utils/bitarray.c.gcda
  --> fname    /home/afmondra/deps/zephyr/include/zephyr/arch/posix/arch.h
(DEBUG) Check if /home/afmondra/deps/zephyr/include/zephyr/arch/posix/arch.h is included...
(DEBUG)   No filter matched.
(DEBUG) Finding source file corresponding to a gcov data file
  gcov_fname   /home/afmondra/zephyr-course/app/modules/ring_buf/bitarray.c##91a50df99d309354579b83daeb292267.gcov
  current_dir  /home/afmondra/zephyr-course/app/modules/ring_buf
  root         /home/afmondra/zephyr-course/app/modules/ring_buf
  starting_dir /home/afmondra/zephyr-course
  obj_dir      None
  gcda_fname   ../../../twister-out/native_sim_native/host/homework.unit.ring_buf/zephyr/CMakeFiles/zephyr.dir/lib/utils/bitarray.c.gcda
  --> fname    /home/afmondra/deps/zephyr/lib/utils/bitarray.c
(DEBUG) Check if /home/afmondra/deps/zephyr/lib/utils/bitarray.c is included...
(DEBUG)   No filter matched.
(DEBUG) Finding source file corresponding to a gcov data file
  gcov_fname   /home/afmondra/zephyr-course/app/modules/ring_buf/ffs.h##02cb700c2d2989e592aad9863e5709d2.gcov
  current_dir  /home/afmondra/zephyr-course/app/modules/ring_buf
  root         /home/afmondra/zephyr-course/app/modules/ring_buf
  starting_dir /home/afmondra/zephyr-course
  obj_dir      None
  gcda_fname   ../../../twister-out/native_sim_native/host/homework.unit.ring_buf/zephyr/CMakeFiles/zephyr.dir/lib/utils/bitarray.c.gcda
  --> fname    /home/afmondra/deps/zephyr/include/zephyr/arch/common/ffs.h
(DEBUG) Check if /home/afmondra/deps/zephyr/include/zephyr/arch/common/ffs.h is included...
(DEBUG)   No filter matched.
(DEBUG) Finding source file corresponding to a gcov data file
  gcov_fname   /home/afmondra/zephyr-course/app/modules/ring_buf/spinlock.h##0907215eaec88fd477ba521e3409787d.gcov
  current_dir  /home/afmondra/zephyr-course/app/modules/ring_buf
  root         /home/afmondra/zephyr-course/app/modules/ring_buf
  starting_dir /home/afmondra/zephyr-course
  obj_dir      None
  gcda_fname   ../../../twister-out/native_sim_native/host/homework.unit.ring_buf/zephyr/CMakeFiles/zephyr.dir/lib/utils/bitarray.c.gcda
  --> fname    /home/afmondra/deps/zephyr/include/zephyr/spinlock.h
(DEBUG) Check if /home/afmondra/deps/zephyr/include/zephyr/spinlock.h is included...
(DEBUG)   No filter matched.
(DEBUG) Processing file: /home/afmondra/zephyr-course/twister-out/native_sim_native/host/homework.unit.ring_buf/zephyr/CMakeFiles/zephyr.dir/lib/utils/dec.c.gcda
(DEBUG) Running gcov: 'gcov /home/afmondra/zephyr-course/twister-out/native_sim_native/host/homework.unit.ring_buf/zephyr/CMakeFiles/zephyr.dir/lib/utils/dec.c.gcda --branch-counts --branch-probabilities --all-blocks --demangled-names --hash-filenames --object-directory ../../../twister-out/native_sim_native/host/homework.unit.ring_buf/zephyr/CMakeFiles/zephyr.dir/lib/utils' in '/home/afmondra/zephyr-course/app/modules/ring_buf'
(DEBUG) GCOV return code was 0, stdout was:
File '/home/afmondra/deps/zephyr/lib/utils/dec.c'
Lines executed:0.00% of 15
Branches executed:0.00% of 12
Taken at least once:0.00% of 12
No calls
Creating 'dec.c##73a412463a1245a0a6f09e44896498e0.gcov'

Lines executed:0.00% of 15
<<, stderr was:
<<
(DEBUG) Check if dec.c##73a412463a1245a0a6f09e44896498e0.gcov is included...
(DEBUG) Finding source file corresponding to a gcov data file
  gcov_fname   /home/afmondra/zephyr-course/app/modules/ring_buf/dec.c##73a412463a1245a0a6f09e44896498e0.gcov
  current_dir  /home/afmondra/zephyr-course/app/modules/ring_buf
  root         /home/afmondra/zephyr-course/app/modules/ring_buf
  starting_dir /home/afmondra/zephyr-course
  obj_dir      None
  gcda_fname   ../../../twister-out/native_sim_native/host/homework.unit.ring_buf/zephyr/CMakeFiles/zephyr.dir/lib/utils/dec.c.gcda
  --> fname    /home/afmondra/deps/zephyr/lib/utils/dec.c
(DEBUG) Check if /home/afmondra/deps/zephyr/lib/utils/dec.c is included...
(DEBUG)   No filter matched.
(DEBUG) Processing file: /home/afmondra/zephyr-course/twister-out/native_sim_native/host/homework.unit.ring_buf/zephyr/CMakeFiles/zephyr.dir/lib/utils/hex.c.gcda
(DEBUG) Running gcov: 'gcov /home/afmondra/zephyr-course/twister-out/native_sim_native/host/homework.unit.ring_buf/zephyr/CMakeFiles/zephyr.dir/lib/utils/hex.c.gcda --branch-counts --branch-probabilities --all-blocks --demangled-names --hash-filenames --object-directory ../../../twister-out/native_sim_native/host/homework.unit.ring_buf/zephyr/CMakeFiles/zephyr.dir/lib/utils' in '/home/afmondra/zephyr-course/app/modules/ring_buf'
(DEBUG) GCOV return code was 0, stdout was:
File '/home/afmondra/deps/zephyr/lib/utils/hex.c'
Lines executed:0.00% of 41
Branches executed:0.00% of 32
Taken at least once:0.00% of 32
Calls executed:0.00% of 5
Creating 'hex.c##4a3d74d2ef2c8cfe567cf5e2a834fc69.gcov'

Lines executed:0.00% of 41
<<, stderr was:
<<
(DEBUG) Check if hex.c##4a3d74d2ef2c8cfe567cf5e2a834fc69.gcov is included...
(DEBUG) Finding source file corresponding to a gcov data file
  gcov_fname   /home/afmondra/zephyr-course/app/modules/ring_buf/hex.c##4a3d74d2ef2c8cfe567cf5e2a834fc69.gcov
  current_dir  /home/afmondra/zephyr-course/app/modules/ring_buf
  root         /home/afmondra/zephyr-course/app/modules/ring_buf
  starting_dir /home/afmondra/zephyr-course
  obj_dir      None
  gcda_fname   ../../../twister-out/native_sim_native/host/homework.unit.ring_buf/zephyr/CMakeFiles/zephyr.dir/lib/utils/hex.c.gcda
  --> fname    /home/afmondra/deps/zephyr/lib/utils/hex.c
(DEBUG) Check if /home/afmondra/deps/zephyr/lib/utils/hex.c is included...
(DEBUG)   No filter matched.
(DEBUG) Processing file: /home/afmondra/zephyr-course/twister-out/native_sim_native/host/homework.unit.ring_buf/zephyr/CMakeFiles/zephyr.dir/lib/utils/rb.c.gcda
(DEBUG) Running gcov: 'gcov /home/afmondra/zephyr-course/twister-out/native_sim_native/host/homework.unit.ring_buf/zephyr/CMakeFiles/zephyr.dir/lib/utils/rb.c.gcda --branch-counts --branch-probabilities --all-blocks --demangled-names --hash-filenames --object-directory ../../../twister-out/native_sim_native/host/homework.unit.ring_buf/zephyr/CMakeFiles/zephyr.dir/lib/utils' in '/home/afmondra/zephyr-course/app/modules/ring_buf'
(DEBUG) GCOV return code was 0, stdout was:
File '/home/afmondra/deps/zephyr/lib/utils/rb.c'
Lines executed:0.00% of 240
Branches executed:0.00% of 106
Taken at least once:0.00% of 106
Calls executed:0.00% of 121
Creating 'rb.c##d8567dc07418b8466bb36467afff7a11.gcov'

Lines executed:0.00% of 240
<<, stderr was:
<<
(DEBUG) Check if rb.c##d8567dc07418b8466bb36467afff7a11.gcov is included...
(DEBUG) Finding source file corresponding to a gcov data file
  gcov_fname   /home/afmondra/zephyr-course/app/modules/ring_buf/rb.c##d8567dc07418b8466bb36467afff7a11.gcov
  current_dir  /home/afmondra/zephyr-course/app/modules/ring_buf
  root         /home/afmondra/zephyr-course/app/modules/ring_buf
  starting_dir /home/afmondra/zephyr-course
  obj_dir      None
  gcda_fname   ../../../twister-out/native_sim_native/host/homework.unit.ring_buf/zephyr/CMakeFiles/zephyr.dir/lib/utils/rb.c.gcda
  --> fname    /home/afmondra/deps/zephyr/lib/utils/rb.c
(DEBUG) Check if /home/afmondra/deps/zephyr/lib/utils/rb.c is included...
(DEBUG)   No filter matched.
(DEBUG) Processing file: /home/afmondra/zephyr-course/twister-out/native_sim_native/host/homework.unit.ring_buf/zephyr/CMakeFiles/zephyr.dir/lib/utils/ring_buffer.c.gcda
(DEBUG) Running gcov: 'gcov /home/afmondra/zephyr-course/twister-out/native_sim_native/host/homework.unit.ring_buf/zephyr/CMakeFiles/zephyr.dir/lib/utils/ring_buffer.c.gcda --branch-counts --branch-probabilities --all-blocks --demangled-names --hash-filenames --object-directory ../../../twister-out/native_sim_native/host/homework.unit.ring_buf/zephyr/CMakeFiles/zephyr.dir/lib/utils' in '/home/afmondra/zephyr-course/app/modules/ring_buf'
(DEBUG) GCOV return code was 0, stdout was:
File '/home/afmondra/deps/zephyr/lib/utils/ring_buffer.c'
Lines executed:0.00% of 113
Branches executed:0.00% of 56
Taken at least once:0.00% of 56
Calls executed:0.00% of 51
Creating 'ring_buffer.c##892da59c5a3ff75a7341c7dc1d98d30d.gcov'

File '/home/afmondra/deps/zephyr/include/zephyr/sys/ring_buffer.h'
Lines executed:0.00% of 18
No branches
Calls executed:0.00% of 6
Creating 'ring_buffer.h##80f1a8383da5b8a85ed4c0a79bfacac8.gcov'

Lines executed:0.00% of 131
<<, stderr was:
<<
(DEBUG) Check if ring_buffer.c##892da59c5a3ff75a7341c7dc1d98d30d.gcov is included...
(DEBUG) Check if ring_buffer.h##80f1a8383da5b8a85ed4c0a79bfacac8.gcov is included...
(DEBUG) Finding source file corresponding to a gcov data file
  gcov_fname   /home/afmondra/zephyr-course/app/modules/ring_buf/ring_buffer.h##80f1a8383da5b8a85ed4c0a79bfacac8.gcov
  current_dir  /home/afmondra/zephyr-course/app/modules/ring_buf
  root         /home/afmondra/zephyr-course/app/modules/ring_buf
  starting_dir /home/afmondra/zephyr-course
  obj_dir      None
  gcda_fname   ../../../twister-out/native_sim_native/host/homework.unit.ring_buf/zephyr/CMakeFiles/zephyr.dir/lib/utils/ring_buffer.c.gcda
  --> fname    /home/afmondra/deps/zephyr/include/zephyr/sys/ring_buffer.h
(DEBUG) Check if /home/afmondra/deps/zephyr/include/zephyr/sys/ring_buffer.h is included...
(DEBUG)   No filter matched.
(DEBUG) Finding source file corresponding to a gcov data file
  gcov_fname   /home/afmondra/zephyr-course/app/modules/ring_buf/ring_buffer.c##892da59c5a3ff75a7341c7dc1d98d30d.gcov
  current_dir  /home/afmondra/zephyr-course/app/modules/ring_buf
  root         /home/afmondra/zephyr-course/app/modules/ring_buf
  starting_dir /home/afmondra/zephyr-course
  obj_dir      None
  gcda_fname   ../../../twister-out/native_sim_native/host/homework.unit.ring_buf/zephyr/CMakeFiles/zephyr.dir/lib/utils/ring_buffer.c.gcda
  --> fname    /home/afmondra/deps/zephyr/lib/utils/ring_buffer.c
(DEBUG) Check if /home/afmondra/deps/zephyr/lib/utils/ring_buffer.c is included...
(DEBUG)   No filter matched.
(DEBUG) Processing file: /home/afmondra/zephyr-course/twister-out/native_sim_native/host/homework.unit.ring_buf/zephyr/CMakeFiles/zephyr.dir/lib/utils/timeutil.c.gcda
(DEBUG) Running gcov: 'gcov /home/afmondra/zephyr-course/twister-out/native_sim_native/host/homework.unit.ring_buf/zephyr/CMakeFiles/zephyr.dir/lib/utils/timeutil.c.gcda --branch-counts --branch-probabilities --all-blocks --demangled-names --hash-filenames --object-directory ../../../twister-out/native_sim_native/host/homework.unit.ring_buf/zephyr/CMakeFiles/zephyr.dir/lib/utils' in '/home/afmondra/zephyr-course/app/modules/ring_buf'
(DEBUG) GCOV return code was 0, stdout was:
File '/home/afmondra/deps/zephyr/lib/utils/timeutil.c'
Lines executed:0.00% of 86
Branches executed:0.00% of 48
Taken at least once:0.00% of 48
Calls executed:0.00% of 2
Creating 'timeutil.c##b9a196a5da354c0e3f0ff7c4c146d752.gcov'

Lines executed:0.00% of 86
<<, stderr was:
<<
(DEBUG) Check if timeutil.c##b9a196a5da354c0e3f0ff7c4c146d752.gcov is included...
(DEBUG) Finding source file corresponding to a gcov data file
  gcov_fname   /home/afmondra/zephyr-course/app/modules/ring_buf/timeutil.c##b9a196a5da354c0e3f0ff7c4c146d752.gcov
  current_dir  /home/afmondra/zephyr-course/app/modules/ring_buf
  root         /home/afmondra/zephyr-course/app/modules/ring_buf
  starting_dir /home/afmondra/zephyr-course
  obj_dir      None
  gcda_fname   ../../../twister-out/native_sim_native/host/homework.unit.ring_buf/zephyr/CMakeFiles/zephyr.dir/lib/utils/timeutil.c.gcda
  --> fname    /home/afmondra/deps/zephyr/lib/utils/timeutil.c
(DEBUG) Check if /home/afmondra/deps/zephyr/lib/utils/timeutil.c is included...
(DEBUG)   No filter matched.
(DEBUG) Processing file: /home/afmondra/zephyr-course/twister-out/native_sim_native/host/homework.unit.ring_buf/zephyr/CMakeFiles/zephyr.dir/misc/generated/configs.c.gcda
(DEBUG) Running gcov: 'gcov /home/afmondra/zephyr-course/twister-out/native_sim_native/host/homework.unit.ring_buf/zephyr/CMakeFiles/zephyr.dir/misc/generated/configs.c.gcda --branch-counts --branch-probabilities --all-blocks --demangled-names --hash-filenames --object-directory ../../../twister-out/native_sim_native/host/homework.unit.ring_buf/zephyr/CMakeFiles/zephyr.dir/misc/generated' in '/home/afmondra/zephyr-course/app/modules/ring_buf'
(DEBUG) GCOV return code was 0, stdout was:
File '/home/afmondra/zephyr-course/twister-out/native_sim_native/host/homework.unit.ring_buf/zephyr/misc/generated/configs.c'
Lines executed:0.00% of 249
No branches
Calls executed:0.00% of 247
Creating 'configs.c##a75e03ea69cf40220ec52e4a9957de05.gcov'

Lines executed:0.00% of 249
<<, stderr was:
<<
(DEBUG) Check if configs.c##a75e03ea69cf40220ec52e4a9957de05.gcov is included...
(DEBUG) Finding source file corresponding to a gcov data file
  gcov_fname   /home/afmondra/zephyr-course/app/modules/ring_buf/configs.c##a75e03ea69cf40220ec52e4a9957de05.gcov
  current_dir  /home/afmondra/zephyr-course/app/modules/ring_buf
  root         /home/afmondra/zephyr-course/app/modules/ring_buf
  starting_dir /home/afmondra/zephyr-course
  obj_dir      None
  gcda_fname   ../../../twister-out/native_sim_native/host/homework.unit.ring_buf/zephyr/CMakeFiles/zephyr.dir/misc/generated/configs.c.gcda
  --> fname    /home/afmondra/zephyr-course/twister-out/native_sim_native/host/homework.unit.ring_buf/zephyr/misc/generated/configs.c
(DEBUG) Check if /home/afmondra/zephyr-course/twister-out/native_sim_native/host/homework.unit.ring_buf/zephyr/misc/generated/configs.c is included...
(DEBUG)   No filter matched.
(DEBUG) Processing file: /home/afmondra/zephyr-course/twister-out/native_sim_native/host/homework.unit.ring_buf/zephyr/CMakeFiles/zephyr.dir/subsys/logging/backends/log_backend_native_posix.c.gcda
(DEBUG) Running gcov: 'gcov /home/afmondra/zephyr-course/twister-out/native_sim_native/host/homework.unit.ring_buf/zephyr/CMakeFiles/zephyr.dir/subsys/logging/backends/log_backend_native_posix.c.gcda --branch-counts --branch-probabilities --all-blocks --demangled-names --hash-filenames --object-directory ../../../twister-out/native_sim_native/host/homework.unit.ring_buf/zephyr/CMakeFiles/zephyr.dir/subsys/logging/backends' in '/home/afmondra/zephyr-course/app/modules/ring_buf'
(DEBUG) GCOV return code was 0, stdout was:
File '/home/afmondra/deps/zephyr/subsys/logging/backends/log_backend_native_posix.c'
Lines executed:78.12% of 32
Branches executed:100.00% of 10
Taken at least once:90.00% of 10
Calls executed:85.71% of 7
Creating 'log_backend_native_posix.c##b1723dbd17957c5598d1829ae41d10cf.gcov'

File '/home/afmondra/deps/zephyr/include/zephyr/logging/log_backend_std.h'
Lines executed:100.00% of 5
No branches
No calls
Creating 'log_backend_std.h##5fc1f880c8a0358df04a05a2479a45ab.gcov'

File '/home/afmondra/deps/zephyr/include/zephyr/logging/log_output.h'
Lines executed:72.73% of 11
Branches executed:100.00% of 2
Taken at least once:50.00% of 2
Calls executed:50.00% of 2
Creating 'log_output.h##ac8df7d944a44602a20edd5e942e0b5d.gcov'

Lines executed:79.17% of 48
<<, stderr was:
<<
(DEBUG) Check if log_backend_native_posix.c##b1723dbd17957c5598d1829ae41d10cf.gcov is included...
(DEBUG) Check if log_backend_std.h##5fc1f880c8a0358df04a05a2479a45ab.gcov is included...
(DEBUG) Check if log_output.h##ac8df7d944a44602a20edd5e942e0b5d.gcov is included...
(DEBUG) Finding source file corresponding to a gcov data file
  gcov_fname   /home/afmondra/zephyr-course/app/modules/ring_buf/log_output.h##ac8df7d944a44602a20edd5e942e0b5d.gcov
  current_dir  /home/afmondra/zephyr-course/app/modules/ring_buf
  root         /home/afmondra/zephyr-course/app/modules/ring_buf
  starting_dir /home/afmondra/zephyr-course
  obj_dir      None
  gcda_fname   ../../../twister-out/native_sim_native/host/homework.unit.ring_buf/zephyr/CMakeFiles/zephyr.dir/subsys/logging/backends/log_backend_native_posix.c.gcda
  --> fname    /home/afmondra/deps/zephyr/include/zephyr/logging/log_output.h
(DEBUG) Check if /home/afmondra/deps/zephyr/include/zephyr/logging/log_output.h is included...
(DEBUG)   No filter matched.
(DEBUG) Finding source file corresponding to a gcov data file
  gcov_fname   /home/afmondra/zephyr-course/app/modules/ring_buf/log_backend_native_posix.c##b1723dbd17957c5598d1829ae41d10cf.gcov
  current_dir  /home/afmondra/zephyr-course/app/modules/ring_buf
  root         /home/afmondra/zephyr-course/app/modules/ring_buf
  starting_dir /home/afmondra/zephyr-course
  obj_dir      None
  gcda_fname   ../../../twister-out/native_sim_native/host/homework.unit.ring_buf/zephyr/CMakeFiles/zephyr.dir/subsys/logging/backends/log_backend_native_posix.c.gcda
  --> fname    /home/afmondra/deps/zephyr/subsys/logging/backends/log_backend_native_posix.c
(DEBUG) Check if /home/afmondra/deps/zephyr/subsys/logging/backends/log_backend_native_posix.c is included...
(DEBUG)   No filter matched.
(DEBUG) Finding source file corresponding to a gcov data file
  gcov_fname   /home/afmondra/zephyr-course/app/modules/ring_buf/log_backend_std.h##5fc1f880c8a0358df04a05a2479a45ab.gcov
  current_dir  /home/afmondra/zephyr-course/app/modules/ring_buf
  root         /home/afmondra/zephyr-course/app/modules/ring_buf
  starting_dir /home/afmondra/zephyr-course
  obj_dir      None
  gcda_fname   ../../../twister-out/native_sim_native/host/homework.unit.ring_buf/zephyr/CMakeFiles/zephyr.dir/subsys/logging/backends/log_backend_native_posix.c.gcda
  --> fname    /home/afmondra/deps/zephyr/include/zephyr/logging/log_backend_std.h
(DEBUG) Check if /home/afmondra/deps/zephyr/include/zephyr/logging/log_backend_std.h is included...
(DEBUG)   No filter matched.
(DEBUG) Processing file: /home/afmondra/zephyr-course/twister-out/native_sim_native/host/homework.unit.ring_buf/zephyr/CMakeFiles/zephyr.dir/subsys/logging/log_cache.c.gcda
(DEBUG) Running gcov: 'gcov /home/afmondra/zephyr-course/twister-out/native_sim_native/host/homework.unit.ring_buf/zephyr/CMakeFiles/zephyr.dir/subsys/logging/log_cache.c.gcda --branch-counts --branch-probabilities --all-blocks --demangled-names --hash-filenames --object-directory ../../../twister-out/native_sim_native/host/homework.unit.ring_buf/zephyr/CMakeFiles/zephyr.dir/subsys/logging' in '/home/afmondra/zephyr-course/app/modules/ring_buf'
(DEBUG) GCOV return code was 0, stdout was:
File '/home/afmondra/deps/zephyr/subsys/logging/log_cache.c'
Lines executed:0.00% of 46
Branches executed:0.00% of 20
Taken at least once:0.00% of 20
Calls executed:0.00% of 15
Creating 'log_cache.c##e9a5b358968b40cf4ab6a2a0ac381c03.gcov'

File '/home/afmondra/deps/zephyr/include/zephyr/sys/slist.h'
Lines executed:0.00% of 27
Branches executed:0.00% of 16
Taken at least once:0.00% of 16
Calls executed:0.00% of 34
Creating 'slist.h##51ca74fb21b66782a830f7008bf83ae6.gcov'

Lines executed:0.00% of 73
<<, stderr was:
<<
(DEBUG) Check if log_cache.c##e9a5b358968b40cf4ab6a2a0ac381c03.gcov is included...
(DEBUG) Check if slist.h##51ca74fb21b66782a830f7008bf83ae6.gcov is included...
(DEBUG) Finding source file corresponding to a gcov data file
  gcov_fname   /home/afmondra/zephyr-course/app/modules/ring_buf/slist.h##51ca74fb21b66782a830f7008bf83ae6.gcov
  current_dir  /home/afmondra/zephyr-course/app/modules/ring_buf
  root         /home/afmondra/zephyr-course/app/modules/ring_buf
  starting_dir /home/afmondra/zephyr-course
  obj_dir      None
  gcda_fname   ../../../twister-out/native_sim_native/host/homework.unit.ring_buf/zephyr/CMakeFiles/zephyr.dir/subsys/logging/log_cache.c.gcda
  --> fname    /home/afmondra/deps/zephyr/include/zephyr/sys/slist.h
(DEBUG) Check if /home/afmondra/deps/zephyr/include/zephyr/sys/slist.h is included...
(DEBUG)   No filter matched.
(DEBUG) Finding source file corresponding to a gcov data file
  gcov_fname   /home/afmondra/zephyr-course/app/modules/ring_buf/log_cache.c##e9a5b358968b40cf4ab6a2a0ac381c03.gcov
  current_dir  /home/afmondra/zephyr-course/app/modules/ring_buf
  root         /home/afmondra/zephyr-course/app/modules/ring_buf
  starting_dir /home/afmondra/zephyr-course
  obj_dir      None
  gcda_fname   ../../../twister-out/native_sim_native/host/homework.unit.ring_buf/zephyr/CMakeFiles/zephyr.dir/subsys/logging/log_cache.c.gcda
  --> fname    /home/afmondra/deps/zephyr/subsys/logging/log_cache.c
(DEBUG) Check if /home/afmondra/deps/zephyr/subsys/logging/log_cache.c is included...
(DEBUG)   No filter matched.
(DEBUG) Processing file: /home/afmondra/zephyr-course/twister-out/native_sim_native/host/homework.unit.ring_buf/zephyr/CMakeFiles/zephyr.dir/subsys/logging/log_core.c.gcda
(DEBUG) Running gcov: 'gcov /home/afmondra/zephyr-course/twister-out/native_sim_native/host/homework.unit.ring_buf/zephyr/CMakeFiles/zephyr.dir/subsys/logging/log_core.c.gcda --branch-counts --branch-probabilities --all-blocks --demangled-names --hash-filenames --object-directory ../../../twister-out/native_sim_native/host/homework.unit.ring_buf/zephyr/CMakeFiles/zephyr.dir/subsys/logging' in '/home/afmondra/zephyr-course/app/modules/ring_buf'
(DEBUG) GCOV return code was 0, stdout was:
File '/home/afmondra/deps/zephyr/subsys/logging/log_core.c'
Lines executed:29.05% of 241
Branches executed:33.93% of 112
Taken at least once:21.43% of 112
Calls executed:17.74% of 124
Creating 'log_core.c##567d33d06bb5b091af6b074936da912d.gcov'

File '/home/afmondra/zephyr-course/twister-out/native_sim_native/host/homework.unit.ring_buf/zephyr/include/generated/zephyr/syscalls/log_ctrl.h'
Lines executed:0.00% of 3
No branches
Calls executed:0.00% of 2
Creating 'log_ctrl.h##8befabee49c2404b5c100c5517bc0db3.gcov'

File '/home/afmondra/deps/zephyr/include/zephyr/logging/log_backend.h'
Lines executed:58.49% of 53
Branches executed:52.94% of 34
Taken at least once:26.47% of 34
Calls executed:4.44% of 45
Creating 'log_backend.h##fbf4fab3999fe84dd63c0ed5d25c7ec5.gcov'

File '/home/afmondra/zephyr-course/twister-out/native_sim_native/host/homework.unit.ring_buf/zephyr/include/generated/zephyr/syscalls/kernel.h'
Lines executed:0.00% of 20
No branches
Calls executed:0.00% of 12
Creating 'kernel.h##13f2e6a4c33f57e7946f4cdd024701bf.gcov'

File '/home/afmondra/deps/zephyr/include/zephyr/kernel.h'
Lines executed:20.00% of 10
No branches
Calls executed:25.00% of 4
Creating 'kernel.h##6b0baf6c49afefbfab07edb7166fdce2.gcov'

File '/home/afmondra/deps/zephyr/include/zephyr/spinlock.h'
Lines executed:0.00% of 15
Branches executed:0.00% of 4
Taken at least once:0.00% of 4
Calls executed:0.00% of 17
Creating 'spinlock.h##0907215eaec88fd477ba521e3409787d.gcov'

File '/home/afmondra/deps/zephyr/include/zephyr/logging/log_msg.h'
Lines executed:22.22% of 9
No branches
Calls executed:0.00% of 1
Creating 'log_msg.h##79b8d5e6c50f02645efdf4e980ac5492.gcov'

File '/home/afmondra/deps/zephyr/include/zephyr/arch/posix/arch.h'
Lines executed:28.57% of 7
No branches
Calls executed:33.33% of 3
Creating 'arch.h##eee3095deeb51a158c6bb5ded542fa59.gcov'

File '/home/afmondra/deps/zephyr/include/zephyr/sys/atomic_builtin.h'
Lines executed:40.00% of 10
No branches
Calls executed:50.00% of 2
Creating 'atomic_builtin.h##5a1afcde079e82d74743a534723e9a69.gcov'

Lines executed:30.16% of 368
<<, stderr was:
<<
(DEBUG) Check if log_core.c##567d33d06bb5b091af6b074936da912d.gcov is included...
(DEBUG) Check if log_ctrl.h##8befabee49c2404b5c100c5517bc0db3.gcov is included...
(DEBUG) Check if log_backend.h##fbf4fab3999fe84dd63c0ed5d25c7ec5.gcov is included...
(DEBUG) Check if kernel.h##13f2e6a4c33f57e7946f4cdd024701bf.gcov is included...
(DEBUG) Check if kernel.h##6b0baf6c49afefbfab07edb7166fdce2.gcov is included...
(DEBUG) Check if spinlock.h##0907215eaec88fd477ba521e3409787d.gcov is included...
(DEBUG) Check if log_msg.h##79b8d5e6c50f02645efdf4e980ac5492.gcov is included...
(DEBUG) Check if arch.h##eee3095deeb51a158c6bb5ded542fa59.gcov is included...
(DEBUG) Check if atomic_builtin.h##5a1afcde079e82d74743a534723e9a69.gcov is included...
(DEBUG) Finding source file corresponding to a gcov data file
  gcov_fname   /home/afmondra/zephyr-course/app/modules/ring_buf/atomic_builtin.h##5a1afcde079e82d74743a534723e9a69.gcov
  current_dir  /home/afmondra/zephyr-course/app/modules/ring_buf
  root         /home/afmondra/zephyr-course/app/modules/ring_buf
  starting_dir /home/afmondra/zephyr-course
  obj_dir      None
  gcda_fname   ../../../twister-out/native_sim_native/host/homework.unit.ring_buf/zephyr/CMakeFiles/zephyr.dir/subsys/logging/log_core.c.gcda
  --> fname    /home/afmondra/deps/zephyr/include/zephyr/sys/atomic_builtin.h
(DEBUG) Check if /home/afmondra/deps/zephyr/include/zephyr/sys/atomic_builtin.h is included...
(DEBUG)   No filter matched.
(DEBUG) Finding source file corresponding to a gcov data file
  gcov_fname   /home/afmondra/zephyr-course/app/modules/ring_buf/log_core.c##567d33d06bb5b091af6b074936da912d.gcov
  current_dir  /home/afmondra/zephyr-course/app/modules/ring_buf
  root         /home/afmondra/zephyr-course/app/modules/ring_buf
  starting_dir /home/afmondra/zephyr-course
  obj_dir      None
  gcda_fname   ../../../twister-out/native_sim_native/host/homework.unit.ring_buf/zephyr/CMakeFiles/zephyr.dir/subsys/logging/log_core.c.gcda
  --> fname    /home/afmondra/deps/zephyr/subsys/logging/log_core.c
(DEBUG) Check if /home/afmondra/deps/zephyr/subsys/logging/log_core.c is included...
(DEBUG)   No filter matched.
(DEBUG) Finding source file corresponding to a gcov data file
  gcov_fname   /home/afmondra/zephyr-course/app/modules/ring_buf/log_msg.h##79b8d5e6c50f02645efdf4e980ac5492.gcov
  current_dir  /home/afmondra/zephyr-course/app/modules/ring_buf
  root         /home/afmondra/zephyr-course/app/modules/ring_buf
  starting_dir /home/afmondra/zephyr-course
  obj_dir      None
  gcda_fname   ../../../twister-out/native_sim_native/host/homework.unit.ring_buf/zephyr/CMakeFiles/zephyr.dir/subsys/logging/log_core.c.gcda
  --> fname    /home/afmondra/deps/zephyr/include/zephyr/logging/log_msg.h
(DEBUG) Check if /home/afmondra/deps/zephyr/include/zephyr/logging/log_msg.h is included...
(DEBUG)   No filter matched.
(DEBUG) Finding source file corresponding to a gcov data file
  gcov_fname   /home/afmondra/zephyr-course/app/modules/ring_buf/spinlock.h##0907215eaec88fd477ba521e3409787d.gcov
  current_dir  /home/afmondra/zephyr-course/app/modules/ring_buf
  root         /home/afmondra/zephyr-course/app/modules/ring_buf
  starting_dir /home/afmondra/zephyr-course
  obj_dir      None
  gcda_fname   ../../../twister-out/native_sim_native/host/homework.unit.ring_buf/zephyr/CMakeFiles/zephyr.dir/subsys/logging/log_core.c.gcda
  --> fname    /home/afmondra/deps/zephyr/include/zephyr/spinlock.h
(DEBUG) Check if /home/afmondra/deps/zephyr/include/zephyr/spinlock.h is included...
(DEBUG)   No filter matched.
(DEBUG) Finding source file corresponding to a gcov data file
  gcov_fname   /home/afmondra/zephyr-course/app/modules/ring_buf/kernel.h##6b0baf6c49afefbfab07edb7166fdce2.gcov
  current_dir  /home/afmondra/zephyr-course/app/modules/ring_buf
  root         /home/afmondra/zephyr-course/app/modules/ring_buf
  starting_dir /home/afmondra/zephyr-course
  obj_dir      None
  gcda_fname   ../../../twister-out/native_sim_native/host/homework.unit.ring_buf/zephyr/CMakeFiles/zephyr.dir/subsys/logging/log_core.c.gcda
  --> fname    /home/afmondra/deps/zephyr/include/zephyr/kernel.h
(DEBUG) Check if /home/afmondra/deps/zephyr/include/zephyr/kernel.h is included...
(DEBUG)   No filter matched.
(DEBUG) Finding source file corresponding to a gcov data file
  gcov_fname   /home/afmondra/zephyr-course/app/modules/ring_buf/arch.h##eee3095deeb51a158c6bb5ded542fa59.gcov
  current_dir  /home/afmondra/zephyr-course/app/modules/ring_buf
  root         /home/afmondra/zephyr-course/app/modules/ring_buf
  starting_dir /home/afmondra/zephyr-course
  obj_dir      None
  gcda_fname   ../../../twister-out/native_sim_native/host/homework.unit.ring_buf/zephyr/CMakeFiles/zephyr.dir/subsys/logging/log_core.c.gcda
  --> fname    /home/afmondra/deps/zephyr/include/zephyr/arch/posix/arch.h
(DEBUG) Check if /home/afmondra/deps/zephyr/include/zephyr/arch/posix/arch.h is included...
(DEBUG)   No filter matched.
(DEBUG) Finding source file corresponding to a gcov data file
  gcov_fname   /home/afmondra/zephyr-course/app/modules/ring_buf/log_ctrl.h##8befabee49c2404b5c100c5517bc0db3.gcov
  current_dir  /home/afmondra/zephyr-course/app/modules/ring_buf
  root         /home/afmondra/zephyr-course/app/modules/ring_buf
  starting_dir /home/afmondra/zephyr-course
  obj_dir      None
  gcda_fname   ../../../twister-out/native_sim_native/host/homework.unit.ring_buf/zephyr/CMakeFiles/zephyr.dir/subsys/logging/log_core.c.gcda
  --> fname    /home/afmondra/zephyr-course/twister-out/native_sim_native/host/homework.unit.ring_buf/zephyr/include/generated/zephyr/syscalls/log_ctrl.h
(DEBUG) Check if /home/afmondra/zephyr-course/twister-out/native_sim_native/host/homework.unit.ring_buf/zephyr/include/generated/zephyr/syscalls/log_ctrl.h is included...
(DEBUG)   No filter matched.
(DEBUG) Finding source file corresponding to a gcov data file
  gcov_fname   /home/afmondra/zephyr-course/app/modules/ring_buf/kernel.h##13f2e6a4c33f57e7946f4cdd024701bf.gcov
  current_dir  /home/afmondra/zephyr-course/app/modules/ring_buf
  root         /home/afmondra/zephyr-course/app/modules/ring_buf
  starting_dir /home/afmondra/zephyr-course
  obj_dir      None
  gcda_fname   ../../../twister-out/native_sim_native/host/homework.unit.ring_buf/zephyr/CMakeFiles/zephyr.dir/subsys/logging/log_core.c.gcda
  --> fname    /home/afmondra/zephyr-course/twister-out/native_sim_native/host/homework.unit.ring_buf/zephyr/include/generated/zephyr/syscalls/kernel.h
(DEBUG) Check if /home/afmondra/zephyr-course/twister-out/native_sim_native/host/homework.unit.ring_buf/zephyr/include/generated/zephyr/syscalls/kernel.h is included...
(DEBUG)   No filter matched.
(DEBUG) Finding source file corresponding to a gcov data file
  gcov_fname   /home/afmondra/zephyr-course/app/modules/ring_buf/log_backend.h##fbf4fab3999fe84dd63c0ed5d25c7ec5.gcov
  current_dir  /home/afmondra/zephyr-course/app/modules/ring_buf
  root         /home/afmondra/zephyr-course/app/modules/ring_buf
  starting_dir /home/afmondra/zephyr-course
  obj_dir      None
  gcda_fname   ../../../twister-out/native_sim_native/host/homework.unit.ring_buf/zephyr/CMakeFiles/zephyr.dir/subsys/logging/log_core.c.gcda
  --> fname    /home/afmondra/deps/zephyr/include/zephyr/logging/log_backend.h
(DEBUG) Check if /home/afmondra/deps/zephyr/include/zephyr/logging/log_backend.h is included...
(DEBUG)   No filter matched.
(DEBUG) Processing file: /home/afmondra/zephyr-course/twister-out/native_sim_native/host/homework.unit.ring_buf/zephyr/CMakeFiles/zephyr.dir/subsys/logging/log_mgmt.c.gcda
(DEBUG) Running gcov: 'gcov /home/afmondra/zephyr-course/twister-out/native_sim_native/host/homework.unit.ring_buf/zephyr/CMakeFiles/zephyr.dir/subsys/logging/log_mgmt.c.gcda --branch-counts --branch-probabilities --all-blocks --demangled-names --hash-filenames --object-directory ../../../twister-out/native_sim_native/host/homework.unit.ring_buf/zephyr/CMakeFiles/zephyr.dir/subsys/logging' in '/home/afmondra/zephyr-course/app/modules/ring_buf'
(DEBUG) GCOV return code was 0, stdout was:
File '/home/afmondra/deps/zephyr/subsys/logging/log_mgmt.c'
Lines executed:8.62% of 174
Branches executed:6.12% of 98
Taken at least once:3.06% of 98
Calls executed:5.69% of 123
Creating 'log_mgmt.c##0b8765d4cbb4b1ef5770228cc5a135b8.gcov'

File '/home/afmondra/deps/zephyr/include/zephyr/logging/log_link.h'
Lines executed:0.00% of 25
Branches executed:0.00% of 20
Taken at least once:0.00% of 20
Calls executed:0.00% of 41
Creating 'log_link.h##9f17e84d57b8a6dde4a9dbb5bb8b5066.gcov'

File '/home/afmondra/zephyr-course/twister-out/native_sim_native/host/homework.unit.ring_buf/zephyr/include/generated/zephyr/syscalls/log_ctrl.h'
Lines executed:0.00% of 3
No branches
Calls executed:0.00% of 2
Creating 'log_ctrl.h##8befabee49c2404b5c100c5517bc0db3.gcov'

File '/home/afmondra/deps/zephyr/include/zephyr/logging/log_backend.h'
Lines executed:33.33% of 15
Branches executed:25.00% of 8
Taken at least once:12.50% of 8
Calls executed:0.00% of 16
Creating 'log_backend.h##fbf4fab3999fe84dd63c0ed5d25c7ec5.gcov'

File '/home/afmondra/deps/zephyr/include/zephyr/logging/log_internal.h'
Lines executed:66.67% of 6
No branches
Calls executed:100.00% of 1
Creating 'log_internal.h##4dc47fcad645e625ac51a5b3ba0538f8.gcov'

File '/home/afmondra/deps/zephyr/include/zephyr/logging/log_core.h'
Lines executed:100.00% of 2
No branches
No calls
Creating 'log_core.h##eafcd9b0f17405e72ae89238c087d516.gcov'

Lines executed:11.56% of 225
<<, stderr was:
<<
(DEBUG) Check if log_mgmt.c##0b8765d4cbb4b1ef5770228cc5a135b8.gcov is included...
(DEBUG) Check if log_link.h##9f17e84d57b8a6dde4a9dbb5bb8b5066.gcov is included...
(DEBUG) Check if log_ctrl.h##8befabee49c2404b5c100c5517bc0db3.gcov is included...
(DEBUG) Check if log_backend.h##fbf4fab3999fe84dd63c0ed5d25c7ec5.gcov is included...
(DEBUG) Check if log_internal.h##4dc47fcad645e625ac51a5b3ba0538f8.gcov is included...
(DEBUG) Check if log_core.h##eafcd9b0f17405e72ae89238c087d516.gcov is included...
(DEBUG) Finding source file corresponding to a gcov data file
  gcov_fname   /home/afmondra/zephyr-course/app/modules/ring_buf/log_internal.h##4dc47fcad645e625ac51a5b3ba0538f8.gcov
  current_dir  /home/afmondra/zephyr-course/app/modules/ring_buf
  root         /home/afmondra/zephyr-course/app/modules/ring_buf
  starting_dir /home/afmondra/zephyr-course
  obj_dir      None
  gcda_fname   ../../../twister-out/native_sim_native/host/homework.unit.ring_buf/zephyr/CMakeFiles/zephyr.dir/subsys/logging/log_mgmt.c.gcda
  --> fname    /home/afmondra/deps/zephyr/include/zephyr/logging/log_internal.h
(DEBUG) Check if /home/afmondra/deps/zephyr/include/zephyr/logging/log_internal.h is included...
(DEBUG)   No filter matched.
(DEBUG) Finding source file corresponding to a gcov data file
  gcov_fname   /home/afmondra/zephyr-course/app/modules/ring_buf/log_link.h##9f17e84d57b8a6dde4a9dbb5bb8b5066.gcov
  current_dir  /home/afmondra/zephyr-course/app/modules/ring_buf
  root         /home/afmondra/zephyr-course/app/modules/ring_buf
  starting_dir /home/afmondra/zephyr-course
  obj_dir      None
  gcda_fname   ../../../twister-out/native_sim_native/host/homework.unit.ring_buf/zephyr/CMakeFiles/zephyr.dir/subsys/logging/log_mgmt.c.gcda
  --> fname    /home/afmondra/deps/zephyr/include/zephyr/logging/log_link.h
(DEBUG) Check if /home/afmondra/deps/zephyr/include/zephyr/logging/log_link.h is included...
(DEBUG)   No filter matched.
(DEBUG) Finding source file corresponding to a gcov data file
  gcov_fname   /home/afmondra/zephyr-course/app/modules/ring_buf/log_ctrl.h##8befabee49c2404b5c100c5517bc0db3.gcov
  current_dir  /home/afmondra/zephyr-course/app/modules/ring_buf
  root         /home/afmondra/zephyr-course/app/modules/ring_buf
  starting_dir /home/afmondra/zephyr-course
  obj_dir      None
  gcda_fname   ../../../twister-out/native_sim_native/host/homework.unit.ring_buf/zephyr/CMakeFiles/zephyr.dir/subsys/logging/log_mgmt.c.gcda
  --> fname    /home/afmondra/zephyr-course/twister-out/native_sim_native/host/homework.unit.ring_buf/zephyr/include/generated/zephyr/syscalls/log_ctrl.h
(DEBUG) Check if /home/afmondra/zephyr-course/twister-out/native_sim_native/host/homework.unit.ring_buf/zephyr/include/generated/zephyr/syscalls/log_ctrl.h is included...
(DEBUG)   No filter matched.
(DEBUG) Finding source file corresponding to a gcov data file
  gcov_fname   /home/afmondra/zephyr-course/app/modules/ring_buf/log_backend.h##fbf4fab3999fe84dd63c0ed5d25c7ec5.gcov
  current_dir  /home/afmondra/zephyr-course/app/modules/ring_buf
  root         /home/afmondra/zephyr-course/app/modules/ring_buf
  starting_dir /home/afmondra/zephyr-course
  obj_dir      None
  gcda_fname   ../../../twister-out/native_sim_native/host/homework.unit.ring_buf/zephyr/CMakeFiles/zephyr.dir/subsys/logging/log_mgmt.c.gcda
  --> fname    /home/afmondra/deps/zephyr/include/zephyr/logging/log_backend.h
(DEBUG) Check if /home/afmondra/deps/zephyr/include/zephyr/logging/log_backend.h is included...
(DEBUG)   No filter matched.
(DEBUG) Finding source file corresponding to a gcov data file
  gcov_fname   /home/afmondra/zephyr-course/app/modules/ring_buf/log_mgmt.c##0b8765d4cbb4b1ef5770228cc5a135b8.gcov
  current_dir  /home/afmondra/zephyr-course/app/modules/ring_buf
  root         /home/afmondra/zephyr-course/app/modules/ring_buf
  starting_dir /home/afmondra/zephyr-course
  obj_dir      None
  gcda_fname   ../../../twister-out/native_sim_native/host/homework.unit.ring_buf/zephyr/CMakeFiles/zephyr.dir/subsys/logging/log_mgmt.c.gcda
  --> fname    /home/afmondra/deps/zephyr/subsys/logging/log_mgmt.c
(DEBUG) Check if /home/afmondra/deps/zephyr/subsys/logging/log_mgmt.c is included...
(DEBUG)   No filter matched.
(DEBUG) Finding source file corresponding to a gcov data file
  gcov_fname   /home/afmondra/zephyr-course/app/modules/ring_buf/log_core.h##eafcd9b0f17405e72ae89238c087d516.gcov
  current_dir  /home/afmondra/zephyr-course/app/modules/ring_buf
  root         /home/afmondra/zephyr-course/app/modules/ring_buf
  starting_dir /home/afmondra/zephyr-course
  obj_dir      None
  gcda_fname   ../../../twister-out/native_sim_native/host/homework.unit.ring_buf/zephyr/CMakeFiles/zephyr.dir/subsys/logging/log_mgmt.c.gcda
  --> fname    /home/afmondra/deps/zephyr/include/zephyr/logging/log_core.h
(DEBUG) Check if /home/afmondra/deps/zephyr/include/zephyr/logging/log_core.h is included...
(DEBUG)   No filter matched.
(DEBUG) Processing file: /home/afmondra/zephyr-course/twister-out/native_sim_native/host/homework.unit.ring_buf/zephyr/CMakeFiles/zephyr.dir/subsys/logging/log_msg.c.gcda
(DEBUG) Running gcov: 'gcov /home/afmondra/zephyr-course/twister-out/native_sim_native/host/homework.unit.ring_buf/zephyr/CMakeFiles/zephyr.dir/subsys/logging/log_msg.c.gcda --branch-counts --branch-probabilities --all-blocks --demangled-names --hash-filenames --object-directory ../../../twister-out/native_sim_native/host/homework.unit.ring_buf/zephyr/CMakeFiles/zephyr.dir/subsys/logging' in '/home/afmondra/zephyr-course/app/modules/ring_buf'
(DEBUG) GCOV return code was 0, stdout was:
File '/home/afmondra/deps/zephyr/subsys/logging/log_msg.c'
Lines executed:34.62% of 78
Branches executed:50.00% of 40
Taken at least once:27.50% of 40
Calls executed:22.22% of 36
Creating 'log_msg.c##e369016869e95819e6846077e2c11c76.gcov'

File '/home/afmondra/deps/zephyr/include/zephyr/logging/log_internal.h'
Lines executed:100.00% of 2
No branches
No calls
Creating 'log_internal.h##4dc47fcad645e625ac51a5b3ba0538f8.gcov'

File '/home/afmondra/deps/zephyr/include/zephyr/logging/log_core.h'
Lines executed:100.00% of 4
No branches
Calls executed:100.00% of 1
Creating 'log_core.h##eafcd9b0f17405e72ae89238c087d516.gcov'

File '/home/afmondra/deps/zephyr/include/zephyr/logging/log_msg.h'
Lines executed:36.36% of 11
No branches
Calls executed:0.00% of 1
Creating 'log_msg.h##79b8d5e6c50f02645efdf4e980ac5492.gcov'

File '/home/afmondra/deps/zephyr/include/zephyr/sys/cbprintf.h'
Lines executed:0.00% of 12
Branches executed:0.00% of 6
Taken at least once:0.00% of 6
Calls executed:0.00% of 1
Creating 'cbprintf.h##6402aeb47d2652c3cb4e31c4b006bbe5.gcov'

Lines executed:34.58% of 107
<<, stderr was:
<<
(DEBUG) Check if log_msg.c##e369016869e95819e6846077e2c11c76.gcov is included...
(DEBUG) Check if log_internal.h##4dc47fcad645e625ac51a5b3ba0538f8.gcov is included...
(DEBUG) Check if log_core.h##eafcd9b0f17405e72ae89238c087d516.gcov is included...
(DEBUG) Check if log_msg.h##79b8d5e6c50f02645efdf4e980ac5492.gcov is included...
(DEBUG) Check if cbprintf.h##6402aeb47d2652c3cb4e31c4b006bbe5.gcov is included...
(DEBUG) Finding source file corresponding to a gcov data file
  gcov_fname   /home/afmondra/zephyr-course/app/modules/ring_buf/cbprintf.h##6402aeb47d2652c3cb4e31c4b006bbe5.gcov
  current_dir  /home/afmondra/zephyr-course/app/modules/ring_buf
  root         /home/afmondra/zephyr-course/app/modules/ring_buf
  starting_dir /home/afmondra/zephyr-course
  obj_dir      None
  gcda_fname   ../../../twister-out/native_sim_native/host/homework.unit.ring_buf/zephyr/CMakeFiles/zephyr.dir/subsys/logging/log_msg.c.gcda
  --> fname    /home/afmondra/deps/zephyr/include/zephyr/sys/cbprintf.h
(DEBUG) Check if /home/afmondra/deps/zephyr/include/zephyr/sys/cbprintf.h is included...
(DEBUG)   No filter matched.
(DEBUG) Finding source file corresponding to a gcov data file
  gcov_fname   /home/afmondra/zephyr-course/app/modules/ring_buf/log_msg.h##79b8d5e6c50f02645efdf4e980ac5492.gcov
  current_dir  /home/afmondra/zephyr-course/app/modules/ring_buf
  root         /home/afmondra/zephyr-course/app/modules/ring_buf
  starting_dir /home/afmondra/zephyr-course
  obj_dir      None
  gcda_fname   ../../../twister-out/native_sim_native/host/homework.unit.ring_buf/zephyr/CMakeFiles/zephyr.dir/subsys/logging/log_msg.c.gcda
  --> fname    /home/afmondra/deps/zephyr/include/zephyr/logging/log_msg.h
(DEBUG) Check if /home/afmondra/deps/zephyr/include/zephyr/logging/log_msg.h is included...
(DEBUG)   No filter matched.
(DEBUG) Finding source file corresponding to a gcov data file
  gcov_fname   /home/afmondra/zephyr-course/app/modules/ring_buf/log_internal.h##4dc47fcad645e625ac51a5b3ba0538f8.gcov
  current_dir  /home/afmondra/zephyr-course/app/modules/ring_buf
  root         /home/afmondra/zephyr-course/app/modules/ring_buf
  starting_dir /home/afmondra/zephyr-course
  obj_dir      None
  gcda_fname   ../../../twister-out/native_sim_native/host/homework.unit.ring_buf/zephyr/CMakeFiles/zephyr.dir/subsys/logging/log_msg.c.gcda
  --> fname    /home/afmondra/deps/zephyr/include/zephyr/logging/log_internal.h
(DEBUG) Check if /home/afmondra/deps/zephyr/include/zephyr/logging/log_internal.h is included...
(DEBUG)   No filter matched.
(DEBUG) Finding source file corresponding to a gcov data file
  gcov_fname   /home/afmondra/zephyr-course/app/modules/ring_buf/log_msg.c##e369016869e95819e6846077e2c11c76.gcov
  current_dir  /home/afmondra/zephyr-course/app/modules/ring_buf
  root         /home/afmondra/zephyr-course/app/modules/ring_buf
  starting_dir /home/afmondra/zephyr-course
  obj_dir      None
  gcda_fname   ../../../twister-out/native_sim_native/host/homework.unit.ring_buf/zephyr/CMakeFiles/zephyr.dir/subsys/logging/log_msg.c.gcda
  --> fname    /home/afmondra/deps/zephyr/subsys/logging/log_msg.c
(DEBUG) Check if /home/afmondra/deps/zephyr/subsys/logging/log_msg.c is included...
(DEBUG)   No filter matched.
(DEBUG) Finding source file corresponding to a gcov data file
  gcov_fname   /home/afmondra/zephyr-course/app/modules/ring_buf/log_core.h##eafcd9b0f17405e72ae89238c087d516.gcov
  current_dir  /home/afmondra/zephyr-course/app/modules/ring_buf
  root         /home/afmondra/zephyr-course/app/modules/ring_buf
  starting_dir /home/afmondra/zephyr-course
  obj_dir      None
  gcda_fname   ../../../twister-out/native_sim_native/host/homework.unit.ring_buf/zephyr/CMakeFiles/zephyr.dir/subsys/logging/log_msg.c.gcda
  --> fname    /home/afmondra/deps/zephyr/include/zephyr/logging/log_core.h
(DEBUG) Check if /home/afmondra/deps/zephyr/include/zephyr/logging/log_core.h is included...
(DEBUG)   No filter matched.
(DEBUG) Processing file: /home/afmondra/zephyr-course/twister-out/native_sim_native/host/homework.unit.ring_buf/zephyr/CMakeFiles/zephyr.dir/subsys/logging/log_output.c.gcda
(DEBUG) Running gcov: 'gcov /home/afmondra/zephyr-course/twister-out/native_sim_native/host/homework.unit.ring_buf/zephyr/CMakeFiles/zephyr.dir/subsys/logging/log_output.c.gcda --branch-counts --branch-probabilities --all-blocks --demangled-names --hash-filenames --object-directory ../../../twister-out/native_sim_native/host/homework.unit.ring_buf/zephyr/CMakeFiles/zephyr.dir/subsys/logging' in '/home/afmondra/zephyr-course/app/modules/ring_buf'
(DEBUG) GCOV return code was 0, stdout was:
File '/home/afmondra/deps/zephyr/subsys/logging/log_output.c'
Lines executed:55.73% of 192
Branches executed:56.82% of 88
Taken at least once:34.09% of 88
Calls executed:46.88% of 64
Creating 'log_output.c##652208d83e49dfb9a74f668cb60a56ee.gcov'

File '/home/afmondra/deps/zephyr/include/zephyr/logging/log_output.h'
Lines executed:72.73% of 11
Branches executed:100.00% of 2
Taken at least once:50.00% of 2
Calls executed:50.00% of 2
Creating 'log_output.h##ac8df7d944a44602a20edd5e942e0b5d.gcov'

File '/home/afmondra/deps/zephyr/include/zephyr/logging/log_msg.h'
Lines executed:100.00% of 14
No branches
No calls
Creating 'log_msg.h##79b8d5e6c50f02645efdf4e980ac5492.gcov'

File '/home/afmondra/deps/zephyr/include/zephyr/sys/cbprintf.h'
Lines executed:100.00% of 4
No branches
Calls executed:100.00% of 2
Creating 'cbprintf.h##6402aeb47d2652c3cb4e31c4b006bbe5.gcov'

Lines executed:60.18% of 221
<<, stderr was:
<<
(DEBUG) Check if log_output.c##652208d83e49dfb9a74f668cb60a56ee.gcov is included...
(DEBUG) Check if log_output.h##ac8df7d944a44602a20edd5e942e0b5d.gcov is included...
(DEBUG) Check if log_msg.h##79b8d5e6c50f02645efdf4e980ac5492.gcov is included...
(DEBUG) Check if cbprintf.h##6402aeb47d2652c3cb4e31c4b006bbe5.gcov is included...
(DEBUG) Finding source file corresponding to a gcov data file
  gcov_fname   /home/afmondra/zephyr-course/app/modules/ring_buf/log_output.h##ac8df7d944a44602a20edd5e942e0b5d.gcov
  current_dir  /home/afmondra/zephyr-course/app/modules/ring_buf
  root         /home/afmondra/zephyr-course/app/modules/ring_buf
  starting_dir /home/afmondra/zephyr-course
  obj_dir      None
  gcda_fname   ../../../twister-out/native_sim_native/host/homework.unit.ring_buf/zephyr/CMakeFiles/zephyr.dir/subsys/logging/log_output.c.gcda
  --> fname    /home/afmondra/deps/zephyr/include/zephyr/logging/log_output.h
(DEBUG) Check if /home/afmondra/deps/zephyr/include/zephyr/logging/log_output.h is included...
(DEBUG)   No filter matched.
(DEBUG) Finding source file corresponding to a gcov data file
  gcov_fname   /home/afmondra/zephyr-course/app/modules/ring_buf/log_output.c##652208d83e49dfb9a74f668cb60a56ee.gcov
  current_dir  /home/afmondra/zephyr-course/app/modules/ring_buf
  root         /home/afmondra/zephyr-course/app/modules/ring_buf
  starting_dir /home/afmondra/zephyr-course
  obj_dir      None
  gcda_fname   ../../../twister-out/native_sim_native/host/homework.unit.ring_buf/zephyr/CMakeFiles/zephyr.dir/subsys/logging/log_output.c.gcda
  --> fname    /home/afmondra/deps/zephyr/subsys/logging/log_output.c
(DEBUG) Check if /home/afmondra/deps/zephyr/subsys/logging/log_output.c is included...
(DEBUG)   No filter matched.
(DEBUG) Finding source file corresponding to a gcov data file
  gcov_fname   /home/afmondra/zephyr-course/app/modules/ring_buf/log_msg.h##79b8d5e6c50f02645efdf4e980ac5492.gcov
  current_dir  /home/afmondra/zephyr-course/app/modules/ring_buf
  root         /home/afmondra/zephyr-course/app/modules/ring_buf
  starting_dir /home/afmondra/zephyr-course
  obj_dir      None
  gcda_fname   ../../../twister-out/native_sim_native/host/homework.unit.ring_buf/zephyr/CMakeFiles/zephyr.dir/subsys/logging/log_output.c.gcda
  --> fname    /home/afmondra/deps/zephyr/include/zephyr/logging/log_msg.h
(DEBUG) Check if /home/afmondra/deps/zephyr/include/zephyr/logging/log_msg.h is included...
(DEBUG)   No filter matched.
(DEBUG) Finding source file corresponding to a gcov data file
  gcov_fname   /home/afmondra/zephyr-course/app/modules/ring_buf/cbprintf.h##6402aeb47d2652c3cb4e31c4b006bbe5.gcov
  current_dir  /home/afmondra/zephyr-course/app/modules/ring_buf
  root         /home/afmondra/zephyr-course/app/modules/ring_buf
  starting_dir /home/afmondra/zephyr-course
  obj_dir      None
  gcda_fname   ../../../twister-out/native_sim_native/host/homework.unit.ring_buf/zephyr/CMakeFiles/zephyr.dir/subsys/logging/log_output.c.gcda
  --> fname    /home/afmondra/deps/zephyr/include/zephyr/sys/cbprintf.h
(DEBUG) Check if /home/afmondra/deps/zephyr/include/zephyr/sys/cbprintf.h is included...
(DEBUG)   No filter matched.
(DEBUG) Processing file: /home/afmondra/zephyr-course/twister-out/native_sim_native/host/homework.unit.ring_buf/zephyr/CMakeFiles/zephyr.dir/subsys/tracing/tracing_none.c.gcda
(DEBUG) Running gcov: 'gcov /home/afmondra/zephyr-course/twister-out/native_sim_native/host/homework.unit.ring_buf/zephyr/CMakeFiles/zephyr.dir/subsys/tracing/tracing_none.c.gcda --branch-counts --branch-probabilities --all-blocks --demangled-names --hash-filenames --object-directory ../../../twister-out/native_sim_native/host/homework.unit.ring_buf/zephyr/CMakeFiles/zephyr.dir/subsys/tracing' in '/home/afmondra/zephyr-course/app/modules/ring_buf'
(DEBUG) GCOV return code was 0, stdout was:
File '/home/afmondra/deps/zephyr/subsys/tracing/tracing_none.c'
Lines executed:0.00% of 7
No branches
No calls
Creating 'tracing_none.c##1d9117e3aebca912a52c4f4a103e3001.gcov'

Lines executed:0.00% of 7
<<, stderr was:
<<
(DEBUG) Check if tracing_none.c##1d9117e3aebca912a52c4f4a103e3001.gcov is included...
(DEBUG) Finding source file corresponding to a gcov data file
  gcov_fname   /home/afmondra/zephyr-course/app/modules/ring_buf/tracing_none.c##1d9117e3aebca912a52c4f4a103e3001.gcov
  current_dir  /home/afmondra/zephyr-course/app/modules/ring_buf
  root         /home/afmondra/zephyr-course/app/modules/ring_buf
  starting_dir /home/afmondra/zephyr-course
  obj_dir      None
  gcda_fname   ../../../twister-out/native_sim_native/host/homework.unit.ring_buf/zephyr/CMakeFiles/zephyr.dir/subsys/tracing/tracing_none.c.gcda
  --> fname    /home/afmondra/deps/zephyr/subsys/tracing/tracing_none.c
(DEBUG) Check if /home/afmondra/deps/zephyr/subsys/tracing/tracing_none.c is included...
(DEBUG)   No filter matched.
(DEBUG) Processing file: /home/afmondra/zephyr-course/twister-out/native_sim_native/host/homework.unit.ring_buf/zephyr/CMakeFiles/zephyr_pre0.dir/misc/empty_file.c.gcno
(DEBUG) Running gcov: 'gcov /home/afmondra/zephyr-course/twister-out/native_sim_native/host/homework.unit.ring_buf/zephyr/CMakeFiles/zephyr_pre0.dir/misc/empty_file.c.gcno --branch-counts --branch-probabilities --all-blocks --demangled-names --hash-filenames --object-directory ../../../twister-out/native_sim_native/host/homework.unit.ring_buf/zephyr/CMakeFiles/zephyr_pre0.dir/misc' in '/home/afmondra/zephyr-course/app/modules/ring_buf'
(DEBUG) GCOV return code was 0, stdout was:
No executable lines
<<, stderr was:
../../../twister-out/native_sim_native/host/homework.unit.ring_buf/zephyr/CMakeFiles/zephyr_pre0.dir/misc/empty_file.c.gcno:no functions found
../../../twister-out/native_sim_native/host/homework.unit.ring_buf/zephyr/CMakeFiles/zephyr_pre0.dir/misc/empty_file.c.gcda:cannot open data file, assuming not executed
<<
(DEBUG) Processing file: /home/afmondra/zephyr-course/twister-out/native_sim_native/host/homework.unit.ring_buf/zephyr/NSI/common/src/main.gcda
(DEBUG) Running gcov: 'gcov /home/afmondra/zephyr-course/twister-out/native_sim_native/host/homework.unit.ring_buf/zephyr/NSI/common/src/main.gcda --branch-counts --branch-probabilities --all-blocks --demangled-names --hash-filenames --object-directory ../../../twister-out/native_sim_native/host/homework.unit.ring_buf/zephyr/NSI/common/src' in '/home/afmondra/zephyr-course/app/modules/ring_buf'
(DEBUG) GCOV return code was 0, stdout was:
File '/home/afmondra/deps/zephyr/scripts/native_simulator/common/src/main.c'
Lines executed:77.14% of 35
Branches executed:75.00% of 8
Taken at least once:75.00% of 8
Calls executed:77.27% of 22
Creating 'main.c##a66bdadb72d9fca7857f006765470620.gcov'

File '/home/afmondra/deps/zephyr/scripts/native_simulator/common/src/include/nsi_hw_scheduler.h'
Lines executed:0.00% of 2
No branches
No calls
Creating 'nsi_hw_scheduler.h##b0743ea65c6d77c614682a7835996174.gcov'

Lines executed:72.97% of 37
<<, stderr was:
<<
(DEBUG) Check if main.c##a66bdadb72d9fca7857f006765470620.gcov is included...
(DEBUG) Check if nsi_hw_scheduler.h##b0743ea65c6d77c614682a7835996174.gcov is included...
(DEBUG) Finding source file corresponding to a gcov data file
  gcov_fname   /home/afmondra/zephyr-course/app/modules/ring_buf/main.c##a66bdadb72d9fca7857f006765470620.gcov
  current_dir  /home/afmondra/zephyr-course/app/modules/ring_buf
  root         /home/afmondra/zephyr-course/app/modules/ring_buf
  starting_dir /home/afmondra/zephyr-course
  obj_dir      None
  gcda_fname   ../../../twister-out/native_sim_native/host/homework.unit.ring_buf/zephyr/NSI/common/src/main.gcda
  --> fname    /home/afmondra/deps/zephyr/scripts/native_simulator/common/src/main.c
(DEBUG) Check if /home/afmondra/deps/zephyr/scripts/native_simulator/common/src/main.c is included...
(DEBUG)   No filter matched.
(DEBUG) Finding source file corresponding to a gcov data file
  gcov_fname   /home/afmondra/zephyr-course/app/modules/ring_buf/nsi_hw_scheduler.h##b0743ea65c6d77c614682a7835996174.gcov
  current_dir  /home/afmondra/zephyr-course/app/modules/ring_buf
  root         /home/afmondra/zephyr-course/app/modules/ring_buf
  starting_dir /home/afmondra/zephyr-course
  obj_dir      None
  gcda_fname   ../../../twister-out/native_sim_native/host/homework.unit.ring_buf/zephyr/NSI/common/src/main.gcda
  --> fname    /home/afmondra/deps/zephyr/scripts/native_simulator/common/src/include/nsi_hw_scheduler.h
(DEBUG) Check if /home/afmondra/deps/zephyr/scripts/native_simulator/common/src/include/nsi_hw_scheduler.h is included...
(DEBUG)   No filter matched.
(DEBUG) Processing file: /home/afmondra/zephyr-course/twister-out/native_sim_native/host/homework.unit.ring_buf/zephyr/NSI/common/src/nce.gcda
(DEBUG) Running gcov: 'gcov /home/afmondra/zephyr-course/twister-out/native_sim_native/host/homework.unit.ring_buf/zephyr/NSI/common/src/nce.gcda --branch-counts --branch-probabilities --all-blocks --demangled-names --hash-filenames --object-directory ../../../twister-out/native_sim_native/host/homework.unit.ring_buf/zephyr/NSI/common/src' in '/home/afmondra/zephyr-course/app/modules/ring_buf'
(DEBUG) GCOV return code was 0, stdout was:
File '/home/afmondra/deps/zephyr/scripts/native_simulator/common/src/nce.c'
Lines executed:66.67% of 54
Branches executed:72.73% of 22
Taken at least once:40.91% of 22
Calls executed:72.00% of 25
Creating 'nce.c##a6ff38d1130d0f2fbd410ce4965f4fe3.gcov'

File '/home/afmondra/deps/zephyr/scripts/native_simulator/common/src/nsi_safe_call.h'
Lines executed:75.00% of 4
Branches executed:100.00% of 2
Taken at least once:50.00% of 2
Calls executed:0.00% of 1
Creating 'nsi_safe_call.h##130d29f07b4bd33b1e6cb9a391bbf974.gcov'

Lines executed:67.24% of 58
<<, stderr was:
<<
(DEBUG) Check if nce.c##a6ff38d1130d0f2fbd410ce4965f4fe3.gcov is included...
(DEBUG) Check if nsi_safe_call.h##130d29f07b4bd33b1e6cb9a391bbf974.gcov is included...
(DEBUG) Finding source file corresponding to a gcov data file
  gcov_fname   /home/afmondra/zephyr-course/app/modules/ring_buf/nce.c##a6ff38d1130d0f2fbd410ce4965f4fe3.gcov
  current_dir  /home/afmondra/zephyr-course/app/modules/ring_buf
  root         /home/afmondra/zephyr-course/app/modules/ring_buf
  starting_dir /home/afmondra/zephyr-course
  obj_dir      None
  gcda_fname   ../../../twister-out/native_sim_native/host/homework.unit.ring_buf/zephyr/NSI/common/src/nce.gcda
  --> fname    /home/afmondra/deps/zephyr/scripts/native_simulator/common/src/nce.c
(DEBUG) Check if /home/afmondra/deps/zephyr/scripts/native_simulator/common/src/nce.c is included...
(DEBUG)   No filter matched.
(DEBUG) Finding source file corresponding to a gcov data file
  gcov_fname   /home/afmondra/zephyr-course/app/modules/ring_buf/nsi_safe_call.h##130d29f07b4bd33b1e6cb9a391bbf974.gcov
  current_dir  /home/afmondra/zephyr-course/app/modules/ring_buf
  root         /home/afmondra/zephyr-course/app/modules/ring_buf
  starting_dir /home/afmondra/zephyr-course
  obj_dir      None
  gcda_fname   ../../../twister-out/native_sim_native/host/homework.unit.ring_buf/zephyr/NSI/common/src/nce.gcda
  --> fname    /home/afmondra/deps/zephyr/scripts/native_simulator/common/src/nsi_safe_call.h
(DEBUG) Check if /home/afmondra/deps/zephyr/scripts/native_simulator/common/src/nsi_safe_call.h is included...
(DEBUG)   No filter matched.
(DEBUG) Processing file: /home/afmondra/zephyr-course/twister-out/native_sim_native/host/homework.unit.ring_buf/zephyr/NSI/common/src/nct.gcda
(DEBUG) Running gcov: 'gcov /home/afmondra/zephyr-course/twister-out/native_sim_native/host/homework.unit.ring_buf/zephyr/NSI/common/src/nct.gcda --branch-counts --branch-probabilities --all-blocks --demangled-names --hash-filenames --object-directory ../../../twister-out/native_sim_native/host/homework.unit.ring_buf/zephyr/NSI/common/src' in '/home/afmondra/zephyr-course/app/modules/ring_buf'
(DEBUG) GCOV return code was 0, stdout was:
File '/home/afmondra/deps/zephyr/scripts/native_simulator/common/src/nct.c'
Lines executed:82.35% of 136
Branches executed:95.45% of 44
Taken at least once:65.91% of 44
Calls executed:72.73% of 44
Creating 'nct.c##370bd7ae743a6d487fc52eb800b78758.gcov'

File '/home/afmondra/deps/zephyr/scripts/native_simulator/common/src/nsi_safe_call.h'
Lines executed:75.00% of 4
Branches executed:100.00% of 2
Taken at least once:50.00% of 2
Calls executed:0.00% of 1
Creating 'nsi_safe_call.h##130d29f07b4bd33b1e6cb9a391bbf974.gcov'

Lines executed:82.14% of 140
<<, stderr was:
<<
(DEBUG) Check if nct.c##370bd7ae743a6d487fc52eb800b78758.gcov is included...
(DEBUG) Check if nsi_safe_call.h##130d29f07b4bd33b1e6cb9a391bbf974.gcov is included...
(DEBUG) Finding source file corresponding to a gcov data file
  gcov_fname   /home/afmondra/zephyr-course/app/modules/ring_buf/nsi_safe_call.h##130d29f07b4bd33b1e6cb9a391bbf974.gcov
  current_dir  /home/afmondra/zephyr-course/app/modules/ring_buf
  root         /home/afmondra/zephyr-course/app/modules/ring_buf
  starting_dir /home/afmondra/zephyr-course
  obj_dir      None
  gcda_fname   ../../../twister-out/native_sim_native/host/homework.unit.ring_buf/zephyr/NSI/common/src/nct.gcda
  --> fname    /home/afmondra/deps/zephyr/scripts/native_simulator/common/src/nsi_safe_call.h
(DEBUG) Check if /home/afmondra/deps/zephyr/scripts/native_simulator/common/src/nsi_safe_call.h is included...
(DEBUG)   No filter matched.
(DEBUG) Finding source file corresponding to a gcov data file
  gcov_fname   /home/afmondra/zephyr-course/app/modules/ring_buf/nct.c##370bd7ae743a6d487fc52eb800b78758.gcov
  current_dir  /home/afmondra/zephyr-course/app/modules/ring_buf
  root         /home/afmondra/zephyr-course/app/modules/ring_buf
  starting_dir /home/afmondra/zephyr-course
  obj_dir      None
  gcda_fname   ../../../twister-out/native_sim_native/host/homework.unit.ring_buf/zephyr/NSI/common/src/nct.gcda
  --> fname    /home/afmondra/deps/zephyr/scripts/native_simulator/common/src/nct.c
(DEBUG) Check if /home/afmondra/deps/zephyr/scripts/native_simulator/common/src/nct.c is included...
(DEBUG)   No filter matched.
(DEBUG) Processing file: /home/afmondra/zephyr-course/twister-out/native_sim_native/host/homework.unit.ring_buf/zephyr/NSI/common/src/nsi_cpu_ctrl.gcda
(DEBUG) Running gcov: 'gcov /home/afmondra/zephyr-course/twister-out/native_sim_native/host/homework.unit.ring_buf/zephyr/NSI/common/src/nsi_cpu_ctrl.gcda --branch-counts --branch-probabilities --all-blocks --demangled-names --hash-filenames --object-directory ../../../twister-out/native_sim_native/host/homework.unit.ring_buf/zephyr/NSI/common/src' in '/home/afmondra/zephyr-course/app/modules/ring_buf'
(DEBUG) GCOV return code was 0, stdout was:
File '/home/afmondra/deps/zephyr/scripts/native_simulator/common/src/nsi_cpu_ctrl.c'
Lines executed:26.32% of 19
Branches executed:40.00% of 10
Taken at least once:20.00% of 10
Calls executed:20.00% of 5
Creating 'nsi_cpu_ctrl.c##0575523e9565d4b0ad90f6407849be25.gcov'

Lines executed:26.32% of 19
<<, stderr was:
<<
(DEBUG) Check if nsi_cpu_ctrl.c##0575523e9565d4b0ad90f6407849be25.gcov is included...
(DEBUG) Finding source file corresponding to a gcov data file
  gcov_fname   /home/afmondra/zephyr-course/app/modules/ring_buf/nsi_cpu_ctrl.c##0575523e9565d4b0ad90f6407849be25.gcov
  current_dir  /home/afmondra/zephyr-course/app/modules/ring_buf
  root         /home/afmondra/zephyr-course/app/modules/ring_buf
  starting_dir /home/afmondra/zephyr-course
  obj_dir      None
  gcda_fname   ../../../twister-out/native_sim_native/host/homework.unit.ring_buf/zephyr/NSI/common/src/nsi_cpu_ctrl.gcda
  --> fname    /home/afmondra/deps/zephyr/scripts/native_simulator/common/src/nsi_cpu_ctrl.c
(DEBUG) Check if /home/afmondra/deps/zephyr/scripts/native_simulator/common/src/nsi_cpu_ctrl.c is included...
(DEBUG)   No filter matched.
(DEBUG) Processing file: /home/afmondra/zephyr-course/twister-out/native_sim_native/host/homework.unit.ring_buf/zephyr/NSI/common/src/nsi_cpun_if.gcda
(DEBUG) Running gcov: 'gcov /home/afmondra/zephyr-course/twister-out/native_sim_native/host/homework.unit.ring_buf/zephyr/NSI/common/src/nsi_cpun_if.gcda --branch-counts --branch-probabilities --all-blocks --demangled-names --hash-filenames --object-directory ../../../twister-out/native_sim_native/host/homework.unit.ring_buf/zephyr/NSI/common/src' in '/home/afmondra/zephyr-course/app/modules/ring_buf'
(DEBUG) GCOV return code was 0, stdout was:
File '/home/afmondra/deps/zephyr/scripts/native_simulator/common/src/nsi_cpun_if.c'
Lines executed:57.14% of 7
No branches
Calls executed:57.14% of 7
Creating 'nsi_cpun_if.c##60b41120481dbfaeecca94d4e70f55c6.gcov'

Lines executed:57.14% of 7
<<, stderr was:
<<
(DEBUG) Check if nsi_cpun_if.c##60b41120481dbfaeecca94d4e70f55c6.gcov is included...
(DEBUG) Finding source file corresponding to a gcov data file
  gcov_fname   /home/afmondra/zephyr-course/app/modules/ring_buf/nsi_cpun_if.c##60b41120481dbfaeecca94d4e70f55c6.gcov
  current_dir  /home/afmondra/zephyr-course/app/modules/ring_buf
  root         /home/afmondra/zephyr-course/app/modules/ring_buf
  starting_dir /home/afmondra/zephyr-course
  obj_dir      None
  gcda_fname   ../../../twister-out/native_sim_native/host/homework.unit.ring_buf/zephyr/NSI/common/src/nsi_cpun_if.gcda
  --> fname    /home/afmondra/deps/zephyr/scripts/native_simulator/common/src/nsi_cpun_if.c
(DEBUG) Check if /home/afmondra/deps/zephyr/scripts/native_simulator/common/src/nsi_cpun_if.c is included...
(DEBUG)   No filter matched.
(DEBUG) Processing file: /home/afmondra/zephyr-course/twister-out/native_sim_native/host/homework.unit.ring_buf/zephyr/NSI/common/src/nsi_errno.gcda
(DEBUG) Running gcov: 'gcov /home/afmondra/zephyr-course/twister-out/native_sim_native/host/homework.unit.ring_buf/zephyr/NSI/common/src/nsi_errno.gcda --branch-counts --branch-probabilities --all-blocks --demangled-names --hash-filenames --object-directory ../../../twister-out/native_sim_native/host/homework.unit.ring_buf/zephyr/NSI/common/src' in '/home/afmondra/zephyr-course/app/modules/ring_buf'
(DEBUG) GCOV return code was 0, stdout was:
File '/home/afmondra/deps/zephyr/scripts/native_simulator/common/src/nsi_errno.c'
Lines executed:0.00% of 14
Branches executed:0.00% of 8
Taken at least once:0.00% of 8
Calls executed:0.00% of 3
Creating 'nsi_errno.c##91827706d24dfd9ad75a54edc90b9ab6.gcov'

Lines executed:0.00% of 14
<<, stderr was:
<<
(DEBUG) Check if nsi_errno.c##91827706d24dfd9ad75a54edc90b9ab6.gcov is included...
(DEBUG) Finding source file corresponding to a gcov data file
  gcov_fname   /home/afmondra/zephyr-course/app/modules/ring_buf/nsi_errno.c##91827706d24dfd9ad75a54edc90b9ab6.gcov
  current_dir  /home/afmondra/zephyr-course/app/modules/ring_buf
  root         /home/afmondra/zephyr-course/app/modules/ring_buf
  starting_dir /home/afmondra/zephyr-course
  obj_dir      None
  gcda_fname   ../../../twister-out/native_sim_native/host/homework.unit.ring_buf/zephyr/NSI/common/src/nsi_errno.gcda
  --> fname    /home/afmondra/deps/zephyr/scripts/native_simulator/common/src/nsi_errno.c
(DEBUG) Check if /home/afmondra/deps/zephyr/scripts/native_simulator/common/src/nsi_errno.c is included...
(DEBUG)   No filter matched.
(DEBUG) Processing file: /home/afmondra/zephyr-course/twister-out/native_sim_native/host/homework.unit.ring_buf/zephyr/NSI/common/src/nsi_host_trampolines.gcda
(DEBUG) Running gcov: 'gcov /home/afmondra/zephyr-course/twister-out/native_sim_native/host/homework.unit.ring_buf/zephyr/NSI/common/src/nsi_host_trampolines.gcda --branch-counts --branch-probabilities --all-blocks --demangled-names --hash-filenames --object-directory ../../../twister-out/native_sim_native/host/homework.unit.ring_buf/zephyr/NSI/common/src' in '/home/afmondra/zephyr-course/app/modules/ring_buf'
(DEBUG) GCOV return code was 0, stdout was:
File '/home/afmondra/deps/zephyr/scripts/native_simulator/common/src/nsi_host_trampolines.c'
Lines executed:0.00% of 28
No branches
Calls executed:0.00% of 9
Creating 'nsi_host_trampolines.c##dea49c13794100292b02c42914cb3d04.gcov'

Lines executed:0.00% of 28
<<, stderr was:
<<
(DEBUG) Check if nsi_host_trampolines.c##dea49c13794100292b02c42914cb3d04.gcov is included...
(DEBUG) Finding source file corresponding to a gcov data file
  gcov_fname   /home/afmondra/zephyr-course/app/modules/ring_buf/nsi_host_trampolines.c##dea49c13794100292b02c42914cb3d04.gcov
  current_dir  /home/afmondra/zephyr-course/app/modules/ring_buf
  root         /home/afmondra/zephyr-course/app/modules/ring_buf
  starting_dir /home/afmondra/zephyr-course
  obj_dir      None
  gcda_fname   ../../../twister-out/native_sim_native/host/homework.unit.ring_buf/zephyr/NSI/common/src/nsi_host_trampolines.gcda
  --> fname    /home/afmondra/deps/zephyr/scripts/native_simulator/common/src/nsi_host_trampolines.c
(DEBUG) Check if /home/afmondra/deps/zephyr/scripts/native_simulator/common/src/nsi_host_trampolines.c is included...
(DEBUG)   No filter matched.
(DEBUG) Processing file: /home/afmondra/zephyr-course/twister-out/native_sim_native/host/homework.unit.ring_buf/zephyr/NSI/common/src/nsi_hw_scheduler.gcda
(DEBUG) Running gcov: 'gcov /home/afmondra/zephyr-course/twister-out/native_sim_native/host/homework.unit.ring_buf/zephyr/NSI/common/src/nsi_hw_scheduler.gcda --branch-counts --branch-probabilities --all-blocks --demangled-names --hash-filenames --object-directory ../../../twister-out/native_sim_native/host/homework.unit.ring_buf/zephyr/NSI/common/src' in '/home/afmondra/zephyr-course/app/modules/ring_buf'
(DEBUG) GCOV return code was 0, stdout was:
File '/home/afmondra/deps/zephyr/scripts/native_simulator/common/src/nsi_hw_scheduler.c'
Lines executed:43.48% of 46
Branches executed:33.33% of 12
Taken at least once:25.00% of 12
Calls executed:53.33% of 15
Creating 'nsi_hw_scheduler.c##27ef12a0b8ff15de3510280551b90dae.gcov'

File '/home/afmondra/deps/zephyr/scripts/native_simulator/common/src/nsi_safe_call.h'
Lines executed:75.00% of 4
Branches executed:100.00% of 2
Taken at least once:50.00% of 2
Calls executed:0.00% of 1
Creating 'nsi_safe_call.h##130d29f07b4bd33b1e6cb9a391bbf974.gcov'

Lines executed:46.00% of 50
<<, stderr was:
<<
(DEBUG) Check if nsi_hw_scheduler.c##27ef12a0b8ff15de3510280551b90dae.gcov is included...
(DEBUG) Check if nsi_safe_call.h##130d29f07b4bd33b1e6cb9a391bbf974.gcov is included...
(DEBUG) Finding source file corresponding to a gcov data file
  gcov_fname   /home/afmondra/zephyr-course/app/modules/ring_buf/nsi_safe_call.h##130d29f07b4bd33b1e6cb9a391bbf974.gcov
  current_dir  /home/afmondra/zephyr-course/app/modules/ring_buf
  root         /home/afmondra/zephyr-course/app/modules/ring_buf
  starting_dir /home/afmondra/zephyr-course
  obj_dir      None
  gcda_fname   ../../../twister-out/native_sim_native/host/homework.unit.ring_buf/zephyr/NSI/common/src/nsi_hw_scheduler.gcda
  --> fname    /home/afmondra/deps/zephyr/scripts/native_simulator/common/src/nsi_safe_call.h
(DEBUG) Check if /home/afmondra/deps/zephyr/scripts/native_simulator/common/src/nsi_safe_call.h is included...
(DEBUG)   No filter matched.
(DEBUG) Finding source file corresponding to a gcov data file
  gcov_fname   /home/afmondra/zephyr-course/app/modules/ring_buf/nsi_hw_scheduler.c##27ef12a0b8ff15de3510280551b90dae.gcov
  current_dir  /home/afmondra/zephyr-course/app/modules/ring_buf
  root         /home/afmondra/zephyr-course/app/modules/ring_buf
  starting_dir /home/afmondra/zephyr-course
  obj_dir      None
  gcda_fname   ../../../twister-out/native_sim_native/host/homework.unit.ring_buf/zephyr/NSI/common/src/nsi_hw_scheduler.gcda
  --> fname    /home/afmondra/deps/zephyr/scripts/native_simulator/common/src/nsi_hw_scheduler.c
(DEBUG) Check if /home/afmondra/deps/zephyr/scripts/native_simulator/common/src/nsi_hw_scheduler.c is included...
(DEBUG)   No filter matched.
(DEBUG) Processing file: /home/afmondra/zephyr-course/twister-out/native_sim_native/host/homework.unit.ring_buf/zephyr/NSI/common/src/nsi_tasks.gcda
(DEBUG) Running gcov: 'gcov /home/afmondra/zephyr-course/twister-out/native_sim_native/host/homework.unit.ring_buf/zephyr/NSI/common/src/nsi_tasks.gcda --branch-counts --branch-probabilities --all-blocks --demangled-names --hash-filenames --object-directory ../../../twister-out/native_sim_native/host/homework.unit.ring_buf/zephyr/NSI/common/src' in '/home/afmondra/zephyr-course/app/modules/ring_buf'
(DEBUG) GCOV return code was 0, stdout was:
File '/home/afmondra/deps/zephyr/scripts/native_simulator/common/src/nsi_tasks.c'
Lines executed:100.00% of 6
Branches executed:100.00% of 4
Taken at least once:75.00% of 4
Calls executed:100.00% of 1
Creating 'nsi_tasks.c##fbfdc9b78d50a106e2a86f6ec8448ef7.gcov'

Lines executed:100.00% of 6
<<, stderr was:
<<
(DEBUG) Check if nsi_tasks.c##fbfdc9b78d50a106e2a86f6ec8448ef7.gcov is included...
(DEBUG) Finding source file corresponding to a gcov data file
  gcov_fname   /home/afmondra/zephyr-course/app/modules/ring_buf/nsi_tasks.c##fbfdc9b78d50a106e2a86f6ec8448ef7.gcov
  current_dir  /home/afmondra/zephyr-course/app/modules/ring_buf
  root         /home/afmondra/zephyr-course/app/modules/ring_buf
  starting_dir /home/afmondra/zephyr-course
  obj_dir      None
  gcda_fname   ../../../twister-out/native_sim_native/host/homework.unit.ring_buf/zephyr/NSI/common/src/nsi_tasks.gcda
  --> fname    /home/afmondra/deps/zephyr/scripts/native_simulator/common/src/nsi_tasks.c
(DEBUG) Check if /home/afmondra/deps/zephyr/scripts/native_simulator/common/src/nsi_tasks.c is included...
(DEBUG)   No filter matched.
(DEBUG) Processing file: /home/afmondra/zephyr-course/twister-out/native_sim_native/host/homework.unit.ring_buf/zephyr/NSI/common/src/nsi_trace_varg.gcda
(DEBUG) Running gcov: 'gcov /home/afmondra/zephyr-course/twister-out/native_sim_native/host/homework.unit.ring_buf/zephyr/NSI/common/src/nsi_trace_varg.gcda --branch-counts --branch-probabilities --all-blocks --demangled-names --hash-filenames --object-directory ../../../twister-out/native_sim_native/host/homework.unit.ring_buf/zephyr/NSI/common/src' in '/home/afmondra/zephyr-course/app/modules/ring_buf'
(DEBUG) GCOV return code was 0, stdout was:
File '/home/afmondra/deps/zephyr/scripts/native_simulator/common/src/nsi_trace_varg.c'
Lines executed:0.00% of 13
No branches
Calls executed:0.00% of 2
Creating 'nsi_trace_varg.c##7e77ae902282594d96485bdc10c13f13.gcov'

Lines executed:0.00% of 13
<<, stderr was:
<<
(DEBUG) Check if nsi_trace_varg.c##7e77ae902282594d96485bdc10c13f13.gcov is included...
(DEBUG) Finding source file corresponding to a gcov data file
  gcov_fname   /home/afmondra/zephyr-course/app/modules/ring_buf/nsi_trace_varg.c##7e77ae902282594d96485bdc10c13f13.gcov
  current_dir  /home/afmondra/zephyr-course/app/modules/ring_buf
  root         /home/afmondra/zephyr-course/app/modules/ring_buf
  starting_dir /home/afmondra/zephyr-course
  obj_dir      None
  gcda_fname   ../../../twister-out/native_sim_native/host/homework.unit.ring_buf/zephyr/NSI/common/src/nsi_trace_varg.gcda
  --> fname    /home/afmondra/deps/zephyr/scripts/native_simulator/common/src/nsi_trace_varg.c
(DEBUG) Check if /home/afmondra/deps/zephyr/scripts/native_simulator/common/src/nsi_trace_varg.c is included...
(DEBUG)   No filter matched.
(DEBUG) Processing file: /home/afmondra/zephyr-course/twister-out/native_sim_native/host/homework.unit.ring_buf/zephyr/NSI/common/src/nsi_weak_stubs.gcda
(DEBUG) Running gcov: 'gcov /home/afmondra/zephyr-course/twister-out/native_sim_native/host/homework.unit.ring_buf/zephyr/NSI/common/src/nsi_weak_stubs.gcda --branch-counts --branch-probabilities --all-blocks --demangled-names --hash-filenames --object-directory ../../../twister-out/native_sim_native/host/homework.unit.ring_buf/zephyr/NSI/common/src' in '/home/afmondra/zephyr-course/app/modules/ring_buf'
(DEBUG) GCOV return code was 0, stdout was:
File '/home/afmondra/deps/zephyr/scripts/native_simulator/common/src/nsi_weak_stubs.c'
Lines executed:0.00% of 122
No branches
Calls executed:0.00% of 17
Creating 'nsi_weak_stubs.c##433edc792007e50517175dd31b824bbc.gcov'

Lines executed:0.00% of 122
<<, stderr was:
<<
(DEBUG) Check if nsi_weak_stubs.c##433edc792007e50517175dd31b824bbc.gcov is included...
(DEBUG) Finding source file corresponding to a gcov data file
  gcov_fname   /home/afmondra/zephyr-course/app/modules/ring_buf/nsi_weak_stubs.c##433edc792007e50517175dd31b824bbc.gcov
  current_dir  /home/afmondra/zephyr-course/app/modules/ring_buf
  root         /home/afmondra/zephyr-course/app/modules/ring_buf
  starting_dir /home/afmondra/zephyr-course
  obj_dir      None
  gcda_fname   ../../../twister-out/native_sim_native/host/homework.unit.ring_buf/zephyr/NSI/common/src/nsi_weak_stubs.gcda
  --> fname    /home/afmondra/deps/zephyr/scripts/native_simulator/common/src/nsi_weak_stubs.c
(DEBUG) Check if /home/afmondra/deps/zephyr/scripts/native_simulator/common/src/nsi_weak_stubs.c is included...
(DEBUG)   No filter matched.
(DEBUG) Processing file: /home/afmondra/zephyr-course/twister-out/native_sim_native/host/homework.unit.ring_buf/zephyr/NSI/native/src/hw_counter.gcda
(DEBUG) Running gcov: 'gcov /home/afmondra/zephyr-course/twister-out/native_sim_native/host/homework.unit.ring_buf/zephyr/NSI/native/src/hw_counter.gcda --branch-counts --branch-probabilities --all-blocks --demangled-names --hash-filenames --object-directory ../../../twister-out/native_sim_native/host/homework.unit.ring_buf/zephyr/NSI/native/src' in '/home/afmondra/zephyr-course/app/modules/ring_buf'
(DEBUG) GCOV return code was 0, stdout was:
File '/home/afmondra/deps/zephyr/scripts/native_simulator/native/src/hw_counter.c'
Lines executed:18.60% of 43
Branches executed:0.00% of 6
Taken at least once:0.00% of 6
Calls executed:0.00% of 5
Creating 'hw_counter.c##4eb311649ff9cfd734faa17ff7412f27.gcov'

File '/home/afmondra/deps/zephyr/scripts/native_simulator/common/src/include/nsi_hw_scheduler.h'
Lines executed:0.00% of 2
No branches
No calls
Creating 'nsi_hw_scheduler.h##b0743ea65c6d77c614682a7835996174.gcov'

Lines executed:17.78% of 45
<<, stderr was:
<<
(DEBUG) Check if hw_counter.c##4eb311649ff9cfd734faa17ff7412f27.gcov is included...
(DEBUG) Check if nsi_hw_scheduler.h##b0743ea65c6d77c614682a7835996174.gcov is included...
(DEBUG) Finding source file corresponding to a gcov data file
  gcov_fname   /home/afmondra/zephyr-course/app/modules/ring_buf/hw_counter.c##4eb311649ff9cfd734faa17ff7412f27.gcov
  current_dir  /home/afmondra/zephyr-course/app/modules/ring_buf
  root         /home/afmondra/zephyr-course/app/modules/ring_buf
  starting_dir /home/afmondra/zephyr-course
  obj_dir      None
  gcda_fname   ../../../twister-out/native_sim_native/host/homework.unit.ring_buf/zephyr/NSI/native/src/hw_counter.gcda
  --> fname    /home/afmondra/deps/zephyr/scripts/native_simulator/native/src/hw_counter.c
(DEBUG) Check if /home/afmondra/deps/zephyr/scripts/native_simulator/native/src/hw_counter.c is included...
(DEBUG)   No filter matched.
(DEBUG) Finding source file corresponding to a gcov data file
  gcov_fname   /home/afmondra/zephyr-course/app/modules/ring_buf/nsi_hw_scheduler.h##b0743ea65c6d77c614682a7835996174.gcov
  current_dir  /home/afmondra/zephyr-course/app/modules/ring_buf
  root         /home/afmondra/zephyr-course/app/modules/ring_buf
  starting_dir /home/afmondra/zephyr-course
  obj_dir      None
  gcda_fname   ../../../twister-out/native_sim_native/host/homework.unit.ring_buf/zephyr/NSI/native/src/hw_counter.gcda
  --> fname    /home/afmondra/deps/zephyr/scripts/native_simulator/common/src/include/nsi_hw_scheduler.h
(DEBUG) Check if /home/afmondra/deps/zephyr/scripts/native_simulator/common/src/include/nsi_hw_scheduler.h is included...
(DEBUG)   No filter matched.
(DEBUG) Processing file: /home/afmondra/zephyr-course/twister-out/native_sim_native/host/homework.unit.ring_buf/zephyr/NSI/native/src/irq_ctrl.gcda
(DEBUG) Running gcov: 'gcov /home/afmondra/zephyr-course/twister-out/native_sim_native/host/homework.unit.ring_buf/zephyr/NSI/native/src/irq_ctrl.gcda --branch-counts --branch-probabilities --all-blocks --demangled-names --hash-filenames --object-directory ../../../twister-out/native_sim_native/host/homework.unit.ring_buf/zephyr/NSI/native/src' in '/home/afmondra/zephyr-course/app/modules/ring_buf'
(DEBUG) GCOV return code was 0, stdout was:
File '/home/afmondra/deps/zephyr/scripts/native_simulator/native/src/irq_ctrl.c'
Lines executed:20.20% of 99
Branches executed:29.41% of 34
Taken at least once:23.53% of 34
Calls executed:0.00% of 14
Creating 'irq_ctrl.c##ee98f4f774b13e6173327b0c8ca3a532.gcov'

File '/home/afmondra/deps/zephyr/scripts/native_simulator/common/src/include/nsi_hw_scheduler.h'
Lines executed:0.00% of 2
No branches
No calls
Creating 'nsi_hw_scheduler.h##b0743ea65c6d77c614682a7835996174.gcov'

File '/home/afmondra/deps/zephyr/scripts/native_simulator/common/src/nsi_internal.h'
Lines executed:0.00% of 2
No branches
No calls
Creating 'nsi_internal.h##872533a7e4a4c950546b0d3b8217c40a.gcov'

Lines executed:19.42% of 103
<<, stderr was:
<<
(DEBUG) Check if irq_ctrl.c##ee98f4f774b13e6173327b0c8ca3a532.gcov is included...
(DEBUG) Check if nsi_hw_scheduler.h##b0743ea65c6d77c614682a7835996174.gcov is included...
(DEBUG) Check if nsi_internal.h##872533a7e4a4c950546b0d3b8217c40a.gcov is included...
(DEBUG) Finding source file corresponding to a gcov data file
  gcov_fname   /home/afmondra/zephyr-course/app/modules/ring_buf/nsi_internal.h##872533a7e4a4c950546b0d3b8217c40a.gcov
  current_dir  /home/afmondra/zephyr-course/app/modules/ring_buf
  root         /home/afmondra/zephyr-course/app/modules/ring_buf
  starting_dir /home/afmondra/zephyr-course
  obj_dir      None
  gcda_fname   ../../../twister-out/native_sim_native/host/homework.unit.ring_buf/zephyr/NSI/native/src/irq_ctrl.gcda
  --> fname    /home/afmondra/deps/zephyr/scripts/native_simulator/common/src/nsi_internal.h
(DEBUG) Check if /home/afmondra/deps/zephyr/scripts/native_simulator/common/src/nsi_internal.h is included...
(DEBUG)   No filter matched.
(DEBUG) Finding source file corresponding to a gcov data file
  gcov_fname   /home/afmondra/zephyr-course/app/modules/ring_buf/irq_ctrl.c##ee98f4f774b13e6173327b0c8ca3a532.gcov
  current_dir  /home/afmondra/zephyr-course/app/modules/ring_buf
  root         /home/afmondra/zephyr-course/app/modules/ring_buf
  starting_dir /home/afmondra/zephyr-course
  obj_dir      None
  gcda_fname   ../../../twister-out/native_sim_native/host/homework.unit.ring_buf/zephyr/NSI/native/src/irq_ctrl.gcda
  --> fname    /home/afmondra/deps/zephyr/scripts/native_simulator/native/src/irq_ctrl.c
(DEBUG) Check if /home/afmondra/deps/zephyr/scripts/native_simulator/native/src/irq_ctrl.c is included...
(DEBUG)   No filter matched.
(DEBUG) Finding source file corresponding to a gcov data file
  gcov_fname   /home/afmondra/zephyr-course/app/modules/ring_buf/nsi_hw_scheduler.h##b0743ea65c6d77c614682a7835996174.gcov
  current_dir  /home/afmondra/zephyr-course/app/modules/ring_buf
  root         /home/afmondra/zephyr-course/app/modules/ring_buf
  starting_dir /home/afmondra/zephyr-course
  obj_dir      None
  gcda_fname   ../../../twister-out/native_sim_native/host/homework.unit.ring_buf/zephyr/NSI/native/src/irq_ctrl.gcda
  --> fname    /home/afmondra/deps/zephyr/scripts/native_simulator/common/src/include/nsi_hw_scheduler.h
(DEBUG) Check if /home/afmondra/deps/zephyr/scripts/native_simulator/common/src/include/nsi_hw_scheduler.h is included...
(DEBUG)   No filter matched.
(DEBUG) Processing file: /home/afmondra/zephyr-course/twister-out/native_sim_native/host/homework.unit.ring_buf/zephyr/NSI/native/src/native_rtc.gcda
(DEBUG) Running gcov: 'gcov /home/afmondra/zephyr-course/twister-out/native_sim_native/host/homework.unit.ring_buf/zephyr/NSI/native/src/native_rtc.gcda --branch-counts --branch-probabilities --all-blocks --demangled-names --hash-filenames --object-directory ../../../twister-out/native_sim_native/host/homework.unit.ring_buf/zephyr/NSI/native/src' in '/home/afmondra/zephyr-course/app/modules/ring_buf'
(DEBUG) GCOV return code was 0, stdout was:
File '/home/afmondra/deps/zephyr/scripts/native_simulator/native/src/native_rtc.c'
Lines executed:0.00% of 22
Branches executed:0.00% of 10
Taken at least once:0.00% of 10
Calls executed:0.00% of 8
Creating 'native_rtc.c##de6afbf7b5462065fcec2114472e24bd.gcov'

File '/home/afmondra/deps/zephyr/scripts/native_simulator/common/src/include/nsi_hw_scheduler.h'
Lines executed:0.00% of 2
No branches
No calls
Creating 'nsi_hw_scheduler.h##b0743ea65c6d77c614682a7835996174.gcov'

Lines executed:0.00% of 24
<<, stderr was:
<<
(DEBUG) Check if native_rtc.c##de6afbf7b5462065fcec2114472e24bd.gcov is included...
(DEBUG) Check if nsi_hw_scheduler.h##b0743ea65c6d77c614682a7835996174.gcov is included...
(DEBUG) Finding source file corresponding to a gcov data file
  gcov_fname   /home/afmondra/zephyr-course/app/modules/ring_buf/nsi_hw_scheduler.h##b0743ea65c6d77c614682a7835996174.gcov
  current_dir  /home/afmondra/zephyr-course/app/modules/ring_buf
  root         /home/afmondra/zephyr-course/app/modules/ring_buf
  starting_dir /home/afmondra/zephyr-course
  obj_dir      None
  gcda_fname   ../../../twister-out/native_sim_native/host/homework.unit.ring_buf/zephyr/NSI/native/src/native_rtc.gcda
  --> fname    /home/afmondra/deps/zephyr/scripts/native_simulator/common/src/include/nsi_hw_scheduler.h
(DEBUG) Check if /home/afmondra/deps/zephyr/scripts/native_simulator/common/src/include/nsi_hw_scheduler.h is included...
(DEBUG)   No filter matched.
(DEBUG) Finding source file corresponding to a gcov data file
  gcov_fname   /home/afmondra/zephyr-course/app/modules/ring_buf/native_rtc.c##de6afbf7b5462065fcec2114472e24bd.gcov
  current_dir  /home/afmondra/zephyr-course/app/modules/ring_buf
  root         /home/afmondra/zephyr-course/app/modules/ring_buf
  starting_dir /home/afmondra/zephyr-course
  obj_dir      None
  gcda_fname   ../../../twister-out/native_sim_native/host/homework.unit.ring_buf/zephyr/NSI/native/src/native_rtc.gcda
  --> fname    /home/afmondra/deps/zephyr/scripts/native_simulator/native/src/native_rtc.c
(DEBUG) Check if /home/afmondra/deps/zephyr/scripts/native_simulator/native/src/native_rtc.c is included...
(DEBUG)   No filter matched.
(DEBUG) Processing file: /home/afmondra/zephyr-course/twister-out/native_sim_native/host/homework.unit.ring_buf/zephyr/NSI/native/src/nsi_cmdline.gcda
(DEBUG) Running gcov: 'gcov /home/afmondra/zephyr-course/twister-out/native_sim_native/host/homework.unit.ring_buf/zephyr/NSI/native/src/nsi_cmdline.gcda --branch-counts --branch-probabilities --all-blocks --demangled-names --hash-filenames --object-directory ../../../twister-out/native_sim_native/host/homework.unit.ring_buf/zephyr/NSI/native/src' in '/home/afmondra/zephyr-course/app/modules/ring_buf'
(DEBUG) GCOV return code was 0, stdout was:
File '/home/afmondra/deps/zephyr/scripts/native_simulator/native/src/nsi_cmdline.c'
Lines executed:56.25% of 64
Branches executed:63.64% of 22
Taken at least once:40.91% of 22
Calls executed:27.27% of 11
Creating 'nsi_cmdline.c##865b572217af5787c92b663fc8d4efc9.gcov'

Lines executed:56.25% of 64
<<, stderr was:
<<
(DEBUG) Check if nsi_cmdline.c##865b572217af5787c92b663fc8d4efc9.gcov is included...
(DEBUG) Finding source file corresponding to a gcov data file
  gcov_fname   /home/afmondra/zephyr-course/app/modules/ring_buf/nsi_cmdline.c##865b572217af5787c92b663fc8d4efc9.gcov
  current_dir  /home/afmondra/zephyr-course/app/modules/ring_buf
  root         /home/afmondra/zephyr-course/app/modules/ring_buf
  starting_dir /home/afmondra/zephyr-course
  obj_dir      None
  gcda_fname   ../../../twister-out/native_sim_native/host/homework.unit.ring_buf/zephyr/NSI/native/src/nsi_cmdline.gcda
  --> fname    /home/afmondra/deps/zephyr/scripts/native_simulator/native/src/nsi_cmdline.c
(DEBUG) Check if /home/afmondra/deps/zephyr/scripts/native_simulator/native/src/nsi_cmdline.c is included...
(DEBUG)   No filter matched.
(DEBUG) Processing file: /home/afmondra/zephyr-course/twister-out/native_sim_native/host/homework.unit.ring_buf/zephyr/NSI/native/src/nsi_cmdline_common.gcda
(DEBUG) Running gcov: 'gcov /home/afmondra/zephyr-course/twister-out/native_sim_native/host/homework.unit.ring_buf/zephyr/NSI/native/src/nsi_cmdline_common.gcda --branch-counts --branch-probabilities --all-blocks --demangled-names --hash-filenames --object-directory ../../../twister-out/native_sim_native/host/homework.unit.ring_buf/zephyr/NSI/native/src' in '/home/afmondra/zephyr-course/app/modules/ring_buf'
(DEBUG) GCOV return code was 0, stdout was:
File '/home/afmondra/deps/zephyr/scripts/native_simulator/native/src/nsi_cmdline_common.c'
Lines executed:8.91% of 202
Branches executed:12.15% of 107
Taken at least once:6.54% of 107
Calls executed:0.00% of 32
Creating 'nsi_cmdline_common.c##7ca325a5ed488c09ab2c89881a1e74ea.gcov'

Lines executed:8.91% of 202
<<, stderr was:
<<
(DEBUG) Check if nsi_cmdline_common.c##7ca325a5ed488c09ab2c89881a1e74ea.gcov is included...
(DEBUG) Finding source file corresponding to a gcov data file
  gcov_fname   /home/afmondra/zephyr-course/app/modules/ring_buf/nsi_cmdline_common.c##7ca325a5ed488c09ab2c89881a1e74ea.gcov
  current_dir  /home/afmondra/zephyr-course/app/modules/ring_buf
  root         /home/afmondra/zephyr-course/app/modules/ring_buf
  starting_dir /home/afmondra/zephyr-course
  obj_dir      None
  gcda_fname   ../../../twister-out/native_sim_native/host/homework.unit.ring_buf/zephyr/NSI/native/src/nsi_cmdline_common.gcda
  --> fname    /home/afmondra/deps/zephyr/scripts/native_simulator/native/src/nsi_cmdline_common.c
(DEBUG) Check if /home/afmondra/deps/zephyr/scripts/native_simulator/native/src/nsi_cmdline_common.c is included...
(DEBUG)   No filter matched.
(DEBUG) Processing file: /home/afmondra/zephyr-course/twister-out/native_sim_native/host/homework.unit.ring_buf/zephyr/NSI/native/src/nsi_trace.gcda
(DEBUG) Running gcov: 'gcov /home/afmondra/zephyr-course/twister-out/native_sim_native/host/homework.unit.ring_buf/zephyr/NSI/native/src/nsi_trace.gcda --branch-counts --branch-probabilities --all-blocks --demangled-names --hash-filenames --object-directory ../../../twister-out/native_sim_native/host/homework.unit.ring_buf/zephyr/NSI/native/src' in '/home/afmondra/zephyr-course/app/modules/ring_buf'
(DEBUG) GCOV return code was 0, stdout was:
File '/home/afmondra/deps/zephyr/scripts/native_simulator/native/src/nsi_trace.c'
Lines executed:30.00% of 50
Branches executed:45.45% of 22
Taken at least once:22.73% of 22
Calls executed:26.67% of 15
Creating 'nsi_trace.c##66b6837020a42a0c0a26bb09954f0177.gcov'

Lines executed:30.00% of 50
<<, stderr was:
<<
(DEBUG) Check if nsi_trace.c##66b6837020a42a0c0a26bb09954f0177.gcov is included...
(DEBUG) Finding source file corresponding to a gcov data file
  gcov_fname   /home/afmondra/zephyr-course/app/modules/ring_buf/nsi_trace.c##66b6837020a42a0c0a26bb09954f0177.gcov
  current_dir  /home/afmondra/zephyr-course/app/modules/ring_buf
  root         /home/afmondra/zephyr-course/app/modules/ring_buf
  starting_dir /home/afmondra/zephyr-course
  obj_dir      None
  gcda_fname   ../../../twister-out/native_sim_native/host/homework.unit.ring_buf/zephyr/NSI/native/src/nsi_trace.gcda
  --> fname    /home/afmondra/deps/zephyr/scripts/native_simulator/native/src/nsi_trace.c
(DEBUG) Check if /home/afmondra/deps/zephyr/scripts/native_simulator/native/src/nsi_trace.c is included...
(DEBUG)   No filter matched.
(DEBUG) Processing file: /home/afmondra/zephyr-course/twister-out/native_sim_native/host/homework.unit.ring_buf/zephyr/NSI/native/src/timer_model.gcda
(DEBUG) Running gcov: 'gcov /home/afmondra/zephyr-course/twister-out/native_sim_native/host/homework.unit.ring_buf/zephyr/NSI/native/src/timer_model.gcda --branch-counts --branch-probabilities --all-blocks --demangled-names --hash-filenames --object-directory ../../../twister-out/native_sim_native/host/homework.unit.ring_buf/zephyr/NSI/native/src' in '/home/afmondra/zephyr-course/app/modules/ring_buf'
(DEBUG) GCOV return code was 0, stdout was:
File '/home/afmondra/deps/zephyr/scripts/native_simulator/native/src/timer_model.c'
Lines executed:19.12% of 136
Branches executed:18.18% of 22
Taken at least once:9.09% of 22
Calls executed:18.75% of 32
Creating 'timer_model.c##4c7c7bd2ca11ba98cf7887731d685746.gcov'

File '/home/afmondra/deps/zephyr/scripts/native_simulator/common/src/include/nsi_hw_scheduler.h'
Lines executed:100.00% of 2
No branches
No calls
Creating 'nsi_hw_scheduler.h##b0743ea65c6d77c614682a7835996174.gcov'

Lines executed:20.29% of 138
<<, stderr was:
<<
(DEBUG) Check if timer_model.c##4c7c7bd2ca11ba98cf7887731d685746.gcov is included...
(DEBUG) Check if nsi_hw_scheduler.h##b0743ea65c6d77c614682a7835996174.gcov is included...
(DEBUG) Finding source file corresponding to a gcov data file
  gcov_fname   /home/afmondra/zephyr-course/app/modules/ring_buf/timer_model.c##4c7c7bd2ca11ba98cf7887731d685746.gcov
  current_dir  /home/afmondra/zephyr-course/app/modules/ring_buf
  root         /home/afmondra/zephyr-course/app/modules/ring_buf
  starting_dir /home/afmondra/zephyr-course
  obj_dir      None
  gcda_fname   ../../../twister-out/native_sim_native/host/homework.unit.ring_buf/zephyr/NSI/native/src/timer_model.gcda
  --> fname    /home/afmondra/deps/zephyr/scripts/native_simulator/native/src/timer_model.c
(DEBUG) Check if /home/afmondra/deps/zephyr/scripts/native_simulator/native/src/timer_model.c is included...
(DEBUG)   No filter matched.
(DEBUG) Finding source file corresponding to a gcov data file
  gcov_fname   /home/afmondra/zephyr-course/app/modules/ring_buf/nsi_hw_scheduler.h##b0743ea65c6d77c614682a7835996174.gcov
  current_dir  /home/afmondra/zephyr-course/app/modules/ring_buf
  root         /home/afmondra/zephyr-course/app/modules/ring_buf
  starting_dir /home/afmondra/zephyr-course
  obj_dir      None
  gcda_fname   ../../../twister-out/native_sim_native/host/homework.unit.ring_buf/zephyr/NSI/native/src/timer_model.gcda
  --> fname    /home/afmondra/deps/zephyr/scripts/native_simulator/common/src/include/nsi_hw_scheduler.h
(DEBUG) Check if /home/afmondra/deps/zephyr/scripts/native_simulator/common/src/include/nsi_hw_scheduler.h is included...
(DEBUG)   No filter matched.
(DEBUG) Processing file: /home/afmondra/zephyr-course/twister-out/native_sim_native/host/homework.unit.ring_buf/zephyr/arch/arch/posix/core/CMakeFiles/arch__posix__core.dir/cpuhalt.c.gcda
(DEBUG) Running gcov: 'gcov /home/afmondra/zephyr-course/twister-out/native_sim_native/host/homework.unit.ring_buf/zephyr/arch/arch/posix/core/CMakeFiles/arch__posix__core.dir/cpuhalt.c.gcda --branch-counts --branch-probabilities --all-blocks --demangled-names --hash-filenames --object-directory ../../../twister-out/native_sim_native/host/homework.unit.ring_buf/zephyr/arch/arch/posix/core/CMakeFiles/arch__posix__core.dir' in '/home/afmondra/zephyr-course/app/modules/ring_buf'
(DEBUG) GCOV return code was 0, stdout was:
File '/home/afmondra/deps/zephyr/arch/posix/core/cpuhalt.c'
Lines executed:0.00% of 9
No branches
Calls executed:0.00% of 5
Creating 'cpuhalt.c##4c60f98387e27a1b00fb436cfd080153.gcov'

Lines executed:0.00% of 9
<<, stderr was:
<<
(DEBUG) Check if cpuhalt.c##4c60f98387e27a1b00fb436cfd080153.gcov is included...
(DEBUG) Finding source file corresponding to a gcov data file
  gcov_fname   /home/afmondra/zephyr-course/app/modules/ring_buf/cpuhalt.c##4c60f98387e27a1b00fb436cfd080153.gcov
  current_dir  /home/afmondra/zephyr-course/app/modules/ring_buf
  root         /home/afmondra/zephyr-course/app/modules/ring_buf
  starting_dir /home/afmondra/zephyr-course
  obj_dir      None
  gcda_fname   ../../../twister-out/native_sim_native/host/homework.unit.ring_buf/zephyr/arch/arch/posix/core/CMakeFiles/arch__posix__core.dir/cpuhalt.c.gcda
  --> fname    /home/afmondra/deps/zephyr/arch/posix/core/cpuhalt.c
(DEBUG) Check if /home/afmondra/deps/zephyr/arch/posix/core/cpuhalt.c is included...
(DEBUG)   No filter matched.
(DEBUG) Processing file: /home/afmondra/zephyr-course/twister-out/native_sim_native/host/homework.unit.ring_buf/zephyr/arch/arch/posix/core/CMakeFiles/arch__posix__core.dir/fatal.c.gcda
(DEBUG) Running gcov: 'gcov /home/afmondra/zephyr-course/twister-out/native_sim_native/host/homework.unit.ring_buf/zephyr/arch/arch/posix/core/CMakeFiles/arch__posix__core.dir/fatal.c.gcda --branch-counts --branch-probabilities --all-blocks --demangled-names --hash-filenames --object-directory ../../../twister-out/native_sim_native/host/homework.unit.ring_buf/zephyr/arch/arch/posix/core/CMakeFiles/arch__posix__core.dir' in '/home/afmondra/zephyr-course/app/modules/ring_buf'
(DEBUG) GCOV return code was 0, stdout was:
File '/home/afmondra/deps/zephyr/arch/posix/core/fatal.c'
Lines executed:0.00% of 3
No branches
Calls executed:0.00% of 2
Creating 'fatal.c##8e008b32d39324929e75779c350f07c6.gcov'

Lines executed:0.00% of 3
<<, stderr was:
<<
(DEBUG) Check if fatal.c##8e008b32d39324929e75779c350f07c6.gcov is included...
(DEBUG) Finding source file corresponding to a gcov data file
  gcov_fname   /home/afmondra/zephyr-course/app/modules/ring_buf/fatal.c##8e008b32d39324929e75779c350f07c6.gcov
  current_dir  /home/afmondra/zephyr-course/app/modules/ring_buf
  root         /home/afmondra/zephyr-course/app/modules/ring_buf
  starting_dir /home/afmondra/zephyr-course
  obj_dir      None
  gcda_fname   ../../../twister-out/native_sim_native/host/homework.unit.ring_buf/zephyr/arch/arch/posix/core/CMakeFiles/arch__posix__core.dir/fatal.c.gcda
  --> fname    /home/afmondra/deps/zephyr/arch/posix/core/fatal.c
(DEBUG) Check if /home/afmondra/deps/zephyr/arch/posix/core/fatal.c is included...
(DEBUG)   No filter matched.
(DEBUG) Processing file: /home/afmondra/zephyr-course/twister-out/native_sim_native/host/homework.unit.ring_buf/zephyr/arch/arch/posix/core/CMakeFiles/arch__posix__core.dir/irq.c.gcda
(DEBUG) Running gcov: 'gcov /home/afmondra/zephyr-course/twister-out/native_sim_native/host/homework.unit.ring_buf/zephyr/arch/arch/posix/core/CMakeFiles/arch__posix__core.dir/irq.c.gcda --branch-counts --branch-probabilities --all-blocks --demangled-names --hash-filenames --object-directory ../../../twister-out/native_sim_native/host/homework.unit.ring_buf/zephyr/arch/arch/posix/core/CMakeFiles/arch__posix__core.dir' in '/home/afmondra/zephyr-course/app/modules/ring_buf'
(DEBUG) GCOV return code was 0, stdout was:
File '/home/afmondra/deps/zephyr/arch/posix/core/irq.c'
Lines executed:37.50% of 8
No branches
Calls executed:33.33% of 3
Creating 'irq.c##00fe950aff5ea691a2afe8cb377fb361.gcov'

Lines executed:37.50% of 8
<<, stderr was:
<<
(DEBUG) Check if irq.c##00fe950aff5ea691a2afe8cb377fb361.gcov is included...
(DEBUG) Finding source file corresponding to a gcov data file
  gcov_fname   /home/afmondra/zephyr-course/app/modules/ring_buf/irq.c##00fe950aff5ea691a2afe8cb377fb361.gcov
  current_dir  /home/afmondra/zephyr-course/app/modules/ring_buf
  root         /home/afmondra/zephyr-course/app/modules/ring_buf
  starting_dir /home/afmondra/zephyr-course
  obj_dir      None
  gcda_fname   ../../../twister-out/native_sim_native/host/homework.unit.ring_buf/zephyr/arch/arch/posix/core/CMakeFiles/arch__posix__core.dir/irq.c.gcda
  --> fname    /home/afmondra/deps/zephyr/arch/posix/core/irq.c
(DEBUG) Check if /home/afmondra/deps/zephyr/arch/posix/core/irq.c is included...
(DEBUG)   No filter matched.
(DEBUG) Processing file: /home/afmondra/zephyr-course/twister-out/native_sim_native/host/homework.unit.ring_buf/zephyr/arch/arch/posix/core/CMakeFiles/arch__posix__core.dir/posix_core_nsi.c.gcda
(DEBUG) Running gcov: 'gcov /home/afmondra/zephyr-course/twister-out/native_sim_native/host/homework.unit.ring_buf/zephyr/arch/arch/posix/core/CMakeFiles/arch__posix__core.dir/posix_core_nsi.c.gcda --branch-counts --branch-probabilities --all-blocks --demangled-names --hash-filenames --object-directory ../../../twister-out/native_sim_native/host/homework.unit.ring_buf/zephyr/arch/arch/posix/core/CMakeFiles/arch__posix__core.dir' in '/home/afmondra/zephyr-course/app/modules/ring_buf'
(DEBUG) GCOV return code was 0, stdout was:
File '/home/afmondra/deps/zephyr/arch/posix/core/posix_core_nsi.c'
Lines executed:85.71% of 21
No branches
Calls executed:87.50% of 8
Creating 'posix_core_nsi.c##b6d22934dd6bacc5ef137ad65561ce65.gcov'

Lines executed:85.71% of 21
<<, stderr was:
<<
(DEBUG) Check if posix_core_nsi.c##b6d22934dd6bacc5ef137ad65561ce65.gcov is included...
(DEBUG) Finding source file corresponding to a gcov data file
  gcov_fname   /home/afmondra/zephyr-course/app/modules/ring_buf/posix_core_nsi.c##b6d22934dd6bacc5ef137ad65561ce65.gcov
  current_dir  /home/afmondra/zephyr-course/app/modules/ring_buf
  root         /home/afmondra/zephyr-course/app/modules/ring_buf
  starting_dir /home/afmondra/zephyr-course
  obj_dir      None
  gcda_fname   ../../../twister-out/native_sim_native/host/homework.unit.ring_buf/zephyr/arch/arch/posix/core/CMakeFiles/arch__posix__core.dir/posix_core_nsi.c.gcda
  --> fname    /home/afmondra/deps/zephyr/arch/posix/core/posix_core_nsi.c
(DEBUG) Check if /home/afmondra/deps/zephyr/arch/posix/core/posix_core_nsi.c is included...
(DEBUG)   No filter matched.
(DEBUG) Processing file: /home/afmondra/zephyr-course/twister-out/native_sim_native/host/homework.unit.ring_buf/zephyr/arch/arch/posix/core/CMakeFiles/arch__posix__core.dir/swap.c.gcda
(DEBUG) Running gcov: 'gcov /home/afmondra/zephyr-course/twister-out/native_sim_native/host/homework.unit.ring_buf/zephyr/arch/arch/posix/core/CMakeFiles/arch__posix__core.dir/swap.c.gcda --branch-counts --branch-probabilities --all-blocks --demangled-names --hash-filenames --object-directory ../../../twister-out/native_sim_native/host/homework.unit.ring_buf/zephyr/arch/arch/posix/core/CMakeFiles/arch__posix__core.dir' in '/home/afmondra/zephyr-course/app/modules/ring_buf'
(DEBUG) GCOV return code was 0, stdout was:
File '/home/afmondra/deps/zephyr/arch/posix/core/swap.c'
Lines executed:94.12% of 17
No branches
Calls executed:100.00% of 3
Creating 'swap.c##31510467961319c887089c9e22b8bceb.gcov'

File '/home/afmondra/deps/zephyr/include/zephyr/arch/posix/arch.h'
Lines executed:100.00% of 3
No branches
Calls executed:100.00% of 1
Creating 'arch.h##eee3095deeb51a158c6bb5ded542fa59.gcov'

Lines executed:95.00% of 20
<<, stderr was:
<<
(DEBUG) Check if swap.c##31510467961319c887089c9e22b8bceb.gcov is included...
(DEBUG) Check if arch.h##eee3095deeb51a158c6bb5ded542fa59.gcov is included...
(DEBUG) Finding source file corresponding to a gcov data file
  gcov_fname   /home/afmondra/zephyr-course/app/modules/ring_buf/arch.h##eee3095deeb51a158c6bb5ded542fa59.gcov
  current_dir  /home/afmondra/zephyr-course/app/modules/ring_buf
  root         /home/afmondra/zephyr-course/app/modules/ring_buf
  starting_dir /home/afmondra/zephyr-course
  obj_dir      None
  gcda_fname   ../../../twister-out/native_sim_native/host/homework.unit.ring_buf/zephyr/arch/arch/posix/core/CMakeFiles/arch__posix__core.dir/swap.c.gcda
  --> fname    /home/afmondra/deps/zephyr/include/zephyr/arch/posix/arch.h
(DEBUG) Check if /home/afmondra/deps/zephyr/include/zephyr/arch/posix/arch.h is included...
(DEBUG)   No filter matched.
(DEBUG) Finding source file corresponding to a gcov data file
  gcov_fname   /home/afmondra/zephyr-course/app/modules/ring_buf/swap.c##31510467961319c887089c9e22b8bceb.gcov
  current_dir  /home/afmondra/zephyr-course/app/modules/ring_buf
  root         /home/afmondra/zephyr-course/app/modules/ring_buf
  starting_dir /home/afmondra/zephyr-course
  obj_dir      None
  gcda_fname   ../../../twister-out/native_sim_native/host/homework.unit.ring_buf/zephyr/arch/arch/posix/core/CMakeFiles/arch__posix__core.dir/swap.c.gcda
  --> fname    /home/afmondra/deps/zephyr/arch/posix/core/swap.c
(DEBUG) Check if /home/afmondra/deps/zephyr/arch/posix/core/swap.c is included...
(DEBUG)   No filter matched.
(DEBUG) Processing file: /home/afmondra/zephyr-course/twister-out/native_sim_native/host/homework.unit.ring_buf/zephyr/arch/arch/posix/core/CMakeFiles/arch__posix__core.dir/thread.c.gcda
(DEBUG) Running gcov: 'gcov /home/afmondra/zephyr-course/twister-out/native_sim_native/host/homework.unit.ring_buf/zephyr/arch/arch/posix/core/CMakeFiles/arch__posix__core.dir/thread.c.gcda --branch-counts --branch-probabilities --all-blocks --demangled-names --hash-filenames --object-directory ../../../twister-out/native_sim_native/host/homework.unit.ring_buf/zephyr/arch/arch/posix/core/CMakeFiles/arch__posix__core.dir' in '/home/afmondra/zephyr-course/app/modules/ring_buf'
(DEBUG) GCOV return code was 0, stdout was:
File '/home/afmondra/deps/zephyr/arch/posix/core/thread.c'
Lines executed:85.37% of 41
Branches executed:100.00% of 12
Taken at least once:58.33% of 12
Calls executed:77.78% of 9
Creating 'thread.c##68dbc82c76f38251efbb1344ca59c422.gcov'

File '/home/afmondra/deps/zephyr/include/zephyr/arch/posix/arch.h'
Lines executed:100.00% of 2
No branches
Calls executed:100.00% of 1
Creating 'arch.h##eee3095deeb51a158c6bb5ded542fa59.gcov'

Lines executed:86.05% of 43
<<, stderr was:
<<
(DEBUG) Check if thread.c##68dbc82c76f38251efbb1344ca59c422.gcov is included...
(DEBUG) Check if arch.h##eee3095deeb51a158c6bb5ded542fa59.gcov is included...
(DEBUG) Finding source file corresponding to a gcov data file
  gcov_fname   /home/afmondra/zephyr-course/app/modules/ring_buf/arch.h##eee3095deeb51a158c6bb5ded542fa59.gcov
  current_dir  /home/afmondra/zephyr-course/app/modules/ring_buf
  root         /home/afmondra/zephyr-course/app/modules/ring_buf
  starting_dir /home/afmondra/zephyr-course
  obj_dir      None
  gcda_fname   ../../../twister-out/native_sim_native/host/homework.unit.ring_buf/zephyr/arch/arch/posix/core/CMakeFiles/arch__posix__core.dir/thread.c.gcda
  --> fname    /home/afmondra/deps/zephyr/include/zephyr/arch/posix/arch.h
(DEBUG) Check if /home/afmondra/deps/zephyr/include/zephyr/arch/posix/arch.h is included...
(DEBUG)   No filter matched.
(DEBUG) Finding source file corresponding to a gcov data file
  gcov_fname   /home/afmondra/zephyr-course/app/modules/ring_buf/thread.c##68dbc82c76f38251efbb1344ca59c422.gcov
  current_dir  /home/afmondra/zephyr-course/app/modules/ring_buf
  root         /home/afmondra/zephyr-course/app/modules/ring_buf
  starting_dir /home/afmondra/zephyr-course
  obj_dir      None
  gcda_fname   ../../../twister-out/native_sim_native/host/homework.unit.ring_buf/zephyr/arch/arch/posix/core/CMakeFiles/arch__posix__core.dir/thread.c.gcda
  --> fname    /home/afmondra/deps/zephyr/arch/posix/core/thread.c
(DEBUG) Check if /home/afmondra/deps/zephyr/arch/posix/core/thread.c is included...
(DEBUG)   No filter matched.
(DEBUG) Processing file: /home/afmondra/zephyr-course/twister-out/native_sim_native/host/homework.unit.ring_buf/zephyr/boards/native/native_sim/CMakeFiles/boards__native__native_sim.dir/cmdline.c.gcda
(DEBUG) Running gcov: 'gcov /home/afmondra/zephyr-course/twister-out/native_sim_native/host/homework.unit.ring_buf/zephyr/boards/native/native_sim/CMakeFiles/boards__native__native_sim.dir/cmdline.c.gcda --branch-counts --branch-probabilities --all-blocks --demangled-names --hash-filenames --object-directory ../../../twister-out/native_sim_native/host/homework.unit.ring_buf/zephyr/boards/native/native_sim/CMakeFiles/boards__native__native_sim.dir' in '/home/afmondra/zephyr-course/app/modules/ring_buf'
(DEBUG) GCOV return code was 0, stdout was:
File '/home/afmondra/deps/zephyr/boards/native/native_sim/cmdline.c'
Lines executed:33.33% of 9
No branches
Calls executed:33.33% of 3
Creating 'cmdline.c##fb73b77430854b8be0560922f5f5f79a.gcov'

Lines executed:33.33% of 9
<<, stderr was:
<<
(DEBUG) Check if cmdline.c##fb73b77430854b8be0560922f5f5f79a.gcov is included...
(DEBUG) Finding source file corresponding to a gcov data file
  gcov_fname   /home/afmondra/zephyr-course/app/modules/ring_buf/cmdline.c##fb73b77430854b8be0560922f5f5f79a.gcov
  current_dir  /home/afmondra/zephyr-course/app/modules/ring_buf
  root         /home/afmondra/zephyr-course/app/modules/ring_buf
  starting_dir /home/afmondra/zephyr-course
  obj_dir      None
  gcda_fname   ../../../twister-out/native_sim_native/host/homework.unit.ring_buf/zephyr/boards/native/native_sim/CMakeFiles/boards__native__native_sim.dir/cmdline.c.gcda
  --> fname    /home/afmondra/deps/zephyr/boards/native/native_sim/cmdline.c
(DEBUG) Check if /home/afmondra/deps/zephyr/boards/native/native_sim/cmdline.c is included...
(DEBUG)   No filter matched.
(DEBUG) Processing file: /home/afmondra/zephyr-course/twister-out/native_sim_native/host/homework.unit.ring_buf/zephyr/boards/native/native_sim/CMakeFiles/boards__native__native_sim.dir/cpu_wait.c.gcda
(DEBUG) Running gcov: 'gcov /home/afmondra/zephyr-course/twister-out/native_sim_native/host/homework.unit.ring_buf/zephyr/boards/native/native_sim/CMakeFiles/boards__native__native_sim.dir/cpu_wait.c.gcda --branch-counts --branch-probabilities --all-blocks --demangled-names --hash-filenames --object-directory ../../../twister-out/native_sim_native/host/homework.unit.ring_buf/zephyr/boards/native/native_sim/CMakeFiles/boards__native__native_sim.dir' in '/home/afmondra/zephyr-course/app/modules/ring_buf'
(DEBUG) GCOV return code was 0, stdout was:
File '/home/afmondra/deps/zephyr/boards/native/native_sim/cpu_wait.c'
Lines executed:0.00% of 15
Branches executed:0.00% of 4
Taken at least once:0.00% of 4
Calls executed:0.00% of 9
Creating 'cpu_wait.c##3deaa91fa6b5b20dcea91840e6173a07.gcov'

File '/home/afmondra/deps/zephyr/scripts/native_simulator/common/src/include/nsi_hw_scheduler.h'
Lines executed:0.00% of 2
No branches
No calls
Creating 'nsi_hw_scheduler.h##b0743ea65c6d77c614682a7835996174.gcov'

Lines executed:0.00% of 17
<<, stderr was:
<<
(DEBUG) Check if cpu_wait.c##3deaa91fa6b5b20dcea91840e6173a07.gcov is included...
(DEBUG) Check if nsi_hw_scheduler.h##b0743ea65c6d77c614682a7835996174.gcov is included...
(DEBUG) Finding source file corresponding to a gcov data file
  gcov_fname   /home/afmondra/zephyr-course/app/modules/ring_buf/cpu_wait.c##3deaa91fa6b5b20dcea91840e6173a07.gcov
  current_dir  /home/afmondra/zephyr-course/app/modules/ring_buf
  root         /home/afmondra/zephyr-course/app/modules/ring_buf
  starting_dir /home/afmondra/zephyr-course
  obj_dir      None
  gcda_fname   ../../../twister-out/native_sim_native/host/homework.unit.ring_buf/zephyr/boards/native/native_sim/CMakeFiles/boards__native__native_sim.dir/cpu_wait.c.gcda
  --> fname    /home/afmondra/deps/zephyr/boards/native/native_sim/cpu_wait.c
(DEBUG) Check if /home/afmondra/deps/zephyr/boards/native/native_sim/cpu_wait.c is included...
(DEBUG)   No filter matched.
(DEBUG) Finding source file corresponding to a gcov data file
  gcov_fname   /home/afmondra/zephyr-course/app/modules/ring_buf/nsi_hw_scheduler.h##b0743ea65c6d77c614682a7835996174.gcov
  current_dir  /home/afmondra/zephyr-course/app/modules/ring_buf
  root         /home/afmondra/zephyr-course/app/modules/ring_buf
  starting_dir /home/afmondra/zephyr-course
  obj_dir      None
  gcda_fname   ../../../twister-out/native_sim_native/host/homework.unit.ring_buf/zephyr/boards/native/native_sim/CMakeFiles/boards__native__native_sim.dir/cpu_wait.c.gcda
  --> fname    /home/afmondra/deps/zephyr/scripts/native_simulator/common/src/include/nsi_hw_scheduler.h
(DEBUG) Check if /home/afmondra/deps/zephyr/scripts/native_simulator/common/src/include/nsi_hw_scheduler.h is included...
(DEBUG)   No filter matched.
(DEBUG) Processing file: /home/afmondra/zephyr-course/twister-out/native_sim_native/host/homework.unit.ring_buf/zephyr/boards/native/native_sim/CMakeFiles/boards__native__native_sim.dir/irq_handler.c.gcda
(DEBUG) Running gcov: 'gcov /home/afmondra/zephyr-course/twister-out/native_sim_native/host/homework.unit.ring_buf/zephyr/boards/native/native_sim/CMakeFiles/boards__native__native_sim.dir/irq_handler.c.gcda --branch-counts --branch-probabilities --all-blocks --demangled-names --hash-filenames --object-directory ../../../twister-out/native_sim_native/host/homework.unit.ring_buf/zephyr/boards/native/native_sim/CMakeFiles/boards__native__native_sim.dir' in '/home/afmondra/zephyr-course/app/modules/ring_buf'
(DEBUG) GCOV return code was 0, stdout was:
File '/home/afmondra/deps/zephyr/boards/native/native_sim/irq_handler.c'
Lines executed:25.64% of 78
Branches executed:14.29% of 28
Taken at least once:7.14% of 28
Calls executed:16.13% of 31
Creating 'irq_handler.c##48e6119894c0abe4e8a81e80568ae9d6.gcov'

File '/home/afmondra/deps/zephyr/kernel/include/kswap.h'
Lines executed:0.00% of 3
No branches
Calls executed:0.00% of 1
Creating 'kswap.h##483f1340319f4640844203f3f81ed500.gcov'

Lines executed:24.69% of 81
<<, stderr was:
<<
(DEBUG) Check if irq_handler.c##48e6119894c0abe4e8a81e80568ae9d6.gcov is included...
(DEBUG) Check if kswap.h##483f1340319f4640844203f3f81ed500.gcov is included...
(DEBUG) Finding source file corresponding to a gcov data file
  gcov_fname   /home/afmondra/zephyr-course/app/modules/ring_buf/kswap.h##483f1340319f4640844203f3f81ed500.gcov
  current_dir  /home/afmondra/zephyr-course/app/modules/ring_buf
  root         /home/afmondra/zephyr-course/app/modules/ring_buf
  starting_dir /home/afmondra/zephyr-course
  obj_dir      None
  gcda_fname   ../../../twister-out/native_sim_native/host/homework.unit.ring_buf/zephyr/boards/native/native_sim/CMakeFiles/boards__native__native_sim.dir/irq_handler.c.gcda
  --> fname    /home/afmondra/deps/zephyr/kernel/include/kswap.h
(DEBUG) Check if /home/afmondra/deps/zephyr/kernel/include/kswap.h is included...
(DEBUG)   No filter matched.
(DEBUG) Finding source file corresponding to a gcov data file
  gcov_fname   /home/afmondra/zephyr-course/app/modules/ring_buf/irq_handler.c##48e6119894c0abe4e8a81e80568ae9d6.gcov
  current_dir  /home/afmondra/zephyr-course/app/modules/ring_buf
  root         /home/afmondra/zephyr-course/app/modules/ring_buf
  starting_dir /home/afmondra/zephyr-course
  obj_dir      None
  gcda_fname   ../../../twister-out/native_sim_native/host/homework.unit.ring_buf/zephyr/boards/native/native_sim/CMakeFiles/boards__native__native_sim.dir/irq_handler.c.gcda
  --> fname    /home/afmondra/deps/zephyr/boards/native/native_sim/irq_handler.c
(DEBUG) Check if /home/afmondra/deps/zephyr/boards/native/native_sim/irq_handler.c is included...
(DEBUG)   No filter matched.
(DEBUG) Processing file: /home/afmondra/zephyr-course/twister-out/native_sim_native/host/homework.unit.ring_buf/zephyr/boards/native/native_sim/CMakeFiles/boards__native__native_sim.dir/misc.c.gcno
(DEBUG) Running gcov: 'gcov /home/afmondra/zephyr-course/twister-out/native_sim_native/host/homework.unit.ring_buf/zephyr/boards/native/native_sim/CMakeFiles/boards__native__native_sim.dir/misc.c.gcno --branch-counts --branch-probabilities --all-blocks --demangled-names --hash-filenames --object-directory ../../../twister-out/native_sim_native/host/homework.unit.ring_buf/zephyr/boards/native/native_sim/CMakeFiles/boards__native__native_sim.dir' in '/home/afmondra/zephyr-course/app/modules/ring_buf'
(DEBUG) GCOV return code was 0, stdout was:
No executable lines
<<, stderr was:
../../../twister-out/native_sim_native/host/homework.unit.ring_buf/zephyr/boards/native/native_sim/CMakeFiles/boards__native__native_sim.dir/misc.c.gcno:no functions found
../../../twister-out/native_sim_native/host/homework.unit.ring_buf/zephyr/boards/native/native_sim/CMakeFiles/boards__native__native_sim.dir/misc.c.gcda:cannot open data file, assuming not executed
<<
(DEBUG) Processing file: /home/afmondra/zephyr-course/twister-out/native_sim_native/host/homework.unit.ring_buf/zephyr/boards/native/native_sim/CMakeFiles/boards__native__native_sim.dir/nsi_if.c.gcda
(DEBUG) Running gcov: 'gcov /home/afmondra/zephyr-course/twister-out/native_sim_native/host/homework.unit.ring_buf/zephyr/boards/native/native_sim/CMakeFiles/boards__native__native_sim.dir/nsi_if.c.gcda --branch-counts --branch-probabilities --all-blocks --demangled-names --hash-filenames --object-directory ../../../twister-out/native_sim_native/host/homework.unit.ring_buf/zephyr/boards/native/native_sim/CMakeFiles/boards__native__native_sim.dir' in '/home/afmondra/zephyr-course/app/modules/ring_buf'
(DEBUG) GCOV return code was 0, stdout was:
File '/home/afmondra/deps/zephyr/boards/native/native_sim/nsi_if.c'
Lines executed:70.59% of 17
No branches
Calls executed:71.43% of 7
Creating 'nsi_if.c##266a2a8a1665c14d073c1ac9df0b4e59.gcov'

Lines executed:70.59% of 17
<<, stderr was:
<<
(DEBUG) Check if nsi_if.c##266a2a8a1665c14d073c1ac9df0b4e59.gcov is included...
(DEBUG) Finding source file corresponding to a gcov data file
  gcov_fname   /home/afmondra/zephyr-course/app/modules/ring_buf/nsi_if.c##266a2a8a1665c14d073c1ac9df0b4e59.gcov
  current_dir  /home/afmondra/zephyr-course/app/modules/ring_buf
  root         /home/afmondra/zephyr-course/app/modules/ring_buf
  starting_dir /home/afmondra/zephyr-course
  obj_dir      None
  gcda_fname   ../../../twister-out/native_sim_native/host/homework.unit.ring_buf/zephyr/boards/native/native_sim/CMakeFiles/boards__native__native_sim.dir/nsi_if.c.gcda
  --> fname    /home/afmondra/deps/zephyr/boards/native/native_sim/nsi_if.c
(DEBUG) Check if /home/afmondra/deps/zephyr/boards/native/native_sim/nsi_if.c is included...
(DEBUG)   No filter matched.
(DEBUG) Processing file: /home/afmondra/zephyr-course/twister-out/native_sim_native/host/homework.unit.ring_buf/zephyr/boards/native/native_sim/CMakeFiles/boards__native__native_sim.dir/posix_arch_if.c.gcda
(DEBUG) Running gcov: 'gcov /home/afmondra/zephyr-course/twister-out/native_sim_native/host/homework.unit.ring_buf/zephyr/boards/native/native_sim/CMakeFiles/boards__native__native_sim.dir/posix_arch_if.c.gcda --branch-counts --branch-probabilities --all-blocks --demangled-names --hash-filenames --object-directory ../../../twister-out/native_sim_native/host/homework.unit.ring_buf/zephyr/boards/native/native_sim/CMakeFiles/boards__native__native_sim.dir' in '/home/afmondra/zephyr-course/app/modules/ring_buf'
(DEBUG) GCOV return code was 0, stdout was:
File '/home/afmondra/deps/zephyr/boards/native/native_sim/posix_arch_if.c'
Lines executed:25.93% of 27
No branches
Calls executed:16.67% of 6
Creating 'posix_arch_if.c##1d9a05141d4ddb7238d6710e27418b9f.gcov'

File '/home/afmondra/deps/zephyr/scripts/native_simulator/common/src/include/nsi_hw_scheduler.h'
Lines executed:0.00% of 2
No branches
No calls
Creating 'nsi_hw_scheduler.h##b0743ea65c6d77c614682a7835996174.gcov'

Lines executed:24.14% of 29
<<, stderr was:
<<
(DEBUG) Check if posix_arch_if.c##1d9a05141d4ddb7238d6710e27418b9f.gcov is included...
(DEBUG) Check if nsi_hw_scheduler.h##b0743ea65c6d77c614682a7835996174.gcov is included...
(DEBUG) Finding source file corresponding to a gcov data file
  gcov_fname   /home/afmondra/zephyr-course/app/modules/ring_buf/posix_arch_if.c##1d9a05141d4ddb7238d6710e27418b9f.gcov
  current_dir  /home/afmondra/zephyr-course/app/modules/ring_buf
  root         /home/afmondra/zephyr-course/app/modules/ring_buf
  starting_dir /home/afmondra/zephyr-course
  obj_dir      None
  gcda_fname   ../../../twister-out/native_sim_native/host/homework.unit.ring_buf/zephyr/boards/native/native_sim/CMakeFiles/boards__native__native_sim.dir/posix_arch_if.c.gcda
  --> fname    /home/afmondra/deps/zephyr/boards/native/native_sim/posix_arch_if.c
(DEBUG) Check if /home/afmondra/deps/zephyr/boards/native/native_sim/posix_arch_if.c is included...
(DEBUG)   No filter matched.
(DEBUG) Finding source file corresponding to a gcov data file
  gcov_fname   /home/afmondra/zephyr-course/app/modules/ring_buf/nsi_hw_scheduler.h##b0743ea65c6d77c614682a7835996174.gcov
  current_dir  /home/afmondra/zephyr-course/app/modules/ring_buf
  root         /home/afmondra/zephyr-course/app/modules/ring_buf
  starting_dir /home/afmondra/zephyr-course
  obj_dir      None
  gcda_fname   ../../../twister-out/native_sim_native/host/homework.unit.ring_buf/zephyr/boards/native/native_sim/CMakeFiles/boards__native__native_sim.dir/posix_arch_if.c.gcda
  --> fname    /home/afmondra/deps/zephyr/scripts/native_simulator/common/src/include/nsi_hw_scheduler.h
(DEBUG) Check if /home/afmondra/deps/zephyr/scripts/native_simulator/common/src/include/nsi_hw_scheduler.h is included...
(DEBUG)   No filter matched.
(DEBUG) Processing file: /home/afmondra/zephyr-course/twister-out/native_sim_native/host/homework.unit.ring_buf/zephyr/drivers/console/CMakeFiles/drivers__console.dir/posix_arch_console.c.gcda
(DEBUG) Running gcov: 'gcov /home/afmondra/zephyr-course/twister-out/native_sim_native/host/homework.unit.ring_buf/zephyr/drivers/console/CMakeFiles/drivers__console.dir/posix_arch_console.c.gcda --branch-counts --branch-probabilities --all-blocks --demangled-names --hash-filenames --object-directory ../../../twister-out/native_sim_native/host/homework.unit.ring_buf/zephyr/drivers/console/CMakeFiles/drivers__console.dir' in '/home/afmondra/zephyr-course/app/modules/ring_buf'
(DEBUG) GCOV return code was 0, stdout was:
File '/home/afmondra/deps/zephyr/drivers/console/posix_arch_console.c'
Lines executed:13.04% of 23
Branches executed:0.00% of 10
Taken at least once:0.00% of 10
Calls executed:33.33% of 3
Creating 'posix_arch_console.c##e0bb1f013e61b5ab0fe97c0ec62c4db1.gcov'

Lines executed:13.04% of 23
<<, stderr was:
<<
(DEBUG) Check if posix_arch_console.c##e0bb1f013e61b5ab0fe97c0ec62c4db1.gcov is included...
(DEBUG) Finding source file corresponding to a gcov data file
  gcov_fname   /home/afmondra/zephyr-course/app/modules/ring_buf/posix_arch_console.c##e0bb1f013e61b5ab0fe97c0ec62c4db1.gcov
  current_dir  /home/afmondra/zephyr-course/app/modules/ring_buf
  root         /home/afmondra/zephyr-course/app/modules/ring_buf
  starting_dir /home/afmondra/zephyr-course
  obj_dir      None
  gcda_fname   ../../../twister-out/native_sim_native/host/homework.unit.ring_buf/zephyr/drivers/console/CMakeFiles/drivers__console.dir/posix_arch_console.c.gcda
  --> fname    /home/afmondra/deps/zephyr/drivers/console/posix_arch_console.c
(DEBUG) Check if /home/afmondra/deps/zephyr/drivers/console/posix_arch_console.c is included...
(DEBUG)   No filter matched.
(DEBUG) Processing file: /home/afmondra/zephyr-course/twister-out/native_sim_native/host/homework.unit.ring_buf/zephyr/drivers/timer/CMakeFiles/drivers__timer.dir/native_sim_timer.c.gcda
(DEBUG) Running gcov: 'gcov /home/afmondra/zephyr-course/twister-out/native_sim_native/host/homework.unit.ring_buf/zephyr/drivers/timer/CMakeFiles/drivers__timer.dir/native_sim_timer.c.gcda --branch-counts --branch-probabilities --all-blocks --demangled-names --hash-filenames --object-directory ../../../twister-out/native_sim_native/host/homework.unit.ring_buf/zephyr/drivers/timer/CMakeFiles/drivers__timer.dir' in '/home/afmondra/zephyr-course/app/modules/ring_buf'
(DEBUG) GCOV return code was 0, stdout was:
File '/home/afmondra/deps/zephyr/drivers/timer/native_sim_timer.c'
Lines executed:50.00% of 34
Branches executed:100.00% of 4
Taken at least once:50.00% of 4
Calls executed:57.14% of 14
Creating 'native_sim_timer.c##ed35f4b230399f8791a2be6eee3636ad.gcov'

File '/home/afmondra/deps/zephyr/scripts/native_simulator/common/src/include/nsi_hw_scheduler.h'
Lines executed:100.00% of 2
No branches
No calls
Creating 'nsi_hw_scheduler.h##b0743ea65c6d77c614682a7835996174.gcov'

Lines executed:52.78% of 36
<<, stderr was:
<<
(DEBUG) Check if native_sim_timer.c##ed35f4b230399f8791a2be6eee3636ad.gcov is included...
(DEBUG) Check if nsi_hw_scheduler.h##b0743ea65c6d77c614682a7835996174.gcov is included...
(DEBUG) Finding source file corresponding to a gcov data file
  gcov_fname   /home/afmondra/zephyr-course/app/modules/ring_buf/native_sim_timer.c##ed35f4b230399f8791a2be6eee3636ad.gcov
  current_dir  /home/afmondra/zephyr-course/app/modules/ring_buf
  root         /home/afmondra/zephyr-course/app/modules/ring_buf
  starting_dir /home/afmondra/zephyr-course
  obj_dir      None
  gcda_fname   ../../../twister-out/native_sim_native/host/homework.unit.ring_buf/zephyr/drivers/timer/CMakeFiles/drivers__timer.dir/native_sim_timer.c.gcda
  --> fname    /home/afmondra/deps/zephyr/drivers/timer/native_sim_timer.c
(DEBUG) Check if /home/afmondra/deps/zephyr/drivers/timer/native_sim_timer.c is included...
(DEBUG)   No filter matched.
(DEBUG) Finding source file corresponding to a gcov data file
  gcov_fname   /home/afmondra/zephyr-course/app/modules/ring_buf/nsi_hw_scheduler.h##b0743ea65c6d77c614682a7835996174.gcov
  current_dir  /home/afmondra/zephyr-course/app/modules/ring_buf
  root         /home/afmondra/zephyr-course/app/modules/ring_buf
  starting_dir /home/afmondra/zephyr-course
  obj_dir      None
  gcda_fname   ../../../twister-out/native_sim_native/host/homework.unit.ring_buf/zephyr/drivers/timer/CMakeFiles/drivers__timer.dir/native_sim_timer.c.gcda
  --> fname    /home/afmondra/deps/zephyr/scripts/native_simulator/common/src/include/nsi_hw_scheduler.h
(DEBUG) Check if /home/afmondra/deps/zephyr/scripts/native_simulator/common/src/include/nsi_hw_scheduler.h is included...
(DEBUG)   No filter matched.
(DEBUG) Processing file: /home/afmondra/zephyr-course/twister-out/native_sim_native/host/homework.unit.ring_buf/zephyr/drivers/timer/CMakeFiles/drivers__timer.dir/sys_clock_init.c.gcda
(DEBUG) Running gcov: 'gcov /home/afmondra/zephyr-course/twister-out/native_sim_native/host/homework.unit.ring_buf/zephyr/drivers/timer/CMakeFiles/drivers__timer.dir/sys_clock_init.c.gcda --branch-counts --branch-probabilities --all-blocks --demangled-names --hash-filenames --object-directory ../../../twister-out/native_sim_native/host/homework.unit.ring_buf/zephyr/drivers/timer/CMakeFiles/drivers__timer.dir' in '/home/afmondra/zephyr-course/app/modules/ring_buf'
(DEBUG) GCOV return code was 0, stdout was:
File '/home/afmondra/deps/zephyr/drivers/timer/sys_clock_init.c'
Lines executed:0.00% of 4
No branches
No calls
Creating 'sys_clock_init.c##d162613d1a9e2b70758a6ab8ea78ce31.gcov'

Lines executed:0.00% of 4
<<, stderr was:
<<
(DEBUG) Check if sys_clock_init.c##d162613d1a9e2b70758a6ab8ea78ce31.gcov is included...
(DEBUG) Finding source file corresponding to a gcov data file
  gcov_fname   /home/afmondra/zephyr-course/app/modules/ring_buf/sys_clock_init.c##d162613d1a9e2b70758a6ab8ea78ce31.gcov
  current_dir  /home/afmondra/zephyr-course/app/modules/ring_buf
  root         /home/afmondra/zephyr-course/app/modules/ring_buf
  starting_dir /home/afmondra/zephyr-course
  obj_dir      None
  gcda_fname   ../../../twister-out/native_sim_native/host/homework.unit.ring_buf/zephyr/drivers/timer/CMakeFiles/drivers__timer.dir/sys_clock_init.c.gcda
  --> fname    /home/afmondra/deps/zephyr/drivers/timer/sys_clock_init.c
(DEBUG) Check if /home/afmondra/deps/zephyr/drivers/timer/sys_clock_init.c is included...
(DEBUG)   No filter matched.
(DEBUG) Processing file: /home/afmondra/zephyr-course/twister-out/native_sim_native/host/homework.unit.ring_buf/zephyr/kernel/CMakeFiles/kernel.dir/banner.c.gcda
(DEBUG) Running gcov: 'gcov /home/afmondra/zephyr-course/twister-out/native_sim_native/host/homework.unit.ring_buf/zephyr/kernel/CMakeFiles/kernel.dir/banner.c.gcda --branch-counts --branch-probabilities --all-blocks --demangled-names --hash-filenames --object-directory ../../../twister-out/native_sim_native/host/homework.unit.ring_buf/zephyr/kernel/CMakeFiles/kernel.dir' in '/home/afmondra/zephyr-course/app/modules/ring_buf'
(DEBUG) GCOV return code was 0, stdout was:
File '/home/afmondra/deps/zephyr/kernel/banner.c'
Lines executed:100.00% of 3
No branches
Calls executed:100.00% of 1
Creating 'banner.c##d81e9fddf7b5c196f737eca66860e235.gcov'

Lines executed:100.00% of 3
<<, stderr was:
<<
(DEBUG) Check if banner.c##d81e9fddf7b5c196f737eca66860e235.gcov is included...
(DEBUG) Finding source file corresponding to a gcov data file
  gcov_fname   /home/afmondra/zephyr-course/app/modules/ring_buf/banner.c##d81e9fddf7b5c196f737eca66860e235.gcov
  current_dir  /home/afmondra/zephyr-course/app/modules/ring_buf
  root         /home/afmondra/zephyr-course/app/modules/ring_buf
  starting_dir /home/afmondra/zephyr-course
  obj_dir      None
  gcda_fname   ../../../twister-out/native_sim_native/host/homework.unit.ring_buf/zephyr/kernel/CMakeFiles/kernel.dir/banner.c.gcda
  --> fname    /home/afmondra/deps/zephyr/kernel/banner.c
(DEBUG) Check if /home/afmondra/deps/zephyr/kernel/banner.c is included...
(DEBUG)   No filter matched.
(DEBUG) Processing file: /home/afmondra/zephyr-course/twister-out/native_sim_native/host/homework.unit.ring_buf/zephyr/kernel/CMakeFiles/kernel.dir/busy_wait.c.gcno
(DEBUG) Running gcov: 'gcov /home/afmondra/zephyr-course/twister-out/native_sim_native/host/homework.unit.ring_buf/zephyr/kernel/CMakeFiles/kernel.dir/busy_wait.c.gcno --branch-counts --branch-probabilities --all-blocks --demangled-names --hash-filenames --object-directory ../../../twister-out/native_sim_native/host/homework.unit.ring_buf/zephyr/kernel/CMakeFiles/kernel.dir' in '/home/afmondra/zephyr-course/app/modules/ring_buf'
(DEBUG) GCOV return code was 0, stdout was:
File '/home/afmondra/deps/zephyr/kernel/busy_wait.c'
Lines executed:0.00% of 4
Branches executed:0.00% of 2
Taken at least once:0.00% of 2
Calls executed:0.00% of 1
Creating 'busy_wait.c##76d9cfb25cd0bfa048538f1508ed555c.gcov'

Lines executed:0.00% of 4
<<, stderr was:
../../../twister-out/native_sim_native/host/homework.unit.ring_buf/zephyr/kernel/CMakeFiles/kernel.dir/busy_wait.c.gcda:cannot open data file, assuming not executed
<<
(DEBUG) Check if busy_wait.c##76d9cfb25cd0bfa048538f1508ed555c.gcov is included...
(DEBUG) Finding source file corresponding to a gcov data file
  gcov_fname   /home/afmondra/zephyr-course/app/modules/ring_buf/busy_wait.c##76d9cfb25cd0bfa048538f1508ed555c.gcov
  current_dir  /home/afmondra/zephyr-course/app/modules/ring_buf
  root         /home/afmondra/zephyr-course/app/modules/ring_buf
  starting_dir /home/afmondra/zephyr-course
  obj_dir      None
  gcda_fname   ../../../twister-out/native_sim_native/host/homework.unit.ring_buf/zephyr/kernel/CMakeFiles/kernel.dir/busy_wait.c.gcno
  --> fname    /home/afmondra/deps/zephyr/kernel/busy_wait.c
(DEBUG) Check if /home/afmondra/deps/zephyr/kernel/busy_wait.c is included...
(DEBUG)   No filter matched.
(DEBUG) Processing file: /home/afmondra/zephyr-course/twister-out/native_sim_native/host/homework.unit.ring_buf/zephyr/kernel/CMakeFiles/kernel.dir/condvar.c.gcno
(DEBUG) Running gcov: 'gcov /home/afmondra/zephyr-course/twister-out/native_sim_native/host/homework.unit.ring_buf/zephyr/kernel/CMakeFiles/kernel.dir/condvar.c.gcno --branch-counts --branch-probabilities --all-blocks --demangled-names --hash-filenames --object-directory ../../../twister-out/native_sim_native/host/homework.unit.ring_buf/zephyr/kernel/CMakeFiles/kernel.dir' in '/home/afmondra/zephyr-course/app/modules/ring_buf'
(DEBUG) GCOV return code was 0, stdout was:
File '/home/afmondra/deps/zephyr/kernel/condvar.c'
Lines executed:0.00% of 31
Branches executed:0.00% of 6
Taken at least once:0.00% of 6
Calls executed:0.00% of 19
Creating 'condvar.c##63b728e2b760f471664b35817216c95d.gcov'

File '/home/afmondra/deps/zephyr/kernel/include/wait_q.h'
Lines executed:0.00% of 3
No branches
Calls executed:0.00% of 1
Creating 'wait_q.h##7d194b64851e991ac75a7d3dbc9cc4b5.gcov'

File '/home/afmondra/deps/zephyr/kernel/include/ksched.h'
Lines executed:0.00% of 16
Branches executed:0.00% of 6
Taken at least once:0.00% of 6
Calls executed:0.00% of 18
Creating 'ksched.h##66840255ea5d90e8133169214ef7589d.gcov'

File '/home/afmondra/deps/zephyr/kernel/include/priority_q.h'
Lines executed:0.00% of 9
Branches executed:0.00% of 2
Taken at least once:0.00% of 2
Calls executed:0.00% of 2
Creating 'priority_q.h##019a5395a95fa982590d634a0de7c00b.gcov'

File '/home/afmondra/deps/zephyr/kernel/include/kthread.h'
Lines executed:0.00% of 3
No branches
No calls
Creating 'kthread.h##f5ac6029d1fd819fb88ff662c28cfe33.gcov'

File '/home/afmondra/deps/zephyr/kernel/include/timeout_q.h'
Lines executed:0.00% of 3
No branches
Calls executed:0.00% of 1
Creating 'timeout_q.h##0019aefc9ed6cdad0bdd6ed43d40cc99.gcov'

File '/home/afmondra/deps/zephyr/arch/posix/include/kernel_arch_func.h'
Lines executed:0.00% of 3
No branches
No calls
Creating 'kernel_arch_func.h##379cf6a4b0e9931ee2a0b5e22a6341aa.gcov'

File '/home/afmondra/zephyr-course/twister-out/native_sim_native/host/homework.unit.ring_buf/zephyr/include/generated/zephyr/syscalls/kernel.h'
Lines executed:0.00% of 6
No branches
Calls executed:0.00% of 4
Creating 'kernel.h##13f2e6a4c33f57e7946f4cdd024701bf.gcov'

File '/home/afmondra/deps/zephyr/include/zephyr/sys/internal/kobject_internal.h'
Lines executed:0.00% of 2
No branches
No calls
Creating 'kobject_internal.h##7fc8757d0ace3c199ecb77726040aa27.gcov'

File '/home/afmondra/deps/zephyr/include/zephyr/spinlock.h'
Lines executed:0.00% of 15
Branches executed:0.00% of 4
Taken at least once:0.00% of 4
Calls executed:0.00% of 17
Creating 'spinlock.h##0907215eaec88fd477ba521e3409787d.gcov'

File '/home/afmondra/deps/zephyr/include/zephyr/arch/posix/arch.h'
Lines executed:0.00% of 7
No branches
Calls executed:0.00% of 2
Creating 'arch.h##eee3095deeb51a158c6bb5ded542fa59.gcov'

File '/home/afmondra/deps/zephyr/include/zephyr/sys/dlist.h'
Lines executed:0.00% of 19
Branches executed:0.00% of 2
Taken at least once:0.00% of 2
Calls executed:0.00% of 2
Creating 'dlist.h##a327e4cc11655394ebace39a0dfd33dd.gcov'

Lines executed:0.00% of 117
<<, stderr was:
../../../twister-out/native_sim_native/host/homework.unit.ring_buf/zephyr/kernel/CMakeFiles/kernel.dir/condvar.c.gcda:cannot open data file, assuming not executed
<<
(DEBUG) Check if condvar.c##63b728e2b760f471664b35817216c95d.gcov is included...
(DEBUG) Check if wait_q.h##7d194b64851e991ac75a7d3dbc9cc4b5.gcov is included...
(DEBUG) Check if ksched.h##66840255ea5d90e8133169214ef7589d.gcov is included...
(DEBUG) Check if priority_q.h##019a5395a95fa982590d634a0de7c00b.gcov is included...
(DEBUG) Check if kthread.h##f5ac6029d1fd819fb88ff662c28cfe33.gcov is included...
(DEBUG) Check if timeout_q.h##0019aefc9ed6cdad0bdd6ed43d40cc99.gcov is included...
(DEBUG) Check if kernel_arch_func.h##379cf6a4b0e9931ee2a0b5e22a6341aa.gcov is included...
(DEBUG) Check if kernel.h##13f2e6a4c33f57e7946f4cdd024701bf.gcov is included...
(DEBUG) Check if kobject_internal.h##7fc8757d0ace3c199ecb77726040aa27.gcov is included...
(DEBUG) Check if spinlock.h##0907215eaec88fd477ba521e3409787d.gcov is included...
(DEBUG) Check if arch.h##eee3095deeb51a158c6bb5ded542fa59.gcov is included...
(DEBUG) Check if dlist.h##a327e4cc11655394ebace39a0dfd33dd.gcov is included...
(DEBUG) Finding source file corresponding to a gcov data file
  gcov_fname   /home/afmondra/zephyr-course/app/modules/ring_buf/kernel_arch_func.h##379cf6a4b0e9931ee2a0b5e22a6341aa.gcov
  current_dir  /home/afmondra/zephyr-course/app/modules/ring_buf
  root         /home/afmondra/zephyr-course/app/modules/ring_buf
  starting_dir /home/afmondra/zephyr-course
  obj_dir      None
  gcda_fname   ../../../twister-out/native_sim_native/host/homework.unit.ring_buf/zephyr/kernel/CMakeFiles/kernel.dir/condvar.c.gcno
  --> fname    /home/afmondra/deps/zephyr/arch/posix/include/kernel_arch_func.h
(DEBUG) Check if /home/afmondra/deps/zephyr/arch/posix/include/kernel_arch_func.h is included...
(DEBUG)   No filter matched.
(DEBUG) Finding source file corresponding to a gcov data file
  gcov_fname   /home/afmondra/zephyr-course/app/modules/ring_buf/condvar.c##63b728e2b760f471664b35817216c95d.gcov
  current_dir  /home/afmondra/zephyr-course/app/modules/ring_buf
  root         /home/afmondra/zephyr-course/app/modules/ring_buf
  starting_dir /home/afmondra/zephyr-course
  obj_dir      None
  gcda_fname   ../../../twister-out/native_sim_native/host/homework.unit.ring_buf/zephyr/kernel/CMakeFiles/kernel.dir/condvar.c.gcno
  --> fname    /home/afmondra/deps/zephyr/kernel/condvar.c
(DEBUG) Check if /home/afmondra/deps/zephyr/kernel/condvar.c is included...
(DEBUG)   No filter matched.
(DEBUG) Finding source file corresponding to a gcov data file
  gcov_fname   /home/afmondra/zephyr-course/app/modules/ring_buf/wait_q.h##7d194b64851e991ac75a7d3dbc9cc4b5.gcov
  current_dir  /home/afmondra/zephyr-course/app/modules/ring_buf
  root         /home/afmondra/zephyr-course/app/modules/ring_buf
  starting_dir /home/afmondra/zephyr-course
  obj_dir      None
  gcda_fname   ../../../twister-out/native_sim_native/host/homework.unit.ring_buf/zephyr/kernel/CMakeFiles/kernel.dir/condvar.c.gcno
  --> fname    /home/afmondra/deps/zephyr/kernel/include/wait_q.h
(DEBUG) Check if /home/afmondra/deps/zephyr/kernel/include/wait_q.h is included...
(DEBUG)   No filter matched.
(DEBUG) Finding source file corresponding to a gcov data file
  gcov_fname   /home/afmondra/zephyr-course/app/modules/ring_buf/spinlock.h##0907215eaec88fd477ba521e3409787d.gcov
  current_dir  /home/afmondra/zephyr-course/app/modules/ring_buf
  root         /home/afmondra/zephyr-course/app/modules/ring_buf
  starting_dir /home/afmondra/zephyr-course
  obj_dir      None
  gcda_fname   ../../../twister-out/native_sim_native/host/homework.unit.ring_buf/zephyr/kernel/CMakeFiles/kernel.dir/condvar.c.gcno
  --> fname    /home/afmondra/deps/zephyr/include/zephyr/spinlock.h
(DEBUG) Check if /home/afmondra/deps/zephyr/include/zephyr/spinlock.h is included...
(DEBUG)   No filter matched.
(DEBUG) Finding source file corresponding to a gcov data file
  gcov_fname   /home/afmondra/zephyr-course/app/modules/ring_buf/dlist.h##a327e4cc11655394ebace39a0dfd33dd.gcov
  current_dir  /home/afmondra/zephyr-course/app/modules/ring_buf
  root         /home/afmondra/zephyr-course/app/modules/ring_buf
  starting_dir /home/afmondra/zephyr-course
  obj_dir      None
  gcda_fname   ../../../twister-out/native_sim_native/host/homework.unit.ring_buf/zephyr/kernel/CMakeFiles/kernel.dir/condvar.c.gcno
  --> fname    /home/afmondra/deps/zephyr/include/zephyr/sys/dlist.h
(DEBUG) Check if /home/afmondra/deps/zephyr/include/zephyr/sys/dlist.h is included...
(DEBUG)   No filter matched.
(DEBUG) Finding source file corresponding to a gcov data file
  gcov_fname   /home/afmondra/zephyr-course/app/modules/ring_buf/timeout_q.h##0019aefc9ed6cdad0bdd6ed43d40cc99.gcov
  current_dir  /home/afmondra/zephyr-course/app/modules/ring_buf
  root         /home/afmondra/zephyr-course/app/modules/ring_buf
  starting_dir /home/afmondra/zephyr-course
  obj_dir      None
  gcda_fname   ../../../twister-out/native_sim_native/host/homework.unit.ring_buf/zephyr/kernel/CMakeFiles/kernel.dir/condvar.c.gcno
  --> fname    /home/afmondra/deps/zephyr/kernel/include/timeout_q.h
(DEBUG) Check if /home/afmondra/deps/zephyr/kernel/include/timeout_q.h is included...
(DEBUG)   No filter matched.
(DEBUG) Finding source file corresponding to a gcov data file
  gcov_fname   /home/afmondra/zephyr-course/app/modules/ring_buf/ksched.h##66840255ea5d90e8133169214ef7589d.gcov
  current_dir  /home/afmondra/zephyr-course/app/modules/ring_buf
  root         /home/afmondra/zephyr-course/app/modules/ring_buf
  starting_dir /home/afmondra/zephyr-course
  obj_dir      None
  gcda_fname   ../../../twister-out/native_sim_native/host/homework.unit.ring_buf/zephyr/kernel/CMakeFiles/kernel.dir/condvar.c.gcno
  --> fname    /home/afmondra/deps/zephyr/kernel/include/ksched.h
(DEBUG) Check if /home/afmondra/deps/zephyr/kernel/include/ksched.h is included...
(DEBUG)   No filter matched.
(DEBUG) Finding source file corresponding to a gcov data file
  gcov_fname   /home/afmondra/zephyr-course/app/modules/ring_buf/arch.h##eee3095deeb51a158c6bb5ded542fa59.gcov
  current_dir  /home/afmondra/zephyr-course/app/modules/ring_buf
  root         /home/afmondra/zephyr-course/app/modules/ring_buf
  starting_dir /home/afmondra/zephyr-course
  obj_dir      None
  gcda_fname   ../../../twister-out/native_sim_native/host/homework.unit.ring_buf/zephyr/kernel/CMakeFiles/kernel.dir/condvar.c.gcno
  --> fname    /home/afmondra/deps/zephyr/include/zephyr/arch/posix/arch.h
(DEBUG) Check if /home/afmondra/deps/zephyr/include/zephyr/arch/posix/arch.h is included...
(DEBUG)   No filter matched.
(DEBUG) Finding source file corresponding to a gcov data file
  gcov_fname   /home/afmondra/zephyr-course/app/modules/ring_buf/kobject_internal.h##7fc8757d0ace3c199ecb77726040aa27.gcov
  current_dir  /home/afmondra/zephyr-course/app/modules/ring_buf
  root         /home/afmondra/zephyr-course/app/modules/ring_buf
  starting_dir /home/afmondra/zephyr-course
  obj_dir      None
  gcda_fname   ../../../twister-out/native_sim_native/host/homework.unit.ring_buf/zephyr/kernel/CMakeFiles/kernel.dir/condvar.c.gcno
  --> fname    /home/afmondra/deps/zephyr/include/zephyr/sys/internal/kobject_internal.h
(DEBUG) Check if /home/afmondra/deps/zephyr/include/zephyr/sys/internal/kobject_internal.h is included...
(DEBUG)   No filter matched.
(DEBUG) Finding source file corresponding to a gcov data file
  gcov_fname   /home/afmondra/zephyr-course/app/modules/ring_buf/priority_q.h##019a5395a95fa982590d634a0de7c00b.gcov
  current_dir  /home/afmondra/zephyr-course/app/modules/ring_buf
  root         /home/afmondra/zephyr-course/app/modules/ring_buf
  starting_dir /home/afmondra/zephyr-course
  obj_dir      None
  gcda_fname   ../../../twister-out/native_sim_native/host/homework.unit.ring_buf/zephyr/kernel/CMakeFiles/kernel.dir/condvar.c.gcno
  --> fname    /home/afmondra/deps/zephyr/kernel/include/priority_q.h
(DEBUG) Check if /home/afmondra/deps/zephyr/kernel/include/priority_q.h is included...
(DEBUG)   No filter matched.
(DEBUG) Finding source file corresponding to a gcov data file
  gcov_fname   /home/afmondra/zephyr-course/app/modules/ring_buf/kthread.h##f5ac6029d1fd819fb88ff662c28cfe33.gcov
  current_dir  /home/afmondra/zephyr-course/app/modules/ring_buf
  root         /home/afmondra/zephyr-course/app/modules/ring_buf
  starting_dir /home/afmondra/zephyr-course
  obj_dir      None
  gcda_fname   ../../../twister-out/native_sim_native/host/homework.unit.ring_buf/zephyr/kernel/CMakeFiles/kernel.dir/condvar.c.gcno
  --> fname    /home/afmondra/deps/zephyr/kernel/include/kthread.h
(DEBUG) Check if /home/afmondra/deps/zephyr/kernel/include/kthread.h is included...
(DEBUG)   No filter matched.
(DEBUG) Finding source file corresponding to a gcov data file
  gcov_fname   /home/afmondra/zephyr-course/app/modules/ring_buf/kernel.h##13f2e6a4c33f57e7946f4cdd024701bf.gcov
  current_dir  /home/afmondra/zephyr-course/app/modules/ring_buf
  root         /home/afmondra/zephyr-course/app/modules/ring_buf
  starting_dir /home/afmondra/zephyr-course
  obj_dir      None
  gcda_fname   ../../../twister-out/native_sim_native/host/homework.unit.ring_buf/zephyr/kernel/CMakeFiles/kernel.dir/condvar.c.gcno
  --> fname    /home/afmondra/zephyr-course/twister-out/native_sim_native/host/homework.unit.ring_buf/zephyr/include/generated/zephyr/syscalls/kernel.h
(DEBUG) Check if /home/afmondra/zephyr-course/twister-out/native_sim_native/host/homework.unit.ring_buf/zephyr/include/generated/zephyr/syscalls/kernel.h is included...
(DEBUG)   No filter matched.
(DEBUG) Processing file: /home/afmondra/zephyr-course/twister-out/native_sim_native/host/homework.unit.ring_buf/zephyr/kernel/CMakeFiles/kernel.dir/device.c.gcda
(DEBUG) Running gcov: 'gcov /home/afmondra/zephyr-course/twister-out/native_sim_native/host/homework.unit.ring_buf/zephyr/kernel/CMakeFiles/kernel.dir/device.c.gcda --branch-counts --branch-probabilities --all-blocks --demangled-names --hash-filenames --object-directory ../../../twister-out/native_sim_native/host/homework.unit.ring_buf/zephyr/kernel/CMakeFiles/kernel.dir' in '/home/afmondra/zephyr-course/app/modules/ring_buf'
(DEBUG) GCOV return code was 0, stdout was:
File '/home/afmondra/deps/zephyr/kernel/device.c'
Lines executed:10.34% of 29
Branches executed:13.33% of 30
Taken at least once:6.67% of 30
Calls executed:0.00% of 13
Creating 'device.c##25b4323b051b275bfd6ecaeaa3b6bc62.gcov'

File '/home/afmondra/deps/zephyr/include/zephyr/sys/internal/kobject_internal.h'
Lines executed:0.00% of 2
No branches
No calls
Creating 'kobject_internal.h##7fc8757d0ace3c199ecb77726040aa27.gcov'

Lines executed:9.68% of 31
<<, stderr was:
<<
(DEBUG) Check if device.c##25b4323b051b275bfd6ecaeaa3b6bc62.gcov is included...
(DEBUG) Check if kobject_internal.h##7fc8757d0ace3c199ecb77726040aa27.gcov is included...
(DEBUG) Finding source file corresponding to a gcov data file
  gcov_fname   /home/afmondra/zephyr-course/app/modules/ring_buf/device.c##25b4323b051b275bfd6ecaeaa3b6bc62.gcov
  current_dir  /home/afmondra/zephyr-course/app/modules/ring_buf
  root         /home/afmondra/zephyr-course/app/modules/ring_buf
  starting_dir /home/afmondra/zephyr-course
  obj_dir      None
  gcda_fname   ../../../twister-out/native_sim_native/host/homework.unit.ring_buf/zephyr/kernel/CMakeFiles/kernel.dir/device.c.gcda
  --> fname    /home/afmondra/deps/zephyr/kernel/device.c
(DEBUG) Check if /home/afmondra/deps/zephyr/kernel/device.c is included...
(DEBUG)   No filter matched.
(DEBUG) Finding source file corresponding to a gcov data file
  gcov_fname   /home/afmondra/zephyr-course/app/modules/ring_buf/kobject_internal.h##7fc8757d0ace3c199ecb77726040aa27.gcov
  current_dir  /home/afmondra/zephyr-course/app/modules/ring_buf
  root         /home/afmondra/zephyr-course/app/modules/ring_buf
  starting_dir /home/afmondra/zephyr-course
  obj_dir      None
  gcda_fname   ../../../twister-out/native_sim_native/host/homework.unit.ring_buf/zephyr/kernel/CMakeFiles/kernel.dir/device.c.gcda
  --> fname    /home/afmondra/deps/zephyr/include/zephyr/sys/internal/kobject_internal.h
(DEBUG) Check if /home/afmondra/deps/zephyr/include/zephyr/sys/internal/kobject_internal.h is included...
(DEBUG)   No filter matched.
(DEBUG) Processing file: /home/afmondra/zephyr-course/twister-out/native_sim_native/host/homework.unit.ring_buf/zephyr/kernel/CMakeFiles/kernel.dir/dynamic_disabled.c.gcno
(DEBUG) Running gcov: 'gcov /home/afmondra/zephyr-course/twister-out/native_sim_native/host/homework.unit.ring_buf/zephyr/kernel/CMakeFiles/kernel.dir/dynamic_disabled.c.gcno --branch-counts --branch-probabilities --all-blocks --demangled-names --hash-filenames --object-directory ../../../twister-out/native_sim_native/host/homework.unit.ring_buf/zephyr/kernel/CMakeFiles/kernel.dir' in '/home/afmondra/zephyr-course/app/modules/ring_buf'
(DEBUG) GCOV return code was 0, stdout was:
File '/home/afmondra/deps/zephyr/kernel/dynamic_disabled.c'
Lines executed:0.00% of 4
No branches
No calls
Creating 'dynamic_disabled.c##2c37af1ffa0a4920d6adbaa70d8d7da0.gcov'

Lines executed:0.00% of 4
<<, stderr was:
../../../twister-out/native_sim_native/host/homework.unit.ring_buf/zephyr/kernel/CMakeFiles/kernel.dir/dynamic_disabled.c.gcda:cannot open data file, assuming not executed
<<
(DEBUG) Check if dynamic_disabled.c##2c37af1ffa0a4920d6adbaa70d8d7da0.gcov is included...
(DEBUG) Finding source file corresponding to a gcov data file
  gcov_fname   /home/afmondra/zephyr-course/app/modules/ring_buf/dynamic_disabled.c##2c37af1ffa0a4920d6adbaa70d8d7da0.gcov
  current_dir  /home/afmondra/zephyr-course/app/modules/ring_buf
  root         /home/afmondra/zephyr-course/app/modules/ring_buf
  starting_dir /home/afmondra/zephyr-course
  obj_dir      None
  gcda_fname   ../../../twister-out/native_sim_native/host/homework.unit.ring_buf/zephyr/kernel/CMakeFiles/kernel.dir/dynamic_disabled.c.gcno
  --> fname    /home/afmondra/deps/zephyr/kernel/dynamic_disabled.c
(DEBUG) Check if /home/afmondra/deps/zephyr/kernel/dynamic_disabled.c is included...
(DEBUG)   No filter matched.
(DEBUG) Processing file: /home/afmondra/zephyr-course/twister-out/native_sim_native/host/homework.unit.ring_buf/zephyr/kernel/CMakeFiles/kernel.dir/errno.c.gcno
(DEBUG) Running gcov: 'gcov /home/afmondra/zephyr-course/twister-out/native_sim_native/host/homework.unit.ring_buf/zephyr/kernel/CMakeFiles/kernel.dir/errno.c.gcno --branch-counts --branch-probabilities --all-blocks --demangled-names --hash-filenames --object-directory ../../../twister-out/native_sim_native/host/homework.unit.ring_buf/zephyr/kernel/CMakeFiles/kernel.dir' in '/home/afmondra/zephyr-course/app/modules/ring_buf'
(DEBUG) GCOV return code was 0, stdout was:
File '/home/afmondra/deps/zephyr/kernel/errno.c'
Lines executed:0.00% of 2
No branches
No calls
Creating 'errno.c##896a9e1c3a1271daf46771220d454827.gcov'

Lines executed:0.00% of 2
<<, stderr was:
../../../twister-out/native_sim_native/host/homework.unit.ring_buf/zephyr/kernel/CMakeFiles/kernel.dir/errno.c.gcda:cannot open data file, assuming not executed
<<
(DEBUG) Check if errno.c##896a9e1c3a1271daf46771220d454827.gcov is included...
(DEBUG) Finding source file corresponding to a gcov data file
  gcov_fname   /home/afmondra/zephyr-course/app/modules/ring_buf/errno.c##896a9e1c3a1271daf46771220d454827.gcov
  current_dir  /home/afmondra/zephyr-course/app/modules/ring_buf
  root         /home/afmondra/zephyr-course/app/modules/ring_buf
  starting_dir /home/afmondra/zephyr-course
  obj_dir      None
  gcda_fname   ../../../twister-out/native_sim_native/host/homework.unit.ring_buf/zephyr/kernel/CMakeFiles/kernel.dir/errno.c.gcno
  --> fname    /home/afmondra/deps/zephyr/kernel/errno.c
(DEBUG) Check if /home/afmondra/deps/zephyr/kernel/errno.c is included...
(DEBUG)   No filter matched.
(DEBUG) Processing file: /home/afmondra/zephyr-course/twister-out/native_sim_native/host/homework.unit.ring_buf/zephyr/kernel/CMakeFiles/kernel.dir/fatal.c.gcda
(DEBUG) Running gcov: 'gcov /home/afmondra/zephyr-course/twister-out/native_sim_native/host/homework.unit.ring_buf/zephyr/kernel/CMakeFiles/kernel.dir/fatal.c.gcda --branch-counts --branch-probabilities --all-blocks --demangled-names --hash-filenames --object-directory ../../../twister-out/native_sim_native/host/homework.unit.ring_buf/zephyr/kernel/CMakeFiles/kernel.dir' in '/home/afmondra/zephyr-course/app/modules/ring_buf'
(DEBUG) GCOV return code was 0, stdout was:
File '/home/afmondra/deps/zephyr/kernel/fatal.c'
Lines executed:0.00% of 38
Branches executed:0.00% of 24
Taken at least once:0.00% of 24
Calls executed:0.00% of 13
Creating 'fatal.c##8a83b11cf92f7d652d056d07b5a7bca2.gcov'

File '/home/afmondra/deps/zephyr/include/zephyr/debug/coredump.h'
Lines executed:0.00% of 2
No branches
No calls
Creating 'coredump.h##bf4bf92c130e2ed467c9db9b5976e274.gcov'

File '/home/afmondra/zephyr-course/twister-out/native_sim_native/host/homework.unit.ring_buf/zephyr/include/generated/zephyr/syscalls/log_ctrl.h'
Lines executed:0.00% of 4
No branches
Calls executed:0.00% of 2
Creating 'log_ctrl.h##8befabee49c2404b5c100c5517bc0db3.gcov'

File '/home/afmondra/deps/zephyr/include/zephyr/logging/log_msg.h'
Lines executed:0.00% of 5
No branches
Calls executed:0.00% of 1
Creating 'log_msg.h##79b8d5e6c50f02645efdf4e980ac5492.gcov'

File '/home/afmondra/zephyr-course/twister-out/native_sim_native/host/homework.unit.ring_buf/zephyr/include/generated/zephyr/syscalls/kernel.h'
Lines executed:0.00% of 4
No branches
Calls executed:0.00% of 2
Creating 'kernel.h##13f2e6a4c33f57e7946f4cdd024701bf.gcov'

File '/home/afmondra/deps/zephyr/include/zephyr/arch/posix/arch.h'
Lines executed:0.00% of 5
No branches
Calls executed:0.00% of 2
Creating 'arch.h##eee3095deeb51a158c6bb5ded542fa59.gcov'

Lines executed:0.00% of 58
<<, stderr was:
<<
(DEBUG) Check if fatal.c##8a83b11cf92f7d652d056d07b5a7bca2.gcov is included...
(DEBUG) Check if coredump.h##bf4bf92c130e2ed467c9db9b5976e274.gcov is included...
(DEBUG) Check if log_ctrl.h##8befabee49c2404b5c100c5517bc0db3.gcov is included...
(DEBUG) Check if log_msg.h##79b8d5e6c50f02645efdf4e980ac5492.gcov is included...
(DEBUG) Check if kernel.h##13f2e6a4c33f57e7946f4cdd024701bf.gcov is included...
(DEBUG) Check if arch.h##eee3095deeb51a158c6bb5ded542fa59.gcov is included...
(DEBUG) Finding source file corresponding to a gcov data file
  gcov_fname   /home/afmondra/zephyr-course/app/modules/ring_buf/log_msg.h##79b8d5e6c50f02645efdf4e980ac5492.gcov
  current_dir  /home/afmondra/zephyr-course/app/modules/ring_buf
  root         /home/afmondra/zephyr-course/app/modules/ring_buf
  starting_dir /home/afmondra/zephyr-course
  obj_dir      None
  gcda_fname   ../../../twister-out/native_sim_native/host/homework.unit.ring_buf/zephyr/kernel/CMakeFiles/kernel.dir/fatal.c.gcda
  --> fname    /home/afmondra/deps/zephyr/include/zephyr/logging/log_msg.h
(DEBUG) Check if /home/afmondra/deps/zephyr/include/zephyr/logging/log_msg.h is included...
(DEBUG)   No filter matched.
(DEBUG) Finding source file corresponding to a gcov data file
  gcov_fname   /home/afmondra/zephyr-course/app/modules/ring_buf/arch.h##eee3095deeb51a158c6bb5ded542fa59.gcov
  current_dir  /home/afmondra/zephyr-course/app/modules/ring_buf
  root         /home/afmondra/zephyr-course/app/modules/ring_buf
  starting_dir /home/afmondra/zephyr-course
  obj_dir      None
  gcda_fname   ../../../twister-out/native_sim_native/host/homework.unit.ring_buf/zephyr/kernel/CMakeFiles/kernel.dir/fatal.c.gcda
  --> fname    /home/afmondra/deps/zephyr/include/zephyr/arch/posix/arch.h
(DEBUG) Check if /home/afmondra/deps/zephyr/include/zephyr/arch/posix/arch.h is included...
(DEBUG)   No filter matched.
(DEBUG) Finding source file corresponding to a gcov data file
  gcov_fname   /home/afmondra/zephyr-course/app/modules/ring_buf/coredump.h##bf4bf92c130e2ed467c9db9b5976e274.gcov
  current_dir  /home/afmondra/zephyr-course/app/modules/ring_buf
  root         /home/afmondra/zephyr-course/app/modules/ring_buf
  starting_dir /home/afmondra/zephyr-course
  obj_dir      None
  gcda_fname   ../../../twister-out/native_sim_native/host/homework.unit.ring_buf/zephyr/kernel/CMakeFiles/kernel.dir/fatal.c.gcda
  --> fname    /home/afmondra/deps/zephyr/include/zephyr/debug/coredump.h
(DEBUG) Check if /home/afmondra/deps/zephyr/include/zephyr/debug/coredump.h is included...
(DEBUG)   No filter matched.
(DEBUG) Finding source file corresponding to a gcov data file
  gcov_fname   /home/afmondra/zephyr-course/app/modules/ring_buf/log_ctrl.h##8befabee49c2404b5c100c5517bc0db3.gcov
  current_dir  /home/afmondra/zephyr-course/app/modules/ring_buf
  root         /home/afmondra/zephyr-course/app/modules/ring_buf
  starting_dir /home/afmondra/zephyr-course
  obj_dir      None
  gcda_fname   ../../../twister-out/native_sim_native/host/homework.unit.ring_buf/zephyr/kernel/CMakeFiles/kernel.dir/fatal.c.gcda
  --> fname    /home/afmondra/zephyr-course/twister-out/native_sim_native/host/homework.unit.ring_buf/zephyr/include/generated/zephyr/syscalls/log_ctrl.h
(DEBUG) Check if /home/afmondra/zephyr-course/twister-out/native_sim_native/host/homework.unit.ring_buf/zephyr/include/generated/zephyr/syscalls/log_ctrl.h is included...
(DEBUG)   No filter matched.
(DEBUG) Finding source file corresponding to a gcov data file
  gcov_fname   /home/afmondra/zephyr-course/app/modules/ring_buf/kernel.h##13f2e6a4c33f57e7946f4cdd024701bf.gcov
  current_dir  /home/afmondra/zephyr-course/app/modules/ring_buf
  root         /home/afmondra/zephyr-course/app/modules/ring_buf
  starting_dir /home/afmondra/zephyr-course
  obj_dir      None
  gcda_fname   ../../../twister-out/native_sim_native/host/homework.unit.ring_buf/zephyr/kernel/CMakeFiles/kernel.dir/fatal.c.gcda
  --> fname    /home/afmondra/zephyr-course/twister-out/native_sim_native/host/homework.unit.ring_buf/zephyr/include/generated/zephyr/syscalls/kernel.h
(DEBUG) Check if /home/afmondra/zephyr-course/twister-out/native_sim_native/host/homework.unit.ring_buf/zephyr/include/generated/zephyr/syscalls/kernel.h is included...
(DEBUG)   No filter matched.
(DEBUG) Finding source file corresponding to a gcov data file
  gcov_fname   /home/afmondra/zephyr-course/app/modules/ring_buf/fatal.c##8a83b11cf92f7d652d056d07b5a7bca2.gcov
  current_dir  /home/afmondra/zephyr-course/app/modules/ring_buf
  root         /home/afmondra/zephyr-course/app/modules/ring_buf
  starting_dir /home/afmondra/zephyr-course
  obj_dir      None
  gcda_fname   ../../../twister-out/native_sim_native/host/homework.unit.ring_buf/zephyr/kernel/CMakeFiles/kernel.dir/fatal.c.gcda
  --> fname    /home/afmondra/deps/zephyr/kernel/fatal.c
(DEBUG) Check if /home/afmondra/deps/zephyr/kernel/fatal.c is included...
(DEBUG)   No filter matched.
(DEBUG) Processing file: /home/afmondra/zephyr-course/twister-out/native_sim_native/host/homework.unit.ring_buf/zephyr/kernel/CMakeFiles/kernel.dir/float.c.gcno
(DEBUG) Running gcov: 'gcov /home/afmondra/zephyr-course/twister-out/native_sim_native/host/homework.unit.ring_buf/zephyr/kernel/CMakeFiles/kernel.dir/float.c.gcno --branch-counts --branch-probabilities --all-blocks --demangled-names --hash-filenames --object-directory ../../../twister-out/native_sim_native/host/homework.unit.ring_buf/zephyr/kernel/CMakeFiles/kernel.dir' in '/home/afmondra/zephyr-course/app/modules/ring_buf'
(DEBUG) GCOV return code was 0, stdout was:
File '/home/afmondra/deps/zephyr/kernel/float.c'
Lines executed:0.00% of 4
No branches
No calls
Creating 'float.c##96ab98f72ceeba99ecc72000878c291b.gcov'

Lines executed:0.00% of 4
<<, stderr was:
../../../twister-out/native_sim_native/host/homework.unit.ring_buf/zephyr/kernel/CMakeFiles/kernel.dir/float.c.gcda:cannot open data file, assuming not executed
<<
(DEBUG) Check if float.c##96ab98f72ceeba99ecc72000878c291b.gcov is included...
(DEBUG) Finding source file corresponding to a gcov data file
  gcov_fname   /home/afmondra/zephyr-course/app/modules/ring_buf/float.c##96ab98f72ceeba99ecc72000878c291b.gcov
  current_dir  /home/afmondra/zephyr-course/app/modules/ring_buf
  root         /home/afmondra/zephyr-course/app/modules/ring_buf
  starting_dir /home/afmondra/zephyr-course
  obj_dir      None
  gcda_fname   ../../../twister-out/native_sim_native/host/homework.unit.ring_buf/zephyr/kernel/CMakeFiles/kernel.dir/float.c.gcno
  --> fname    /home/afmondra/deps/zephyr/kernel/float.c
(DEBUG) Check if /home/afmondra/deps/zephyr/kernel/float.c is included...
(DEBUG)   No filter matched.
(DEBUG) Processing file: /home/afmondra/zephyr-course/twister-out/native_sim_native/host/homework.unit.ring_buf/zephyr/kernel/CMakeFiles/kernel.dir/idle.c.gcda
(DEBUG) Running gcov: 'gcov /home/afmondra/zephyr-course/twister-out/native_sim_native/host/homework.unit.ring_buf/zephyr/kernel/CMakeFiles/kernel.dir/idle.c.gcda --branch-counts --branch-probabilities --all-blocks --demangled-names --hash-filenames --object-directory ../../../twister-out/native_sim_native/host/homework.unit.ring_buf/zephyr/kernel/CMakeFiles/kernel.dir' in '/home/afmondra/zephyr-course/app/modules/ring_buf'
(DEBUG) GCOV return code was 0, stdout was:
File '/home/afmondra/deps/zephyr/kernel/idle.c'
Lines executed:0.00% of 9
Branches executed:0.00% of 4
Taken at least once:0.00% of 4
Calls executed:0.00% of 13
Creating 'idle.c##56c5d4970392bf51c547d57b677ada14.gcov'

File '/home/afmondra/deps/zephyr/include/zephyr/kernel.h'
Lines executed:0.00% of 3
No branches
Calls executed:0.00% of 1
Creating 'kernel.h##6b0baf6c49afefbfab07edb7166fdce2.gcov'

File '/home/afmondra/deps/zephyr/include/zephyr/arch/posix/arch.h'
Lines executed:0.00% of 7
No branches
Calls executed:0.00% of 2
Creating 'arch.h##eee3095deeb51a158c6bb5ded542fa59.gcov'

Lines executed:0.00% of 19
<<, stderr was:
<<
(DEBUG) Check if idle.c##56c5d4970392bf51c547d57b677ada14.gcov is included...
(DEBUG) Check if kernel.h##6b0baf6c49afefbfab07edb7166fdce2.gcov is included...
(DEBUG) Check if arch.h##eee3095deeb51a158c6bb5ded542fa59.gcov is included...
(DEBUG) Finding source file corresponding to a gcov data file
  gcov_fname   /home/afmondra/zephyr-course/app/modules/ring_buf/arch.h##eee3095deeb51a158c6bb5ded542fa59.gcov
  current_dir  /home/afmondra/zephyr-course/app/modules/ring_buf
  root         /home/afmondra/zephyr-course/app/modules/ring_buf
  starting_dir /home/afmondra/zephyr-course
  obj_dir      None
  gcda_fname   ../../../twister-out/native_sim_native/host/homework.unit.ring_buf/zephyr/kernel/CMakeFiles/kernel.dir/idle.c.gcda
  --> fname    /home/afmondra/deps/zephyr/include/zephyr/arch/posix/arch.h
(DEBUG) Check if /home/afmondra/deps/zephyr/include/zephyr/arch/posix/arch.h is included...
(DEBUG)   No filter matched.
(DEBUG) Finding source file corresponding to a gcov data file
  gcov_fname   /home/afmondra/zephyr-course/app/modules/ring_buf/idle.c##56c5d4970392bf51c547d57b677ada14.gcov
  current_dir  /home/afmondra/zephyr-course/app/modules/ring_buf
  root         /home/afmondra/zephyr-course/app/modules/ring_buf
  starting_dir /home/afmondra/zephyr-course
  obj_dir      None
  gcda_fname   ../../../twister-out/native_sim_native/host/homework.unit.ring_buf/zephyr/kernel/CMakeFiles/kernel.dir/idle.c.gcda
  --> fname    /home/afmondra/deps/zephyr/kernel/idle.c
(DEBUG) Check if /home/afmondra/deps/zephyr/kernel/idle.c is included...
(DEBUG)   No filter matched.
(DEBUG) Finding source file corresponding to a gcov data file
  gcov_fname   /home/afmondra/zephyr-course/app/modules/ring_buf/kernel.h##6b0baf6c49afefbfab07edb7166fdce2.gcov
  current_dir  /home/afmondra/zephyr-course/app/modules/ring_buf
  root         /home/afmondra/zephyr-course/app/modules/ring_buf
  starting_dir /home/afmondra/zephyr-course
  obj_dir      None
  gcda_fname   ../../../twister-out/native_sim_native/host/homework.unit.ring_buf/zephyr/kernel/CMakeFiles/kernel.dir/idle.c.gcda
  --> fname    /home/afmondra/deps/zephyr/include/zephyr/kernel.h
(DEBUG) Check if /home/afmondra/deps/zephyr/include/zephyr/kernel.h is included...
(DEBUG)   No filter matched.
(DEBUG) Processing file: /home/afmondra/zephyr-course/twister-out/native_sim_native/host/homework.unit.ring_buf/zephyr/kernel/CMakeFiles/kernel.dir/init.c.gcda
(DEBUG) Running gcov: 'gcov /home/afmondra/zephyr-course/twister-out/native_sim_native/host/homework.unit.ring_buf/zephyr/kernel/CMakeFiles/kernel.dir/init.c.gcda --branch-counts --branch-probabilities --all-blocks --demangled-names --hash-filenames --object-directory ../../../twister-out/native_sim_native/host/homework.unit.ring_buf/zephyr/kernel/CMakeFiles/kernel.dir' in '/home/afmondra/zephyr-course/app/modules/ring_buf'
(DEBUG) GCOV return code was 0, stdout was:
File '/home/afmondra/deps/zephyr/kernel/init.c'
Lines executed:56.88% of 109
Branches executed:47.06% of 34
Taken at least once:29.41% of 34
Calls executed:59.18% of 49
Creating 'init.c##2b3cf4d4be5a71648b746a7f8149cc91.gcov'

File '/home/afmondra/deps/zephyr/include/zephyr/pm/device_runtime.h'
Lines executed:0.00% of 2
No branches
No calls
Creating 'device_runtime.h##21f5a471edaafcc8265765567b9077d7.gcov'

File '/home/afmondra/deps/zephyr/include/zephyr/debug/gcov.h'
Lines executed:100.00% of 1
No branches
No calls
Creating 'gcov.h##5769d23a3030a23b406383e56a4cc865.gcov'

File '/home/afmondra/deps/zephyr/kernel/include/kthread.h'
Lines executed:27.27% of 11
Branches executed:0.00% of 2
Taken at least once:0.00% of 2
Calls executed:0.00% of 2
Creating 'kthread.h##f5ac6029d1fd819fb88ff662c28cfe33.gcov'

File '/home/afmondra/deps/zephyr/kernel/include/timeout_q.h'
Lines executed:0.00% of 2
No branches
Calls executed:0.00% of 1
Creating 'timeout_q.h##0019aefc9ed6cdad0bdd6ed43d40cc99.gcov'

File '/home/afmondra/deps/zephyr/arch/posix/include/kernel_arch_func.h'
Lines executed:100.00% of 2
No branches
No calls
Creating 'kernel_arch_func.h##379cf6a4b0e9931ee2a0b5e22a6341aa.gcov'

File '/home/afmondra/zephyr-course/twister-out/native_sim_native/host/homework.unit.ring_buf/zephyr/include/generated/zephyr/syscalls/kernel.h'
Lines executed:0.00% of 4
No branches
Calls executed:0.00% of 2
Creating 'kernel.h##13f2e6a4c33f57e7946f4cdd024701bf.gcov'

File '/home/afmondra/deps/zephyr/include/zephyr/kernel.h'
Lines executed:0.00% of 5
No branches
Calls executed:0.00% of 2
Creating 'kernel.h##6b0baf6c49afefbfab07edb7166fdce2.gcov'

File '/home/afmondra/deps/zephyr/include/zephyr/kernel/thread_stack.h'
Lines executed:100.00% of 2
No branches
No calls
Creating 'thread_stack.h##c38a38ee42d801f914300e7c98316e4e.gcov'

File '/home/afmondra/deps/zephyr/include/zephyr/arch/posix/arch.h'
Lines executed:0.00% of 2
No branches
Calls executed:0.00% of 1
Creating 'arch.h##eee3095deeb51a158c6bb5ded542fa59.gcov'

Lines executed:50.00% of 140
<<, stderr was:
<<
(DEBUG) Check if init.c##2b3cf4d4be5a71648b746a7f8149cc91.gcov is included...
(DEBUG) Check if device_runtime.h##21f5a471edaafcc8265765567b9077d7.gcov is included...
(DEBUG) Check if gcov.h##5769d23a3030a23b406383e56a4cc865.gcov is included...
(DEBUG) Check if kthread.h##f5ac6029d1fd819fb88ff662c28cfe33.gcov is included...
(DEBUG) Check if timeout_q.h##0019aefc9ed6cdad0bdd6ed43d40cc99.gcov is included...
(DEBUG) Check if kernel_arch_func.h##379cf6a4b0e9931ee2a0b5e22a6341aa.gcov is included...
(DEBUG) Check if kernel.h##13f2e6a4c33f57e7946f4cdd024701bf.gcov is included...
(DEBUG) Check if kernel.h##6b0baf6c49afefbfab07edb7166fdce2.gcov is included...
(DEBUG) Check if thread_stack.h##c38a38ee42d801f914300e7c98316e4e.gcov is included...
(DEBUG) Check if arch.h##eee3095deeb51a158c6bb5ded542fa59.gcov is included...
(DEBUG) Finding source file corresponding to a gcov data file
  gcov_fname   /home/afmondra/zephyr-course/app/modules/ring_buf/kernel_arch_func.h##379cf6a4b0e9931ee2a0b5e22a6341aa.gcov
  current_dir  /home/afmondra/zephyr-course/app/modules/ring_buf
  root         /home/afmondra/zephyr-course/app/modules/ring_buf
  starting_dir /home/afmondra/zephyr-course
  obj_dir      None
  gcda_fname   ../../../twister-out/native_sim_native/host/homework.unit.ring_buf/zephyr/kernel/CMakeFiles/kernel.dir/init.c.gcda
  --> fname    /home/afmondra/deps/zephyr/arch/posix/include/kernel_arch_func.h
(DEBUG) Check if /home/afmondra/deps/zephyr/arch/posix/include/kernel_arch_func.h is included...
(DEBUG)   No filter matched.
(DEBUG) Finding source file corresponding to a gcov data file
  gcov_fname   /home/afmondra/zephyr-course/app/modules/ring_buf/kernel.h##6b0baf6c49afefbfab07edb7166fdce2.gcov
  current_dir  /home/afmondra/zephyr-course/app/modules/ring_buf
  root         /home/afmondra/zephyr-course/app/modules/ring_buf
  starting_dir /home/afmondra/zephyr-course
  obj_dir      None
  gcda_fname   ../../../twister-out/native_sim_native/host/homework.unit.ring_buf/zephyr/kernel/CMakeFiles/kernel.dir/init.c.gcda
  --> fname    /home/afmondra/deps/zephyr/include/zephyr/kernel.h
(DEBUG) Check if /home/afmondra/deps/zephyr/include/zephyr/kernel.h is included...
(DEBUG)   No filter matched.
(DEBUG) Finding source file corresponding to a gcov data file
  gcov_fname   /home/afmondra/zephyr-course/app/modules/ring_buf/device_runtime.h##21f5a471edaafcc8265765567b9077d7.gcov
  current_dir  /home/afmondra/zephyr-course/app/modules/ring_buf
  root         /home/afmondra/zephyr-course/app/modules/ring_buf
  starting_dir /home/afmondra/zephyr-course
  obj_dir      None
  gcda_fname   ../../../twister-out/native_sim_native/host/homework.unit.ring_buf/zephyr/kernel/CMakeFiles/kernel.dir/init.c.gcda
  --> fname    /home/afmondra/deps/zephyr/include/zephyr/pm/device_runtime.h
(DEBUG) Check if /home/afmondra/deps/zephyr/include/zephyr/pm/device_runtime.h is included...
(DEBUG)   No filter matched.
(DEBUG) Finding source file corresponding to a gcov data file
  gcov_fname   /home/afmondra/zephyr-course/app/modules/ring_buf/timeout_q.h##0019aefc9ed6cdad0bdd6ed43d40cc99.gcov
  current_dir  /home/afmondra/zephyr-course/app/modules/ring_buf
  root         /home/afmondra/zephyr-course/app/modules/ring_buf
  starting_dir /home/afmondra/zephyr-course
  obj_dir      None
  gcda_fname   ../../../twister-out/native_sim_native/host/homework.unit.ring_buf/zephyr/kernel/CMakeFiles/kernel.dir/init.c.gcda
  --> fname    /home/afmondra/deps/zephyr/kernel/include/timeout_q.h
(DEBUG) Check if /home/afmondra/deps/zephyr/kernel/include/timeout_q.h is included...
(DEBUG)   No filter matched.
(DEBUG) Finding source file corresponding to a gcov data file
  gcov_fname   /home/afmondra/zephyr-course/app/modules/ring_buf/arch.h##eee3095deeb51a158c6bb5ded542fa59.gcov
  current_dir  /home/afmondra/zephyr-course/app/modules/ring_buf
  root         /home/afmondra/zephyr-course/app/modules/ring_buf
  starting_dir /home/afmondra/zephyr-course
  obj_dir      None
  gcda_fname   ../../../twister-out/native_sim_native/host/homework.unit.ring_buf/zephyr/kernel/CMakeFiles/kernel.dir/init.c.gcda
  --> fname    /home/afmondra/deps/zephyr/include/zephyr/arch/posix/arch.h
(DEBUG) Check if /home/afmondra/deps/zephyr/include/zephyr/arch/posix/arch.h is included...
(DEBUG)   No filter matched.
(DEBUG) Finding source file corresponding to a gcov data file
  gcov_fname   /home/afmondra/zephyr-course/app/modules/ring_buf/gcov.h##5769d23a3030a23b406383e56a4cc865.gcov
  current_dir  /home/afmondra/zephyr-course/app/modules/ring_buf
  root         /home/afmondra/zephyr-course/app/modules/ring_buf
  starting_dir /home/afmondra/zephyr-course
  obj_dir      None
  gcda_fname   ../../../twister-out/native_sim_native/host/homework.unit.ring_buf/zephyr/kernel/CMakeFiles/kernel.dir/init.c.gcda
  --> fname    /home/afmondra/deps/zephyr/include/zephyr/debug/gcov.h
(DEBUG) Check if /home/afmondra/deps/zephyr/include/zephyr/debug/gcov.h is included...
(DEBUG)   No filter matched.
(DEBUG) Finding source file corresponding to a gcov data file
  gcov_fname   /home/afmondra/zephyr-course/app/modules/ring_buf/kthread.h##f5ac6029d1fd819fb88ff662c28cfe33.gcov
  current_dir  /home/afmondra/zephyr-course/app/modules/ring_buf
  root         /home/afmondra/zephyr-course/app/modules/ring_buf
  starting_dir /home/afmondra/zephyr-course
  obj_dir      None
  gcda_fname   ../../../twister-out/native_sim_native/host/homework.unit.ring_buf/zephyr/kernel/CMakeFiles/kernel.dir/init.c.gcda
  --> fname    /home/afmondra/deps/zephyr/kernel/include/kthread.h
(DEBUG) Check if /home/afmondra/deps/zephyr/kernel/include/kthread.h is included...
(DEBUG)   No filter matched.
(DEBUG) Finding source file corresponding to a gcov data file
  gcov_fname   /home/afmondra/zephyr-course/app/modules/ring_buf/kernel.h##13f2e6a4c33f57e7946f4cdd024701bf.gcov
  current_dir  /home/afmondra/zephyr-course/app/modules/ring_buf
  root         /home/afmondra/zephyr-course/app/modules/ring_buf
  starting_dir /home/afmondra/zephyr-course
  obj_dir      None
  gcda_fname   ../../../twister-out/native_sim_native/host/homework.unit.ring_buf/zephyr/kernel/CMakeFiles/kernel.dir/init.c.gcda
  --> fname    /home/afmondra/zephyr-course/twister-out/native_sim_native/host/homework.unit.ring_buf/zephyr/include/generated/zephyr/syscalls/kernel.h
(DEBUG) Check if /home/afmondra/zephyr-course/twister-out/native_sim_native/host/homework.unit.ring_buf/zephyr/include/generated/zephyr/syscalls/kernel.h is included...
(DEBUG)   No filter matched.
(DEBUG) Finding source file corresponding to a gcov data file
  gcov_fname   /home/afmondra/zephyr-course/app/modules/ring_buf/thread_stack.h##c38a38ee42d801f914300e7c98316e4e.gcov
  current_dir  /home/afmondra/zephyr-course/app/modules/ring_buf
  root         /home/afmondra/zephyr-course/app/modules/ring_buf
  starting_dir /home/afmondra/zephyr-course
  obj_dir      None
  gcda_fname   ../../../twister-out/native_sim_native/host/homework.unit.ring_buf/zephyr/kernel/CMakeFiles/kernel.dir/init.c.gcda
  --> fname    /home/afmondra/deps/zephyr/include/zephyr/kernel/thread_stack.h
(DEBUG) Check if /home/afmondra/deps/zephyr/include/zephyr/kernel/thread_stack.h is included...
(DEBUG)   No filter matched.
(DEBUG) Finding source file corresponding to a gcov data file
  gcov_fname   /home/afmondra/zephyr-course/app/modules/ring_buf/init.c##2b3cf4d4be5a71648b746a7f8149cc91.gcov
  current_dir  /home/afmondra/zephyr-course/app/modules/ring_buf
  root         /home/afmondra/zephyr-course/app/modules/ring_buf
  starting_dir /home/afmondra/zephyr-course
  obj_dir      None
  gcda_fname   ../../../twister-out/native_sim_native/host/homework.unit.ring_buf/zephyr/kernel/CMakeFiles/kernel.dir/init.c.gcda
  --> fname    /home/afmondra/deps/zephyr/kernel/init.c
(DEBUG) Check if /home/afmondra/deps/zephyr/kernel/init.c is included...
(DEBUG)   No filter matched.
(DEBUG) Processing file: /home/afmondra/zephyr-course/twister-out/native_sim_native/host/homework.unit.ring_buf/zephyr/kernel/CMakeFiles/kernel.dir/kheap.c.gcno
(DEBUG) Running gcov: 'gcov /home/afmondra/zephyr-course/twister-out/native_sim_native/host/homework.unit.ring_buf/zephyr/kernel/CMakeFiles/kernel.dir/kheap.c.gcno --branch-counts --branch-probabilities --all-blocks --demangled-names --hash-filenames --object-directory ../../../twister-out/native_sim_native/host/homework.unit.ring_buf/zephyr/kernel/CMakeFiles/kernel.dir' in '/home/afmondra/zephyr-course/app/modules/ring_buf'
(DEBUG) GCOV return code was 0, stdout was:
File '/home/afmondra/deps/zephyr/kernel/kheap.c'
Lines executed:0.00% of 66
Branches executed:0.00% of 32
Taken at least once:0.00% of 32
Calls executed:0.00% of 43
Creating 'kheap.c##4d5c913016eb3f78f87fabacf441df13.gcov'

File '/home/afmondra/deps/zephyr/kernel/include/wait_q.h'
Lines executed:0.00% of 3
No branches
Calls executed:0.00% of 1
Creating 'wait_q.h##7d194b64851e991ac75a7d3dbc9cc4b5.gcov'

File '/home/afmondra/deps/zephyr/include/zephyr/sys/math_extras_impl.h'
Lines executed:0.00% of 2
No branches
No calls
Creating 'math_extras_impl.h##9486ac6719294299399476898ddf3fd9.gcov'

File '/home/afmondra/deps/zephyr/arch/posix/include/kernel_arch_func.h'
Lines executed:0.00% of 2
No branches
No calls
Creating 'kernel_arch_func.h##379cf6a4b0e9931ee2a0b5e22a6341aa.gcov'

File '/home/afmondra/deps/zephyr/include/zephyr/spinlock.h'
Lines executed:0.00% of 15
Branches executed:0.00% of 4
Taken at least once:0.00% of 4
Calls executed:0.00% of 17
Creating 'spinlock.h##0907215eaec88fd477ba521e3409787d.gcov'

File '/home/afmondra/deps/zephyr/include/zephyr/arch/posix/arch.h'
Lines executed:0.00% of 5
No branches
Calls executed:0.00% of 2
Creating 'arch.h##eee3095deeb51a158c6bb5ded542fa59.gcov'

File '/home/afmondra/deps/zephyr/include/zephyr/sys/dlist.h'
Lines executed:0.00% of 4
No branches
No calls
Creating 'dlist.h##a327e4cc11655394ebace39a0dfd33dd.gcov'

Lines executed:0.00% of 97
<<, stderr was:
../../../twister-out/native_sim_native/host/homework.unit.ring_buf/zephyr/kernel/CMakeFiles/kernel.dir/kheap.c.gcda:cannot open data file, assuming not executed
<<
(DEBUG) Check if kheap.c##4d5c913016eb3f78f87fabacf441df13.gcov is included...
(DEBUG) Check if wait_q.h##7d194b64851e991ac75a7d3dbc9cc4b5.gcov is included...
(DEBUG) Check if math_extras_impl.h##9486ac6719294299399476898ddf3fd9.gcov is included...
(DEBUG) Check if kernel_arch_func.h##379cf6a4b0e9931ee2a0b5e22a6341aa.gcov is included...
(DEBUG) Check if spinlock.h##0907215eaec88fd477ba521e3409787d.gcov is included...
(DEBUG) Check if arch.h##eee3095deeb51a158c6bb5ded542fa59.gcov is included...
(DEBUG) Check if dlist.h##a327e4cc11655394ebace39a0dfd33dd.gcov is included...
(DEBUG) Finding source file corresponding to a gcov data file
  gcov_fname   /home/afmondra/zephyr-course/app/modules/ring_buf/kernel_arch_func.h##379cf6a4b0e9931ee2a0b5e22a6341aa.gcov
  current_dir  /home/afmondra/zephyr-course/app/modules/ring_buf
  root         /home/afmondra/zephyr-course/app/modules/ring_buf
  starting_dir /home/afmondra/zephyr-course
  obj_dir      None
  gcda_fname   ../../../twister-out/native_sim_native/host/homework.unit.ring_buf/zephyr/kernel/CMakeFiles/kernel.dir/kheap.c.gcno
  --> fname    /home/afmondra/deps/zephyr/arch/posix/include/kernel_arch_func.h
(DEBUG) Check if /home/afmondra/deps/zephyr/arch/posix/include/kernel_arch_func.h is included...
(DEBUG)   No filter matched.
(DEBUG) Finding source file corresponding to a gcov data file
  gcov_fname   /home/afmondra/zephyr-course/app/modules/ring_buf/wait_q.h##7d194b64851e991ac75a7d3dbc9cc4b5.gcov
  current_dir  /home/afmondra/zephyr-course/app/modules/ring_buf
  root         /home/afmondra/zephyr-course/app/modules/ring_buf
  starting_dir /home/afmondra/zephyr-course
  obj_dir      None
  gcda_fname   ../../../twister-out/native_sim_native/host/homework.unit.ring_buf/zephyr/kernel/CMakeFiles/kernel.dir/kheap.c.gcno
  --> fname    /home/afmondra/deps/zephyr/kernel/include/wait_q.h
(DEBUG) Check if /home/afmondra/deps/zephyr/kernel/include/wait_q.h is included...
(DEBUG)   No filter matched.
(DEBUG) Finding source file corresponding to a gcov data file
  gcov_fname   /home/afmondra/zephyr-course/app/modules/ring_buf/spinlock.h##0907215eaec88fd477ba521e3409787d.gcov
  current_dir  /home/afmondra/zephyr-course/app/modules/ring_buf
  root         /home/afmondra/zephyr-course/app/modules/ring_buf
  starting_dir /home/afmondra/zephyr-course
  obj_dir      None
  gcda_fname   ../../../twister-out/native_sim_native/host/homework.unit.ring_buf/zephyr/kernel/CMakeFiles/kernel.dir/kheap.c.gcno
  --> fname    /home/afmondra/deps/zephyr/include/zephyr/spinlock.h
(DEBUG) Check if /home/afmondra/deps/zephyr/include/zephyr/spinlock.h is included...
(DEBUG)   No filter matched.
(DEBUG) Finding source file corresponding to a gcov data file
  gcov_fname   /home/afmondra/zephyr-course/app/modules/ring_buf/dlist.h##a327e4cc11655394ebace39a0dfd33dd.gcov
  current_dir  /home/afmondra/zephyr-course/app/modules/ring_buf
  root         /home/afmondra/zephyr-course/app/modules/ring_buf
  starting_dir /home/afmondra/zephyr-course
  obj_dir      None
  gcda_fname   ../../../twister-out/native_sim_native/host/homework.unit.ring_buf/zephyr/kernel/CMakeFiles/kernel.dir/kheap.c.gcno
  --> fname    /home/afmondra/deps/zephyr/include/zephyr/sys/dlist.h
(DEBUG) Check if /home/afmondra/deps/zephyr/include/zephyr/sys/dlist.h is included...
(DEBUG)   No filter matched.
(DEBUG) Finding source file corresponding to a gcov data file
  gcov_fname   /home/afmondra/zephyr-course/app/modules/ring_buf/kheap.c##4d5c913016eb3f78f87fabacf441df13.gcov
  current_dir  /home/afmondra/zephyr-course/app/modules/ring_buf
  root         /home/afmondra/zephyr-course/app/modules/ring_buf
  starting_dir /home/afmondra/zephyr-course
  obj_dir      None
  gcda_fname   ../../../twister-out/native_sim_native/host/homework.unit.ring_buf/zephyr/kernel/CMakeFiles/kernel.dir/kheap.c.gcno
  --> fname    /home/afmondra/deps/zephyr/kernel/kheap.c
(DEBUG) Check if /home/afmondra/deps/zephyr/kernel/kheap.c is included...
(DEBUG)   No filter matched.
(DEBUG) Finding source file corresponding to a gcov data file
  gcov_fname   /home/afmondra/zephyr-course/app/modules/ring_buf/arch.h##eee3095deeb51a158c6bb5ded542fa59.gcov
  current_dir  /home/afmondra/zephyr-course/app/modules/ring_buf
  root         /home/afmondra/zephyr-course/app/modules/ring_buf
  starting_dir /home/afmondra/zephyr-course
  obj_dir      None
  gcda_fname   ../../../twister-out/native_sim_native/host/homework.unit.ring_buf/zephyr/kernel/CMakeFiles/kernel.dir/kheap.c.gcno
  --> fname    /home/afmondra/deps/zephyr/include/zephyr/arch/posix/arch.h
(DEBUG) Check if /home/afmondra/deps/zephyr/include/zephyr/arch/posix/arch.h is included...
(DEBUG)   No filter matched.
(DEBUG) Finding source file corresponding to a gcov data file
  gcov_fname   /home/afmondra/zephyr-course/app/modules/ring_buf/math_extras_impl.h##9486ac6719294299399476898ddf3fd9.gcov
  current_dir  /home/afmondra/zephyr-course/app/modules/ring_buf
  root         /home/afmondra/zephyr-course/app/modules/ring_buf
  starting_dir /home/afmondra/zephyr-course
  obj_dir      None
  gcda_fname   ../../../twister-out/native_sim_native/host/homework.unit.ring_buf/zephyr/kernel/CMakeFiles/kernel.dir/kheap.c.gcno
  --> fname    /home/afmondra/deps/zephyr/include/zephyr/sys/math_extras_impl.h
(DEBUG) Check if /home/afmondra/deps/zephyr/include/zephyr/sys/math_extras_impl.h is included...
(DEBUG)   No filter matched.
(DEBUG) Processing file: /home/afmondra/zephyr-course/twister-out/native_sim_native/host/homework.unit.ring_buf/zephyr/kernel/CMakeFiles/kernel.dir/mailbox.c.gcno
(DEBUG) Running gcov: 'gcov /home/afmondra/zephyr-course/twister-out/native_sim_native/host/homework.unit.ring_buf/zephyr/kernel/CMakeFiles/kernel.dir/mailbox.c.gcno --branch-counts --branch-probabilities --all-blocks --demangled-names --hash-filenames --object-directory ../../../twister-out/native_sim_native/host/homework.unit.ring_buf/zephyr/kernel/CMakeFiles/kernel.dir' in '/home/afmondra/zephyr-course/app/modules/ring_buf'
(DEBUG) GCOV return code was 0, stdout was:
File '/home/afmondra/deps/zephyr/kernel/mailbox.c'
Lines executed:0.00% of 118
Branches executed:0.00% of 58
Taken at least once:0.00% of 58
Calls executed:0.00% of 46
Creating 'mailbox.c##f5d20494a4e58ee48b3b8e78f8491a39.gcov'

File '/home/afmondra/deps/zephyr/kernel/include/wait_q.h'
Lines executed:0.00% of 3
No branches
Calls executed:0.00% of 1
Creating 'wait_q.h##7d194b64851e991ac75a7d3dbc9cc4b5.gcov'

File '/home/afmondra/deps/zephyr/kernel/include/ksched.h'
Lines executed:0.00% of 3
No branches
Calls executed:0.00% of 2
Creating 'ksched.h##66840255ea5d90e8133169214ef7589d.gcov'

File '/home/afmondra/deps/zephyr/kernel/include/kthread.h'
Lines executed:0.00% of 3
No branches
No calls
Creating 'kthread.h##f5ac6029d1fd819fb88ff662c28cfe33.gcov'

File '/home/afmondra/deps/zephyr/arch/posix/include/kernel_arch_func.h'
Lines executed:0.00% of 3
No branches
No calls
Creating 'kernel_arch_func.h##379cf6a4b0e9931ee2a0b5e22a6341aa.gcov'

File '/home/afmondra/zephyr-course/twister-out/native_sim_native/host/homework.unit.ring_buf/zephyr/include/generated/zephyr/syscalls/kernel.h'
Lines executed:0.00% of 10
No branches
Calls executed:0.00% of 6
Creating 'kernel.h##13f2e6a4c33f57e7946f4cdd024701bf.gcov'

File '/home/afmondra/deps/zephyr/include/zephyr/spinlock.h'
Lines executed:0.00% of 15
Branches executed:0.00% of 4
Taken at least once:0.00% of 4
Calls executed:0.00% of 17
Creating 'spinlock.h##0907215eaec88fd477ba521e3409787d.gcov'

File '/home/afmondra/deps/zephyr/include/zephyr/arch/posix/arch.h'
Lines executed:0.00% of 5
No branches
Calls executed:0.00% of 2
Creating 'arch.h##eee3095deeb51a158c6bb5ded542fa59.gcov'

File '/home/afmondra/deps/zephyr/include/zephyr/sys/dlist.h'
Lines executed:0.00% of 12
Branches executed:0.00% of 6
Taken at least once:0.00% of 6
Calls executed:0.00% of 2
Creating 'dlist.h##a327e4cc11655394ebace39a0dfd33dd.gcov'

Lines executed:0.00% of 172
<<, stderr was:
../../../twister-out/native_sim_native/host/homework.unit.ring_buf/zephyr/kernel/CMakeFiles/kernel.dir/mailbox.c.gcda:cannot open data file, assuming not executed
<<
(DEBUG) Check if mailbox.c##f5d20494a4e58ee48b3b8e78f8491a39.gcov is included...
(DEBUG) Check if wait_q.h##7d194b64851e991ac75a7d3dbc9cc4b5.gcov is included...
(DEBUG) Check if ksched.h##66840255ea5d90e8133169214ef7589d.gcov is included...
(DEBUG) Check if kthread.h##f5ac6029d1fd819fb88ff662c28cfe33.gcov is included...
(DEBUG) Check if kernel_arch_func.h##379cf6a4b0e9931ee2a0b5e22a6341aa.gcov is included...
(DEBUG) Check if kernel.h##13f2e6a4c33f57e7946f4cdd024701bf.gcov is included...
(DEBUG) Check if spinlock.h##0907215eaec88fd477ba521e3409787d.gcov is included...
(DEBUG) Check if arch.h##eee3095deeb51a158c6bb5ded542fa59.gcov is included...
(DEBUG) Check if dlist.h##a327e4cc11655394ebace39a0dfd33dd.gcov is included...
(DEBUG) Finding source file corresponding to a gcov data file
  gcov_fname   /home/afmondra/zephyr-course/app/modules/ring_buf/kernel_arch_func.h##379cf6a4b0e9931ee2a0b5e22a6341aa.gcov
  current_dir  /home/afmondra/zephyr-course/app/modules/ring_buf
  root         /home/afmondra/zephyr-course/app/modules/ring_buf
  starting_dir /home/afmondra/zephyr-course
  obj_dir      None
  gcda_fname   ../../../twister-out/native_sim_native/host/homework.unit.ring_buf/zephyr/kernel/CMakeFiles/kernel.dir/mailbox.c.gcno
  --> fname    /home/afmondra/deps/zephyr/arch/posix/include/kernel_arch_func.h
(DEBUG) Check if /home/afmondra/deps/zephyr/arch/posix/include/kernel_arch_func.h is included...
(DEBUG)   No filter matched.
(DEBUG) Finding source file corresponding to a gcov data file
  gcov_fname   /home/afmondra/zephyr-course/app/modules/ring_buf/wait_q.h##7d194b64851e991ac75a7d3dbc9cc4b5.gcov
  current_dir  /home/afmondra/zephyr-course/app/modules/ring_buf
  root         /home/afmondra/zephyr-course/app/modules/ring_buf
  starting_dir /home/afmondra/zephyr-course
  obj_dir      None
  gcda_fname   ../../../twister-out/native_sim_native/host/homework.unit.ring_buf/zephyr/kernel/CMakeFiles/kernel.dir/mailbox.c.gcno
  --> fname    /home/afmondra/deps/zephyr/kernel/include/wait_q.h
(DEBUG) Check if /home/afmondra/deps/zephyr/kernel/include/wait_q.h is included...
(DEBUG)   No filter matched.
(DEBUG) Finding source file corresponding to a gcov data file
  gcov_fname   /home/afmondra/zephyr-course/app/modules/ring_buf/spinlock.h##0907215eaec88fd477ba521e3409787d.gcov
  current_dir  /home/afmondra/zephyr-course/app/modules/ring_buf
  root         /home/afmondra/zephyr-course/app/modules/ring_buf
  starting_dir /home/afmondra/zephyr-course
  obj_dir      None
  gcda_fname   ../../../twister-out/native_sim_native/host/homework.unit.ring_buf/zephyr/kernel/CMakeFiles/kernel.dir/mailbox.c.gcno
  --> fname    /home/afmondra/deps/zephyr/include/zephyr/spinlock.h
(DEBUG) Check if /home/afmondra/deps/zephyr/include/zephyr/spinlock.h is included...
(DEBUG)   No filter matched.
(DEBUG) Finding source file corresponding to a gcov data file
  gcov_fname   /home/afmondra/zephyr-course/app/modules/ring_buf/dlist.h##a327e4cc11655394ebace39a0dfd33dd.gcov
  current_dir  /home/afmondra/zephyr-course/app/modules/ring_buf
  root         /home/afmondra/zephyr-course/app/modules/ring_buf
  starting_dir /home/afmondra/zephyr-course
  obj_dir      None
  gcda_fname   ../../../twister-out/native_sim_native/host/homework.unit.ring_buf/zephyr/kernel/CMakeFiles/kernel.dir/mailbox.c.gcno
  --> fname    /home/afmondra/deps/zephyr/include/zephyr/sys/dlist.h
(DEBUG) Check if /home/afmondra/deps/zephyr/include/zephyr/sys/dlist.h is included...
(DEBUG)   No filter matched.
(DEBUG) Finding source file corresponding to a gcov data file
  gcov_fname   /home/afmondra/zephyr-course/app/modules/ring_buf/mailbox.c##f5d20494a4e58ee48b3b8e78f8491a39.gcov
  current_dir  /home/afmondra/zephyr-course/app/modules/ring_buf
  root         /home/afmondra/zephyr-course/app/modules/ring_buf
  starting_dir /home/afmondra/zephyr-course
  obj_dir      None
  gcda_fname   ../../../twister-out/native_sim_native/host/homework.unit.ring_buf/zephyr/kernel/CMakeFiles/kernel.dir/mailbox.c.gcno
  --> fname    /home/afmondra/deps/zephyr/kernel/mailbox.c
(DEBUG) Check if /home/afmondra/deps/zephyr/kernel/mailbox.c is included...
(DEBUG)   No filter matched.
(DEBUG) Finding source file corresponding to a gcov data file
  gcov_fname   /home/afmondra/zephyr-course/app/modules/ring_buf/ksched.h##66840255ea5d90e8133169214ef7589d.gcov
  current_dir  /home/afmondra/zephyr-course/app/modules/ring_buf
  root         /home/afmondra/zephyr-course/app/modules/ring_buf
  starting_dir /home/afmondra/zephyr-course
  obj_dir      None
  gcda_fname   ../../../twister-out/native_sim_native/host/homework.unit.ring_buf/zephyr/kernel/CMakeFiles/kernel.dir/mailbox.c.gcno
  --> fname    /home/afmondra/deps/zephyr/kernel/include/ksched.h
(DEBUG) Check if /home/afmondra/deps/zephyr/kernel/include/ksched.h is included...
(DEBUG)   No filter matched.
(DEBUG) Finding source file corresponding to a gcov data file
  gcov_fname   /home/afmondra/zephyr-course/app/modules/ring_buf/arch.h##eee3095deeb51a158c6bb5ded542fa59.gcov
  current_dir  /home/afmondra/zephyr-course/app/modules/ring_buf
  root         /home/afmondra/zephyr-course/app/modules/ring_buf
  starting_dir /home/afmondra/zephyr-course
  obj_dir      None
  gcda_fname   ../../../twister-out/native_sim_native/host/homework.unit.ring_buf/zephyr/kernel/CMakeFiles/kernel.dir/mailbox.c.gcno
  --> fname    /home/afmondra/deps/zephyr/include/zephyr/arch/posix/arch.h
(DEBUG) Check if /home/afmondra/deps/zephyr/include/zephyr/arch/posix/arch.h is included...
(DEBUG)   No filter matched.
(DEBUG) Finding source file corresponding to a gcov data file
  gcov_fname   /home/afmondra/zephyr-course/app/modules/ring_buf/kthread.h##f5ac6029d1fd819fb88ff662c28cfe33.gcov
  current_dir  /home/afmondra/zephyr-course/app/modules/ring_buf
  root         /home/afmondra/zephyr-course/app/modules/ring_buf
  starting_dir /home/afmondra/zephyr-course
  obj_dir      None
  gcda_fname   ../../../twister-out/native_sim_native/host/homework.unit.ring_buf/zephyr/kernel/CMakeFiles/kernel.dir/mailbox.c.gcno
  --> fname    /home/afmondra/deps/zephyr/kernel/include/kthread.h
(DEBUG) Check if /home/afmondra/deps/zephyr/kernel/include/kthread.h is included...
(DEBUG)   No filter matched.
(DEBUG) Finding source file corresponding to a gcov data file
  gcov_fname   /home/afmondra/zephyr-course/app/modules/ring_buf/kernel.h##13f2e6a4c33f57e7946f4cdd024701bf.gcov
  current_dir  /home/afmondra/zephyr-course/app/modules/ring_buf
  root         /home/afmondra/zephyr-course/app/modules/ring_buf
  starting_dir /home/afmondra/zephyr-course
  obj_dir      None
  gcda_fname   ../../../twister-out/native_sim_native/host/homework.unit.ring_buf/zephyr/kernel/CMakeFiles/kernel.dir/mailbox.c.gcno
  --> fname    /home/afmondra/zephyr-course/twister-out/native_sim_native/host/homework.unit.ring_buf/zephyr/include/generated/zephyr/syscalls/kernel.h
(DEBUG) Check if /home/afmondra/zephyr-course/twister-out/native_sim_native/host/homework.unit.ring_buf/zephyr/include/generated/zephyr/syscalls/kernel.h is included...
(DEBUG)   No filter matched.
(DEBUG) Processing file: /home/afmondra/zephyr-course/twister-out/native_sim_native/host/homework.unit.ring_buf/zephyr/kernel/CMakeFiles/kernel.dir/main_weak.c.gcno
(DEBUG) Running gcov: 'gcov /home/afmondra/zephyr-course/twister-out/native_sim_native/host/homework.unit.ring_buf/zephyr/kernel/CMakeFiles/kernel.dir/main_weak.c.gcno --branch-counts --branch-probabilities --all-blocks --demangled-names --hash-filenames --object-directory ../../../twister-out/native_sim_native/host/homework.unit.ring_buf/zephyr/kernel/CMakeFiles/kernel.dir' in '/home/afmondra/zephyr-course/app/modules/ring_buf'
(DEBUG) GCOV return code was 0, stdout was:
File '/home/afmondra/deps/zephyr/kernel/main_weak.c'
Lines executed:0.00% of 3
No branches
Calls executed:0.00% of 1
Creating 'main_weak.c##f5601fff424ee4e2ea320093dc0bf54d.gcov'

File '/home/afmondra/deps/zephyr/include/zephyr/arch/posix/arch.h'
Lines executed:0.00% of 3
No branches
Calls executed:0.00% of 1
Creating 'arch.h##eee3095deeb51a158c6bb5ded542fa59.gcov'

Lines executed:0.00% of 6
<<, stderr was:
../../../twister-out/native_sim_native/host/homework.unit.ring_buf/zephyr/kernel/CMakeFiles/kernel.dir/main_weak.c.gcda:cannot open data file, assuming not executed
<<
(DEBUG) Check if main_weak.c##f5601fff424ee4e2ea320093dc0bf54d.gcov is included...
(DEBUG) Check if arch.h##eee3095deeb51a158c6bb5ded542fa59.gcov is included...
(DEBUG) Finding source file corresponding to a gcov data file
  gcov_fname   /home/afmondra/zephyr-course/app/modules/ring_buf/arch.h##eee3095deeb51a158c6bb5ded542fa59.gcov
  current_dir  /home/afmondra/zephyr-course/app/modules/ring_buf
  root         /home/afmondra/zephyr-course/app/modules/ring_buf
  starting_dir /home/afmondra/zephyr-course
  obj_dir      None
  gcda_fname   ../../../twister-out/native_sim_native/host/homework.unit.ring_buf/zephyr/kernel/CMakeFiles/kernel.dir/main_weak.c.gcno
  --> fname    /home/afmondra/deps/zephyr/include/zephyr/arch/posix/arch.h
(DEBUG) Check if /home/afmondra/deps/zephyr/include/zephyr/arch/posix/arch.h is included...
(DEBUG)   No filter matched.
(DEBUG) Finding source file corresponding to a gcov data file
  gcov_fname   /home/afmondra/zephyr-course/app/modules/ring_buf/main_weak.c##f5601fff424ee4e2ea320093dc0bf54d.gcov
  current_dir  /home/afmondra/zephyr-course/app/modules/ring_buf
  root         /home/afmondra/zephyr-course/app/modules/ring_buf
  starting_dir /home/afmondra/zephyr-course
  obj_dir      None
  gcda_fname   ../../../twister-out/native_sim_native/host/homework.unit.ring_buf/zephyr/kernel/CMakeFiles/kernel.dir/main_weak.c.gcno
  --> fname    /home/afmondra/deps/zephyr/kernel/main_weak.c
(DEBUG) Check if /home/afmondra/deps/zephyr/kernel/main_weak.c is included...
(DEBUG)   No filter matched.
(DEBUG) Processing file: /home/afmondra/zephyr-course/twister-out/native_sim_native/host/homework.unit.ring_buf/zephyr/kernel/CMakeFiles/kernel.dir/mem_slab.c.gcno
(DEBUG) Running gcov: 'gcov /home/afmondra/zephyr-course/twister-out/native_sim_native/host/homework.unit.ring_buf/zephyr/kernel/CMakeFiles/kernel.dir/mem_slab.c.gcno --branch-counts --branch-probabilities --all-blocks --demangled-names --hash-filenames --object-directory ../../../twister-out/native_sim_native/host/homework.unit.ring_buf/zephyr/kernel/CMakeFiles/kernel.dir' in '/home/afmondra/zephyr-course/app/modules/ring_buf'
(DEBUG) GCOV return code was 0, stdout was:
File '/home/afmondra/deps/zephyr/kernel/mem_slab.c'
Lines executed:0.00% of 81
Branches executed:0.00% of 40
Taken at least once:0.00% of 40
Calls executed:0.00% of 33
Creating 'mem_slab.c##b24aeacd409e7f00c08cd4db6cf36afc.gcov'

File '/home/afmondra/deps/zephyr/kernel/include/wait_q.h'
Lines executed:0.00% of 3
No branches
Calls executed:0.00% of 1
Creating 'wait_q.h##7d194b64851e991ac75a7d3dbc9cc4b5.gcov'

File '/home/afmondra/deps/zephyr/kernel/include/ksched.h'
Lines executed:0.00% of 16
Branches executed:0.00% of 6
Taken at least once:0.00% of 6
Calls executed:0.00% of 18
Creating 'ksched.h##66840255ea5d90e8133169214ef7589d.gcov'

File '/home/afmondra/deps/zephyr/kernel/include/priority_q.h'
Lines executed:0.00% of 9
Branches executed:0.00% of 2
Taken at least once:0.00% of 2
Calls executed:0.00% of 2
Creating 'priority_q.h##019a5395a95fa982590d634a0de7c00b.gcov'

File '/home/afmondra/deps/zephyr/kernel/include/kthread.h'
Lines executed:0.00% of 3
No branches
No calls
Creating 'kthread.h##f5ac6029d1fd819fb88ff662c28cfe33.gcov'

File '/home/afmondra/deps/zephyr/kernel/include/timeout_q.h'
Lines executed:0.00% of 3
No branches
Calls executed:0.00% of 1
Creating 'timeout_q.h##0019aefc9ed6cdad0bdd6ed43d40cc99.gcov'

File '/home/afmondra/deps/zephyr/kernel/include/kernel_internal.h'
Lines executed:0.00% of 4
No branches
Calls executed:0.00% of 1
Creating 'kernel_internal.h##c94d6fbabfefc46651cba9d879b4e358.gcov'

File '/home/afmondra/deps/zephyr/arch/posix/include/kernel_arch_func.h'
Lines executed:0.00% of 3
No branches
No calls
Creating 'kernel_arch_func.h##379cf6a4b0e9931ee2a0b5e22a6341aa.gcov'

File '/home/afmondra/deps/zephyr/include/zephyr/sys/internal/kobject_internal.h'
Lines executed:0.00% of 2
No branches
No calls
Creating 'kobject_internal.h##7fc8757d0ace3c199ecb77726040aa27.gcov'

File '/home/afmondra/deps/zephyr/include/zephyr/spinlock.h'
Lines executed:0.00% of 15
Branches executed:0.00% of 4
Taken at least once:0.00% of 4
Calls executed:0.00% of 17
Creating 'spinlock.h##0907215eaec88fd477ba521e3409787d.gcov'

File '/home/afmondra/deps/zephyr/include/zephyr/arch/posix/arch.h'
Lines executed:0.00% of 7
No branches
Calls executed:0.00% of 2
Creating 'arch.h##eee3095deeb51a158c6bb5ded542fa59.gcov'

File '/home/afmondra/deps/zephyr/include/zephyr/sys/dlist.h'
Lines executed:0.00% of 19
Branches executed:0.00% of 2
Taken at least once:0.00% of 2
Calls executed:0.00% of 2
Creating 'dlist.h##a327e4cc11655394ebace39a0dfd33dd.gcov'

Lines executed:0.00% of 165
<<, stderr was:
../../../twister-out/native_sim_native/host/homework.unit.ring_buf/zephyr/kernel/CMakeFiles/kernel.dir/mem_slab.c.gcda:cannot open data file, assuming not executed
<<
(DEBUG) Check if mem_slab.c##b24aeacd409e7f00c08cd4db6cf36afc.gcov is included...
(DEBUG) Check if wait_q.h##7d194b64851e991ac75a7d3dbc9cc4b5.gcov is included...
(DEBUG) Check if ksched.h##66840255ea5d90e8133169214ef7589d.gcov is included...
(DEBUG) Check if priority_q.h##019a5395a95fa982590d634a0de7c00b.gcov is included...
(DEBUG) Check if kthread.h##f5ac6029d1fd819fb88ff662c28cfe33.gcov is included...
(DEBUG) Check if timeout_q.h##0019aefc9ed6cdad0bdd6ed43d40cc99.gcov is included...
(DEBUG) Check if kernel_internal.h##c94d6fbabfefc46651cba9d879b4e358.gcov is included...
(DEBUG) Check if kernel_arch_func.h##379cf6a4b0e9931ee2a0b5e22a6341aa.gcov is included...
(DEBUG) Check if kobject_internal.h##7fc8757d0ace3c199ecb77726040aa27.gcov is included...
(DEBUG) Check if spinlock.h##0907215eaec88fd477ba521e3409787d.gcov is included...
(DEBUG) Check if arch.h##eee3095deeb51a158c6bb5ded542fa59.gcov is included...
(DEBUG) Check if dlist.h##a327e4cc11655394ebace39a0dfd33dd.gcov is included...
(DEBUG) Finding source file corresponding to a gcov data file
  gcov_fname   /home/afmondra/zephyr-course/app/modules/ring_buf/kernel_arch_func.h##379cf6a4b0e9931ee2a0b5e22a6341aa.gcov
  current_dir  /home/afmondra/zephyr-course/app/modules/ring_buf
  root         /home/afmondra/zephyr-course/app/modules/ring_buf
  starting_dir /home/afmondra/zephyr-course
  obj_dir      None
  gcda_fname   ../../../twister-out/native_sim_native/host/homework.unit.ring_buf/zephyr/kernel/CMakeFiles/kernel.dir/mem_slab.c.gcno
  --> fname    /home/afmondra/deps/zephyr/arch/posix/include/kernel_arch_func.h
(DEBUG) Check if /home/afmondra/deps/zephyr/arch/posix/include/kernel_arch_func.h is included...
(DEBUG)   No filter matched.
(DEBUG) Finding source file corresponding to a gcov data file
  gcov_fname   /home/afmondra/zephyr-course/app/modules/ring_buf/wait_q.h##7d194b64851e991ac75a7d3dbc9cc4b5.gcov
  current_dir  /home/afmondra/zephyr-course/app/modules/ring_buf
  root         /home/afmondra/zephyr-course/app/modules/ring_buf
  starting_dir /home/afmondra/zephyr-course
  obj_dir      None
  gcda_fname   ../../../twister-out/native_sim_native/host/homework.unit.ring_buf/zephyr/kernel/CMakeFiles/kernel.dir/mem_slab.c.gcno
  --> fname    /home/afmondra/deps/zephyr/kernel/include/wait_q.h
(DEBUG) Check if /home/afmondra/deps/zephyr/kernel/include/wait_q.h is included...
(DEBUG)   No filter matched.
(DEBUG) Finding source file corresponding to a gcov data file
  gcov_fname   /home/afmondra/zephyr-course/app/modules/ring_buf/spinlock.h##0907215eaec88fd477ba521e3409787d.gcov
  current_dir  /home/afmondra/zephyr-course/app/modules/ring_buf
  root         /home/afmondra/zephyr-course/app/modules/ring_buf
  starting_dir /home/afmondra/zephyr-course
  obj_dir      None
  gcda_fname   ../../../twister-out/native_sim_native/host/homework.unit.ring_buf/zephyr/kernel/CMakeFiles/kernel.dir/mem_slab.c.gcno
  --> fname    /home/afmondra/deps/zephyr/include/zephyr/spinlock.h
(DEBUG) Check if /home/afmondra/deps/zephyr/include/zephyr/spinlock.h is included...
(DEBUG)   No filter matched.
(DEBUG) Finding source file corresponding to a gcov data file
  gcov_fname   /home/afmondra/zephyr-course/app/modules/ring_buf/dlist.h##a327e4cc11655394ebace39a0dfd33dd.gcov
  current_dir  /home/afmondra/zephyr-course/app/modules/ring_buf
  root         /home/afmondra/zephyr-course/app/modules/ring_buf
  starting_dir /home/afmondra/zephyr-course
  obj_dir      None
  gcda_fname   ../../../twister-out/native_sim_native/host/homework.unit.ring_buf/zephyr/kernel/CMakeFiles/kernel.dir/mem_slab.c.gcno
  --> fname    /home/afmondra/deps/zephyr/include/zephyr/sys/dlist.h
(DEBUG) Check if /home/afmondra/deps/zephyr/include/zephyr/sys/dlist.h is included...
(DEBUG)   No filter matched.
(DEBUG) Finding source file corresponding to a gcov data file
  gcov_fname   /home/afmondra/zephyr-course/app/modules/ring_buf/timeout_q.h##0019aefc9ed6cdad0bdd6ed43d40cc99.gcov
  current_dir  /home/afmondra/zephyr-course/app/modules/ring_buf
  root         /home/afmondra/zephyr-course/app/modules/ring_buf
  starting_dir /home/afmondra/zephyr-course
  obj_dir      None
  gcda_fname   ../../../twister-out/native_sim_native/host/homework.unit.ring_buf/zephyr/kernel/CMakeFiles/kernel.dir/mem_slab.c.gcno
  --> fname    /home/afmondra/deps/zephyr/kernel/include/timeout_q.h
(DEBUG) Check if /home/afmondra/deps/zephyr/kernel/include/timeout_q.h is included...
(DEBUG)   No filter matched.
(DEBUG) Finding source file corresponding to a gcov data file
  gcov_fname   /home/afmondra/zephyr-course/app/modules/ring_buf/ksched.h##66840255ea5d90e8133169214ef7589d.gcov
  current_dir  /home/afmondra/zephyr-course/app/modules/ring_buf
  root         /home/afmondra/zephyr-course/app/modules/ring_buf
  starting_dir /home/afmondra/zephyr-course
  obj_dir      None
  gcda_fname   ../../../twister-out/native_sim_native/host/homework.unit.ring_buf/zephyr/kernel/CMakeFiles/kernel.dir/mem_slab.c.gcno
  --> fname    /home/afmondra/deps/zephyr/kernel/include/ksched.h
(DEBUG) Check if /home/afmondra/deps/zephyr/kernel/include/ksched.h is included...
(DEBUG)   No filter matched.
(DEBUG) Finding source file corresponding to a gcov data file
  gcov_fname   /home/afmondra/zephyr-course/app/modules/ring_buf/arch.h##eee3095deeb51a158c6bb5ded542fa59.gcov
  current_dir  /home/afmondra/zephyr-course/app/modules/ring_buf
  root         /home/afmondra/zephyr-course/app/modules/ring_buf
  starting_dir /home/afmondra/zephyr-course
  obj_dir      None
  gcda_fname   ../../../twister-out/native_sim_native/host/homework.unit.ring_buf/zephyr/kernel/CMakeFiles/kernel.dir/mem_slab.c.gcno
  --> fname    /home/afmondra/deps/zephyr/include/zephyr/arch/posix/arch.h
(DEBUG) Check if /home/afmondra/deps/zephyr/include/zephyr/arch/posix/arch.h is included...
(DEBUG)   No filter matched.
(DEBUG) Finding source file corresponding to a gcov data file
  gcov_fname   /home/afmondra/zephyr-course/app/modules/ring_buf/kobject_internal.h##7fc8757d0ace3c199ecb77726040aa27.gcov
  current_dir  /home/afmondra/zephyr-course/app/modules/ring_buf
  root         /home/afmondra/zephyr-course/app/modules/ring_buf
  starting_dir /home/afmondra/zephyr-course
  obj_dir      None
  gcda_fname   ../../../twister-out/native_sim_native/host/homework.unit.ring_buf/zephyr/kernel/CMakeFiles/kernel.dir/mem_slab.c.gcno
  --> fname    /home/afmondra/deps/zephyr/include/zephyr/sys/internal/kobject_internal.h
(DEBUG) Check if /home/afmondra/deps/zephyr/include/zephyr/sys/internal/kobject_internal.h is included...
(DEBUG)   No filter matched.
(DEBUG) Finding source file corresponding to a gcov data file
  gcov_fname   /home/afmondra/zephyr-course/app/modules/ring_buf/priority_q.h##019a5395a95fa982590d634a0de7c00b.gcov
  current_dir  /home/afmondra/zephyr-course/app/modules/ring_buf
  root         /home/afmondra/zephyr-course/app/modules/ring_buf
  starting_dir /home/afmondra/zephyr-course
  obj_dir      None
  gcda_fname   ../../../twister-out/native_sim_native/host/homework.unit.ring_buf/zephyr/kernel/CMakeFiles/kernel.dir/mem_slab.c.gcno
  --> fname    /home/afmondra/deps/zephyr/kernel/include/priority_q.h
(DEBUG) Check if /home/afmondra/deps/zephyr/kernel/include/priority_q.h is included...
(DEBUG)   No filter matched.
(DEBUG) Finding source file corresponding to a gcov data file
  gcov_fname   /home/afmondra/zephyr-course/app/modules/ring_buf/kthread.h##f5ac6029d1fd819fb88ff662c28cfe33.gcov
  current_dir  /home/afmondra/zephyr-course/app/modules/ring_buf
  root         /home/afmondra/zephyr-course/app/modules/ring_buf
  starting_dir /home/afmondra/zephyr-course
  obj_dir      None
  gcda_fname   ../../../twister-out/native_sim_native/host/homework.unit.ring_buf/zephyr/kernel/CMakeFiles/kernel.dir/mem_slab.c.gcno
  --> fname    /home/afmondra/deps/zephyr/kernel/include/kthread.h
(DEBUG) Check if /home/afmondra/deps/zephyr/kernel/include/kthread.h is included...
(DEBUG)   No filter matched.
(DEBUG) Finding source file corresponding to a gcov data file
  gcov_fname   /home/afmondra/zephyr-course/app/modules/ring_buf/kernel_internal.h##c94d6fbabfefc46651cba9d879b4e358.gcov
  current_dir  /home/afmondra/zephyr-course/app/modules/ring_buf
  root         /home/afmondra/zephyr-course/app/modules/ring_buf
  starting_dir /home/afmondra/zephyr-course
  obj_dir      None
  gcda_fname   ../../../twister-out/native_sim_native/host/homework.unit.ring_buf/zephyr/kernel/CMakeFiles/kernel.dir/mem_slab.c.gcno
  --> fname    /home/afmondra/deps/zephyr/kernel/include/kernel_internal.h
(DEBUG) Check if /home/afmondra/deps/zephyr/kernel/include/kernel_internal.h is included...
(DEBUG)   No filter matched.
(DEBUG) Finding source file corresponding to a gcov data file
  gcov_fname   /home/afmondra/zephyr-course/app/modules/ring_buf/mem_slab.c##b24aeacd409e7f00c08cd4db6cf36afc.gcov
  current_dir  /home/afmondra/zephyr-course/app/modules/ring_buf
  root         /home/afmondra/zephyr-course/app/modules/ring_buf
  starting_dir /home/afmondra/zephyr-course
  obj_dir      None
  gcda_fname   ../../../twister-out/native_sim_native/host/homework.unit.ring_buf/zephyr/kernel/CMakeFiles/kernel.dir/mem_slab.c.gcno
  --> fname    /home/afmondra/deps/zephyr/kernel/mem_slab.c
(DEBUG) Check if /home/afmondra/deps/zephyr/kernel/mem_slab.c is included...
(DEBUG)   No filter matched.
(DEBUG) Processing file: /home/afmondra/zephyr-course/twister-out/native_sim_native/host/homework.unit.ring_buf/zephyr/kernel/CMakeFiles/kernel.dir/mempool.c.gcno
(DEBUG) Running gcov: 'gcov /home/afmondra/zephyr-course/twister-out/native_sim_native/host/homework.unit.ring_buf/zephyr/kernel/CMakeFiles/kernel.dir/mempool.c.gcno --branch-counts --branch-probabilities --all-blocks --demangled-names --hash-filenames --object-directory ../../../twister-out/native_sim_native/host/homework.unit.ring_buf/zephyr/kernel/CMakeFiles/kernel.dir' in '/home/afmondra/zephyr-course/app/modules/ring_buf'
(DEBUG) GCOV return code was 0, stdout was:
File '/home/afmondra/deps/zephyr/kernel/mempool.c'
Lines executed:0.00% of 34
Branches executed:0.00% of 16
Taken at least once:0.00% of 16
Calls executed:0.00% of 19
Creating 'mempool.c##45a1bbd7a224bd5535392647df3c8d69.gcov'

File '/home/afmondra/deps/zephyr/include/zephyr/sys/math_extras_impl.h'
Lines executed:0.00% of 2
No branches
No calls
Creating 'math_extras_impl.h##9486ac6719294299399476898ddf3fd9.gcov'

File '/home/afmondra/deps/zephyr/include/zephyr/spinlock.h'
Lines executed:0.00% of 15
Branches executed:0.00% of 4
Taken at least once:0.00% of 4
Calls executed:0.00% of 17
Creating 'spinlock.h##0907215eaec88fd477ba521e3409787d.gcov'

File '/home/afmondra/deps/zephyr/include/zephyr/arch/posix/arch.h'
Lines executed:0.00% of 5
No branches
Calls executed:0.00% of 2
Creating 'arch.h##eee3095deeb51a158c6bb5ded542fa59.gcov'

Lines executed:0.00% of 56
<<, stderr was:
../../../twister-out/native_sim_native/host/homework.unit.ring_buf/zephyr/kernel/CMakeFiles/kernel.dir/mempool.c.gcda:cannot open data file, assuming not executed
<<
(DEBUG) Check if mempool.c##45a1bbd7a224bd5535392647df3c8d69.gcov is included...
(DEBUG) Check if math_extras_impl.h##9486ac6719294299399476898ddf3fd9.gcov is included...
(DEBUG) Check if spinlock.h##0907215eaec88fd477ba521e3409787d.gcov is included...
(DEBUG) Check if arch.h##eee3095deeb51a158c6bb5ded542fa59.gcov is included...
(DEBUG) Finding source file corresponding to a gcov data file
  gcov_fname   /home/afmondra/zephyr-course/app/modules/ring_buf/arch.h##eee3095deeb51a158c6bb5ded542fa59.gcov
  current_dir  /home/afmondra/zephyr-course/app/modules/ring_buf
  root         /home/afmondra/zephyr-course/app/modules/ring_buf
  starting_dir /home/afmondra/zephyr-course
  obj_dir      None
  gcda_fname   ../../../twister-out/native_sim_native/host/homework.unit.ring_buf/zephyr/kernel/CMakeFiles/kernel.dir/mempool.c.gcno
  --> fname    /home/afmondra/deps/zephyr/include/zephyr/arch/posix/arch.h
(DEBUG) Check if /home/afmondra/deps/zephyr/include/zephyr/arch/posix/arch.h is included...
(DEBUG)   No filter matched.
(DEBUG) Finding source file corresponding to a gcov data file
  gcov_fname   /home/afmondra/zephyr-course/app/modules/ring_buf/math_extras_impl.h##9486ac6719294299399476898ddf3fd9.gcov
  current_dir  /home/afmondra/zephyr-course/app/modules/ring_buf
  root         /home/afmondra/zephyr-course/app/modules/ring_buf
  starting_dir /home/afmondra/zephyr-course
  obj_dir      None
  gcda_fname   ../../../twister-out/native_sim_native/host/homework.unit.ring_buf/zephyr/kernel/CMakeFiles/kernel.dir/mempool.c.gcno
  --> fname    /home/afmondra/deps/zephyr/include/zephyr/sys/math_extras_impl.h
(DEBUG) Check if /home/afmondra/deps/zephyr/include/zephyr/sys/math_extras_impl.h is included...
(DEBUG)   No filter matched.
(DEBUG) Finding source file corresponding to a gcov data file
  gcov_fname   /home/afmondra/zephyr-course/app/modules/ring_buf/mempool.c##45a1bbd7a224bd5535392647df3c8d69.gcov
  current_dir  /home/afmondra/zephyr-course/app/modules/ring_buf
  root         /home/afmondra/zephyr-course/app/modules/ring_buf
  starting_dir /home/afmondra/zephyr-course
  obj_dir      None
  gcda_fname   ../../../twister-out/native_sim_native/host/homework.unit.ring_buf/zephyr/kernel/CMakeFiles/kernel.dir/mempool.c.gcno
  --> fname    /home/afmondra/deps/zephyr/kernel/mempool.c
(DEBUG) Check if /home/afmondra/deps/zephyr/kernel/mempool.c is included...
(DEBUG)   No filter matched.
(DEBUG) Finding source file corresponding to a gcov data file
  gcov_fname   /home/afmondra/zephyr-course/app/modules/ring_buf/spinlock.h##0907215eaec88fd477ba521e3409787d.gcov
  current_dir  /home/afmondra/zephyr-course/app/modules/ring_buf
  root         /home/afmondra/zephyr-course/app/modules/ring_buf
  starting_dir /home/afmondra/zephyr-course
  obj_dir      None
  gcda_fname   ../../../twister-out/native_sim_native/host/homework.unit.ring_buf/zephyr/kernel/CMakeFiles/kernel.dir/mempool.c.gcno
  --> fname    /home/afmondra/deps/zephyr/include/zephyr/spinlock.h
(DEBUG) Check if /home/afmondra/deps/zephyr/include/zephyr/spinlock.h is included...
(DEBUG)   No filter matched.
(DEBUG) Processing file: /home/afmondra/zephyr-course/twister-out/native_sim_native/host/homework.unit.ring_buf/zephyr/kernel/CMakeFiles/kernel.dir/msg_q.c.gcno
(DEBUG) Running gcov: 'gcov /home/afmondra/zephyr-course/twister-out/native_sim_native/host/homework.unit.ring_buf/zephyr/kernel/CMakeFiles/kernel.dir/msg_q.c.gcno --branch-counts --branch-probabilities --all-blocks --demangled-names --hash-filenames --object-directory ../../../twister-out/native_sim_native/host/homework.unit.ring_buf/zephyr/kernel/CMakeFiles/kernel.dir' in '/home/afmondra/zephyr-course/app/modules/ring_buf'
(DEBUG) GCOV return code was 0, stdout was:
File '/home/afmondra/deps/zephyr/kernel/msg_q.c'
Lines executed:0.00% of 133
Branches executed:0.00% of 56
Taken at least once:0.00% of 56
Calls executed:0.00% of 53
Creating 'msg_q.c##2d9d47ac0609e917c768e01f03c7b659.gcov'

File '/home/afmondra/deps/zephyr/kernel/include/wait_q.h'
Lines executed:0.00% of 5
No branches
Calls executed:0.00% of 2
Creating 'wait_q.h##7d194b64851e991ac75a7d3dbc9cc4b5.gcov'

File '/home/afmondra/deps/zephyr/kernel/include/ksched.h'
Lines executed:0.00% of 16
Branches executed:0.00% of 6
Taken at least once:0.00% of 6
Calls executed:0.00% of 18
Creating 'ksched.h##66840255ea5d90e8133169214ef7589d.gcov'

File '/home/afmondra/deps/zephyr/kernel/include/priority_q.h'
Lines executed:0.00% of 9
Branches executed:0.00% of 2
Taken at least once:0.00% of 2
Calls executed:0.00% of 2
Creating 'priority_q.h##019a5395a95fa982590d634a0de7c00b.gcov'

File '/home/afmondra/deps/zephyr/include/zephyr/sys/math_extras_impl.h'
Lines executed:0.00% of 2
No branches
No calls
Creating 'math_extras_impl.h##9486ac6719294299399476898ddf3fd9.gcov'

File '/home/afmondra/deps/zephyr/kernel/include/kthread.h'
Lines executed:0.00% of 3
No branches
No calls
Creating 'kthread.h##f5ac6029d1fd819fb88ff662c28cfe33.gcov'

File '/home/afmondra/deps/zephyr/kernel/include/timeout_q.h'
Lines executed:0.00% of 3
No branches
Calls executed:0.00% of 1
Creating 'timeout_q.h##0019aefc9ed6cdad0bdd6ed43d40cc99.gcov'

File '/home/afmondra/deps/zephyr/arch/posix/include/kernel_arch_func.h'
Lines executed:0.00% of 5
No branches
No calls
Creating 'kernel_arch_func.h##379cf6a4b0e9931ee2a0b5e22a6341aa.gcov'

File '/home/afmondra/deps/zephyr/include/zephyr/sys/internal/kobject_internal.h'
Lines executed:0.00% of 2
No branches
No calls
Creating 'kobject_internal.h##7fc8757d0ace3c199ecb77726040aa27.gcov'

File '/home/afmondra/deps/zephyr/include/zephyr/spinlock.h'
Lines executed:0.00% of 15
Branches executed:0.00% of 4
Taken at least once:0.00% of 4
Calls executed:0.00% of 17
Creating 'spinlock.h##0907215eaec88fd477ba521e3409787d.gcov'

File '/home/afmondra/deps/zephyr/include/zephyr/arch/posix/arch.h'
Lines executed:0.00% of 7
No branches
Calls executed:0.00% of 2
Creating 'arch.h##eee3095deeb51a158c6bb5ded542fa59.gcov'

File '/home/afmondra/deps/zephyr/include/zephyr/sys/dlist.h'
Lines executed:0.00% of 19
Branches executed:0.00% of 2
Taken at least once:0.00% of 2
Calls executed:0.00% of 2
Creating 'dlist.h##a327e4cc11655394ebace39a0dfd33dd.gcov'

Lines executed:0.00% of 219
<<, stderr was:
../../../twister-out/native_sim_native/host/homework.unit.ring_buf/zephyr/kernel/CMakeFiles/kernel.dir/msg_q.c.gcda:cannot open data file, assuming not executed
<<
(DEBUG) Check if msg_q.c##2d9d47ac0609e917c768e01f03c7b659.gcov is included...
(DEBUG) Check if wait_q.h##7d194b64851e991ac75a7d3dbc9cc4b5.gcov is included...
(DEBUG) Check if ksched.h##66840255ea5d90e8133169214ef7589d.gcov is included...
(DEBUG) Check if priority_q.h##019a5395a95fa982590d634a0de7c00b.gcov is included...
(DEBUG) Check if math_extras_impl.h##9486ac6719294299399476898ddf3fd9.gcov is included...
(DEBUG) Check if kthread.h##f5ac6029d1fd819fb88ff662c28cfe33.gcov is included...
(DEBUG) Check if timeout_q.h##0019aefc9ed6cdad0bdd6ed43d40cc99.gcov is included...
(DEBUG) Check if kernel_arch_func.h##379cf6a4b0e9931ee2a0b5e22a6341aa.gcov is included...
(DEBUG) Check if kobject_internal.h##7fc8757d0ace3c199ecb77726040aa27.gcov is included...
(DEBUG) Check if spinlock.h##0907215eaec88fd477ba521e3409787d.gcov is included...
(DEBUG) Check if arch.h##eee3095deeb51a158c6bb5ded542fa59.gcov is included...
(DEBUG) Check if dlist.h##a327e4cc11655394ebace39a0dfd33dd.gcov is included...
(DEBUG) Finding source file corresponding to a gcov data file
  gcov_fname   /home/afmondra/zephyr-course/app/modules/ring_buf/kernel_arch_func.h##379cf6a4b0e9931ee2a0b5e22a6341aa.gcov
  current_dir  /home/afmondra/zephyr-course/app/modules/ring_buf
  root         /home/afmondra/zephyr-course/app/modules/ring_buf
  starting_dir /home/afmondra/zephyr-course
  obj_dir      None
  gcda_fname   ../../../twister-out/native_sim_native/host/homework.unit.ring_buf/zephyr/kernel/CMakeFiles/kernel.dir/msg_q.c.gcno
  --> fname    /home/afmondra/deps/zephyr/arch/posix/include/kernel_arch_func.h
(DEBUG) Check if /home/afmondra/deps/zephyr/arch/posix/include/kernel_arch_func.h is included...
(DEBUG)   No filter matched.
(DEBUG) Finding source file corresponding to a gcov data file
  gcov_fname   /home/afmondra/zephyr-course/app/modules/ring_buf/wait_q.h##7d194b64851e991ac75a7d3dbc9cc4b5.gcov
  current_dir  /home/afmondra/zephyr-course/app/modules/ring_buf
  root         /home/afmondra/zephyr-course/app/modules/ring_buf
  starting_dir /home/afmondra/zephyr-course
  obj_dir      None
  gcda_fname   ../../../twister-out/native_sim_native/host/homework.unit.ring_buf/zephyr/kernel/CMakeFiles/kernel.dir/msg_q.c.gcno
  --> fname    /home/afmondra/deps/zephyr/kernel/include/wait_q.h
(DEBUG) Check if /home/afmondra/deps/zephyr/kernel/include/wait_q.h is included...
(DEBUG)   No filter matched.
(DEBUG) Finding source file corresponding to a gcov data file
  gcov_fname   /home/afmondra/zephyr-course/app/modules/ring_buf/spinlock.h##0907215eaec88fd477ba521e3409787d.gcov
  current_dir  /home/afmondra/zephyr-course/app/modules/ring_buf
  root         /home/afmondra/zephyr-course/app/modules/ring_buf
  starting_dir /home/afmondra/zephyr-course
  obj_dir      None
  gcda_fname   ../../../twister-out/native_sim_native/host/homework.unit.ring_buf/zephyr/kernel/CMakeFiles/kernel.dir/msg_q.c.gcno
  --> fname    /home/afmondra/deps/zephyr/include/zephyr/spinlock.h
(DEBUG) Check if /home/afmondra/deps/zephyr/include/zephyr/spinlock.h is included...
(DEBUG)   No filter matched.
(DEBUG) Finding source file corresponding to a gcov data file
  gcov_fname   /home/afmondra/zephyr-course/app/modules/ring_buf/dlist.h##a327e4cc11655394ebace39a0dfd33dd.gcov
  current_dir  /home/afmondra/zephyr-course/app/modules/ring_buf
  root         /home/afmondra/zephyr-course/app/modules/ring_buf
  starting_dir /home/afmondra/zephyr-course
  obj_dir      None
  gcda_fname   ../../../twister-out/native_sim_native/host/homework.unit.ring_buf/zephyr/kernel/CMakeFiles/kernel.dir/msg_q.c.gcno
  --> fname    /home/afmondra/deps/zephyr/include/zephyr/sys/dlist.h
(DEBUG) Check if /home/afmondra/deps/zephyr/include/zephyr/sys/dlist.h is included...
(DEBUG)   No filter matched.
(DEBUG) Finding source file corresponding to a gcov data file
  gcov_fname   /home/afmondra/zephyr-course/app/modules/ring_buf/timeout_q.h##0019aefc9ed6cdad0bdd6ed43d40cc99.gcov
  current_dir  /home/afmondra/zephyr-course/app/modules/ring_buf
  root         /home/afmondra/zephyr-course/app/modules/ring_buf
  starting_dir /home/afmondra/zephyr-course
  obj_dir      None
  gcda_fname   ../../../twister-out/native_sim_native/host/homework.unit.ring_buf/zephyr/kernel/CMakeFiles/kernel.dir/msg_q.c.gcno
  --> fname    /home/afmondra/deps/zephyr/kernel/include/timeout_q.h
(DEBUG) Check if /home/afmondra/deps/zephyr/kernel/include/timeout_q.h is included...
(DEBUG)   No filter matched.
(DEBUG) Finding source file corresponding to a gcov data file
  gcov_fname   /home/afmondra/zephyr-course/app/modules/ring_buf/ksched.h##66840255ea5d90e8133169214ef7589d.gcov
  current_dir  /home/afmondra/zephyr-course/app/modules/ring_buf
  root         /home/afmondra/zephyr-course/app/modules/ring_buf
  starting_dir /home/afmondra/zephyr-course
  obj_dir      None
  gcda_fname   ../../../twister-out/native_sim_native/host/homework.unit.ring_buf/zephyr/kernel/CMakeFiles/kernel.dir/msg_q.c.gcno
  --> fname    /home/afmondra/deps/zephyr/kernel/include/ksched.h
(DEBUG) Check if /home/afmondra/deps/zephyr/kernel/include/ksched.h is included...
(DEBUG)   No filter matched.
(DEBUG) Finding source file corresponding to a gcov data file
  gcov_fname   /home/afmondra/zephyr-course/app/modules/ring_buf/arch.h##eee3095deeb51a158c6bb5ded542fa59.gcov
  current_dir  /home/afmondra/zephyr-course/app/modules/ring_buf
  root         /home/afmondra/zephyr-course/app/modules/ring_buf
  starting_dir /home/afmondra/zephyr-course
  obj_dir      None
  gcda_fname   ../../../twister-out/native_sim_native/host/homework.unit.ring_buf/zephyr/kernel/CMakeFiles/kernel.dir/msg_q.c.gcno
  --> fname    /home/afmondra/deps/zephyr/include/zephyr/arch/posix/arch.h
(DEBUG) Check if /home/afmondra/deps/zephyr/include/zephyr/arch/posix/arch.h is included...
(DEBUG)   No filter matched.
(DEBUG) Finding source file corresponding to a gcov data file
  gcov_fname   /home/afmondra/zephyr-course/app/modules/ring_buf/kobject_internal.h##7fc8757d0ace3c199ecb77726040aa27.gcov
  current_dir  /home/afmondra/zephyr-course/app/modules/ring_buf
  root         /home/afmondra/zephyr-course/app/modules/ring_buf
  starting_dir /home/afmondra/zephyr-course
  obj_dir      None
  gcda_fname   ../../../twister-out/native_sim_native/host/homework.unit.ring_buf/zephyr/kernel/CMakeFiles/kernel.dir/msg_q.c.gcno
  --> fname    /home/afmondra/deps/zephyr/include/zephyr/sys/internal/kobject_internal.h
(DEBUG) Check if /home/afmondra/deps/zephyr/include/zephyr/sys/internal/kobject_internal.h is included...
(DEBUG)   No filter matched.
(DEBUG) Finding source file corresponding to a gcov data file
  gcov_fname   /home/afmondra/zephyr-course/app/modules/ring_buf/priority_q.h##019a5395a95fa982590d634a0de7c00b.gcov
  current_dir  /home/afmondra/zephyr-course/app/modules/ring_buf
  root         /home/afmondra/zephyr-course/app/modules/ring_buf
  starting_dir /home/afmondra/zephyr-course
  obj_dir      None
  gcda_fname   ../../../twister-out/native_sim_native/host/homework.unit.ring_buf/zephyr/kernel/CMakeFiles/kernel.dir/msg_q.c.gcno
  --> fname    /home/afmondra/deps/zephyr/kernel/include/priority_q.h
(DEBUG) Check if /home/afmondra/deps/zephyr/kernel/include/priority_q.h is included...
(DEBUG)   No filter matched.
(DEBUG) Finding source file corresponding to a gcov data file
  gcov_fname   /home/afmondra/zephyr-course/app/modules/ring_buf/kthread.h##f5ac6029d1fd819fb88ff662c28cfe33.gcov
  current_dir  /home/afmondra/zephyr-course/app/modules/ring_buf
  root         /home/afmondra/zephyr-course/app/modules/ring_buf
  starting_dir /home/afmondra/zephyr-course
  obj_dir      None
  gcda_fname   ../../../twister-out/native_sim_native/host/homework.unit.ring_buf/zephyr/kernel/CMakeFiles/kernel.dir/msg_q.c.gcno
  --> fname    /home/afmondra/deps/zephyr/kernel/include/kthread.h
(DEBUG) Check if /home/afmondra/deps/zephyr/kernel/include/kthread.h is included...
(DEBUG)   No filter matched.
(DEBUG) Finding source file corresponding to a gcov data file
  gcov_fname   /home/afmondra/zephyr-course/app/modules/ring_buf/math_extras_impl.h##9486ac6719294299399476898ddf3fd9.gcov
  current_dir  /home/afmondra/zephyr-course/app/modules/ring_buf
  root         /home/afmondra/zephyr-course/app/modules/ring_buf
  starting_dir /home/afmondra/zephyr-course
  obj_dir      None
  gcda_fname   ../../../twister-out/native_sim_native/host/homework.unit.ring_buf/zephyr/kernel/CMakeFiles/kernel.dir/msg_q.c.gcno
  --> fname    /home/afmondra/deps/zephyr/include/zephyr/sys/math_extras_impl.h
(DEBUG) Check if /home/afmondra/deps/zephyr/include/zephyr/sys/math_extras_impl.h is included...
(DEBUG)   No filter matched.
(DEBUG) Finding source file corresponding to a gcov data file
  gcov_fname   /home/afmondra/zephyr-course/app/modules/ring_buf/msg_q.c##2d9d47ac0609e917c768e01f03c7b659.gcov
  current_dir  /home/afmondra/zephyr-course/app/modules/ring_buf
  root         /home/afmondra/zephyr-course/app/modules/ring_buf
  starting_dir /home/afmondra/zephyr-course
  obj_dir      None
  gcda_fname   ../../../twister-out/native_sim_native/host/homework.unit.ring_buf/zephyr/kernel/CMakeFiles/kernel.dir/msg_q.c.gcno
  --> fname    /home/afmondra/deps/zephyr/kernel/msg_q.c
(DEBUG) Check if /home/afmondra/deps/zephyr/kernel/msg_q.c is included...
(DEBUG)   No filter matched.
(DEBUG) Processing file: /home/afmondra/zephyr-course/twister-out/native_sim_native/host/homework.unit.ring_buf/zephyr/kernel/CMakeFiles/kernel.dir/mutex.c.gcno
(DEBUG) Running gcov: 'gcov /home/afmondra/zephyr-course/twister-out/native_sim_native/host/homework.unit.ring_buf/zephyr/kernel/CMakeFiles/kernel.dir/mutex.c.gcno --branch-counts --branch-probabilities --all-blocks --demangled-names --hash-filenames --object-directory ../../../twister-out/native_sim_native/host/homework.unit.ring_buf/zephyr/kernel/CMakeFiles/kernel.dir' in '/home/afmondra/zephyr-course/app/modules/ring_buf'
(DEBUG) GCOV return code was 0, stdout was:
File '/home/afmondra/deps/zephyr/kernel/mutex.c'
Lines executed:0.00% of 77
Branches executed:0.00% of 84
Taken at least once:0.00% of 84
Calls executed:0.00% of 51
Creating 'mutex.c##3f5e4a3ee957f6fdb8d5df2981387d7c.gcov'

File '/home/afmondra/deps/zephyr/include/zephyr/logging/log_msg.h'
Lines executed:0.00% of 5
No branches
Calls executed:0.00% of 1
Creating 'log_msg.h##79b8d5e6c50f02645efdf4e980ac5492.gcov'

File '/home/afmondra/deps/zephyr/kernel/include/wait_q.h'
Lines executed:0.00% of 5
No branches
Calls executed:0.00% of 2
Creating 'wait_q.h##7d194b64851e991ac75a7d3dbc9cc4b5.gcov'

File '/home/afmondra/deps/zephyr/kernel/include/ksched.h'
Lines executed:0.00% of 24
Branches executed:0.00% of 8
Taken at least once:0.00% of 8
Calls executed:0.00% of 20
Creating 'ksched.h##66840255ea5d90e8133169214ef7589d.gcov'

File '/home/afmondra/deps/zephyr/kernel/include/priority_q.h'
Lines executed:0.00% of 9
Branches executed:0.00% of 2
Taken at least once:0.00% of 2
Calls executed:0.00% of 2
Creating 'priority_q.h##019a5395a95fa982590d634a0de7c00b.gcov'

File '/home/afmondra/deps/zephyr/kernel/include/kthread.h'
Lines executed:0.00% of 9
No branches
Calls executed:0.00% of 1
Creating 'kthread.h##f5ac6029d1fd819fb88ff662c28cfe33.gcov'

File '/home/afmondra/deps/zephyr/kernel/include/timeout_q.h'
Lines executed:0.00% of 3
No branches
Calls executed:0.00% of 1
Creating 'timeout_q.h##0019aefc9ed6cdad0bdd6ed43d40cc99.gcov'

File '/home/afmondra/deps/zephyr/arch/posix/include/kernel_arch_func.h'
Lines executed:0.00% of 5
No branches
No calls
Creating 'kernel_arch_func.h##379cf6a4b0e9931ee2a0b5e22a6341aa.gcov'

File '/home/afmondra/deps/zephyr/include/zephyr/sys/internal/kobject_internal.h'
Lines executed:0.00% of 2
No branches
No calls
Creating 'kobject_internal.h##7fc8757d0ace3c199ecb77726040aa27.gcov'

File '/home/afmondra/deps/zephyr/include/zephyr/spinlock.h'
Lines executed:0.00% of 15
Branches executed:0.00% of 4
Taken at least once:0.00% of 4
Calls executed:0.00% of 17
Creating 'spinlock.h##0907215eaec88fd477ba521e3409787d.gcov'

File '/home/afmondra/deps/zephyr/include/zephyr/arch/posix/arch.h'
Lines executed:0.00% of 7
No branches
Calls executed:0.00% of 2
Creating 'arch.h##eee3095deeb51a158c6bb5ded542fa59.gcov'

File '/home/afmondra/deps/zephyr/include/zephyr/sys/dlist.h'
Lines executed:0.00% of 19
Branches executed:0.00% of 2
Taken at least once:0.00% of 2
Calls executed:0.00% of 2
Creating 'dlist.h##a327e4cc11655394ebace39a0dfd33dd.gcov'

Lines executed:0.00% of 180
<<, stderr was:
../../../twister-out/native_sim_native/host/homework.unit.ring_buf/zephyr/kernel/CMakeFiles/kernel.dir/mutex.c.gcda:cannot open data file, assuming not executed
<<
(DEBUG) Check if mutex.c##3f5e4a3ee957f6fdb8d5df2981387d7c.gcov is included...
(DEBUG) Check if log_msg.h##79b8d5e6c50f02645efdf4e980ac5492.gcov is included...
(DEBUG) Check if wait_q.h##7d194b64851e991ac75a7d3dbc9cc4b5.gcov is included...
(DEBUG) Check if ksched.h##66840255ea5d90e8133169214ef7589d.gcov is included...
(DEBUG) Check if priority_q.h##019a5395a95fa982590d634a0de7c00b.gcov is included...
(DEBUG) Check if kthread.h##f5ac6029d1fd819fb88ff662c28cfe33.gcov is included...
(DEBUG) Check if timeout_q.h##0019aefc9ed6cdad0bdd6ed43d40cc99.gcov is included...
(DEBUG) Check if kernel_arch_func.h##379cf6a4b0e9931ee2a0b5e22a6341aa.gcov is included...
(DEBUG) Check if kobject_internal.h##7fc8757d0ace3c199ecb77726040aa27.gcov is included...
(DEBUG) Check if spinlock.h##0907215eaec88fd477ba521e3409787d.gcov is included...
(DEBUG) Check if arch.h##eee3095deeb51a158c6bb5ded542fa59.gcov is included...
(DEBUG) Check if dlist.h##a327e4cc11655394ebace39a0dfd33dd.gcov is included...
(DEBUG) Finding source file corresponding to a gcov data file
  gcov_fname   /home/afmondra/zephyr-course/app/modules/ring_buf/kernel_arch_func.h##379cf6a4b0e9931ee2a0b5e22a6341aa.gcov
  current_dir  /home/afmondra/zephyr-course/app/modules/ring_buf
  root         /home/afmondra/zephyr-course/app/modules/ring_buf
  starting_dir /home/afmondra/zephyr-course
  obj_dir      None
  gcda_fname   ../../../twister-out/native_sim_native/host/homework.unit.ring_buf/zephyr/kernel/CMakeFiles/kernel.dir/mutex.c.gcno
  --> fname    /home/afmondra/deps/zephyr/arch/posix/include/kernel_arch_func.h
(DEBUG) Check if /home/afmondra/deps/zephyr/arch/posix/include/kernel_arch_func.h is included...
(DEBUG)   No filter matched.
(DEBUG) Finding source file corresponding to a gcov data file
  gcov_fname   /home/afmondra/zephyr-course/app/modules/ring_buf/wait_q.h##7d194b64851e991ac75a7d3dbc9cc4b5.gcov
  current_dir  /home/afmondra/zephyr-course/app/modules/ring_buf
  root         /home/afmondra/zephyr-course/app/modules/ring_buf
  starting_dir /home/afmondra/zephyr-course
  obj_dir      None
  gcda_fname   ../../../twister-out/native_sim_native/host/homework.unit.ring_buf/zephyr/kernel/CMakeFiles/kernel.dir/mutex.c.gcno
  --> fname    /home/afmondra/deps/zephyr/kernel/include/wait_q.h
(DEBUG) Check if /home/afmondra/deps/zephyr/kernel/include/wait_q.h is included...
(DEBUG)   No filter matched.
(DEBUG) Finding source file corresponding to a gcov data file
  gcov_fname   /home/afmondra/zephyr-course/app/modules/ring_buf/log_msg.h##79b8d5e6c50f02645efdf4e980ac5492.gcov
  current_dir  /home/afmondra/zephyr-course/app/modules/ring_buf
  root         /home/afmondra/zephyr-course/app/modules/ring_buf
  starting_dir /home/afmondra/zephyr-course
  obj_dir      None
  gcda_fname   ../../../twister-out/native_sim_native/host/homework.unit.ring_buf/zephyr/kernel/CMakeFiles/kernel.dir/mutex.c.gcno
  --> fname    /home/afmondra/deps/zephyr/include/zephyr/logging/log_msg.h
(DEBUG) Check if /home/afmondra/deps/zephyr/include/zephyr/logging/log_msg.h is included...
(DEBUG)   No filter matched.
(DEBUG) Finding source file corresponding to a gcov data file
  gcov_fname   /home/afmondra/zephyr-course/app/modules/ring_buf/spinlock.h##0907215eaec88fd477ba521e3409787d.gcov
  current_dir  /home/afmondra/zephyr-course/app/modules/ring_buf
  root         /home/afmondra/zephyr-course/app/modules/ring_buf
  starting_dir /home/afmondra/zephyr-course
  obj_dir      None
  gcda_fname   ../../../twister-out/native_sim_native/host/homework.unit.ring_buf/zephyr/kernel/CMakeFiles/kernel.dir/mutex.c.gcno
  --> fname    /home/afmondra/deps/zephyr/include/zephyr/spinlock.h
(DEBUG) Check if /home/afmondra/deps/zephyr/include/zephyr/spinlock.h is included...
(DEBUG)   No filter matched.
(DEBUG) Finding source file corresponding to a gcov data file
  gcov_fname   /home/afmondra/zephyr-course/app/modules/ring_buf/dlist.h##a327e4cc11655394ebace39a0dfd33dd.gcov
  current_dir  /home/afmondra/zephyr-course/app/modules/ring_buf
  root         /home/afmondra/zephyr-course/app/modules/ring_buf
  starting_dir /home/afmondra/zephyr-course
  obj_dir      None
  gcda_fname   ../../../twister-out/native_sim_native/host/homework.unit.ring_buf/zephyr/kernel/CMakeFiles/kernel.dir/mutex.c.gcno
  --> fname    /home/afmondra/deps/zephyr/include/zephyr/sys/dlist.h
(DEBUG) Check if /home/afmondra/deps/zephyr/include/zephyr/sys/dlist.h is included...
(DEBUG)   No filter matched.
(DEBUG) Finding source file corresponding to a gcov data file
  gcov_fname   /home/afmondra/zephyr-course/app/modules/ring_buf/timeout_q.h##0019aefc9ed6cdad0bdd6ed43d40cc99.gcov
  current_dir  /home/afmondra/zephyr-course/app/modules/ring_buf
  root         /home/afmondra/zephyr-course/app/modules/ring_buf
  starting_dir /home/afmondra/zephyr-course
  obj_dir      None
  gcda_fname   ../../../twister-out/native_sim_native/host/homework.unit.ring_buf/zephyr/kernel/CMakeFiles/kernel.dir/mutex.c.gcno
  --> fname    /home/afmondra/deps/zephyr/kernel/include/timeout_q.h
(DEBUG) Check if /home/afmondra/deps/zephyr/kernel/include/timeout_q.h is included...
(DEBUG)   No filter matched.
(DEBUG) Finding source file corresponding to a gcov data file
  gcov_fname   /home/afmondra/zephyr-course/app/modules/ring_buf/mutex.c##3f5e4a3ee957f6fdb8d5df2981387d7c.gcov
  current_dir  /home/afmondra/zephyr-course/app/modules/ring_buf
  root         /home/afmondra/zephyr-course/app/modules/ring_buf
  starting_dir /home/afmondra/zephyr-course
  obj_dir      None
  gcda_fname   ../../../twister-out/native_sim_native/host/homework.unit.ring_buf/zephyr/kernel/CMakeFiles/kernel.dir/mutex.c.gcno
  --> fname    /home/afmondra/deps/zephyr/kernel/mutex.c
(DEBUG) Check if /home/afmondra/deps/zephyr/kernel/mutex.c is included...
(DEBUG)   No filter matched.
(DEBUG) Finding source file corresponding to a gcov data file
  gcov_fname   /home/afmondra/zephyr-course/app/modules/ring_buf/ksched.h##66840255ea5d90e8133169214ef7589d.gcov
  current_dir  /home/afmondra/zephyr-course/app/modules/ring_buf
  root         /home/afmondra/zephyr-course/app/modules/ring_buf
  starting_dir /home/afmondra/zephyr-course
  obj_dir      None
  gcda_fname   ../../../twister-out/native_sim_native/host/homework.unit.ring_buf/zephyr/kernel/CMakeFiles/kernel.dir/mutex.c.gcno
  --> fname    /home/afmondra/deps/zephyr/kernel/include/ksched.h
(DEBUG) Check if /home/afmondra/deps/zephyr/kernel/include/ksched.h is included...
(DEBUG)   No filter matched.
(DEBUG) Finding source file corresponding to a gcov data file
  gcov_fname   /home/afmondra/zephyr-course/app/modules/ring_buf/arch.h##eee3095deeb51a158c6bb5ded542fa59.gcov
  current_dir  /home/afmondra/zephyr-course/app/modules/ring_buf
  root         /home/afmondra/zephyr-course/app/modules/ring_buf
  starting_dir /home/afmondra/zephyr-course
  obj_dir      None
  gcda_fname   ../../../twister-out/native_sim_native/host/homework.unit.ring_buf/zephyr/kernel/CMakeFiles/kernel.dir/mutex.c.gcno
  --> fname    /home/afmondra/deps/zephyr/include/zephyr/arch/posix/arch.h
(DEBUG) Check if /home/afmondra/deps/zephyr/include/zephyr/arch/posix/arch.h is included...
(DEBUG)   No filter matched.
(DEBUG) Finding source file corresponding to a gcov data file
  gcov_fname   /home/afmondra/zephyr-course/app/modules/ring_buf/kobject_internal.h##7fc8757d0ace3c199ecb77726040aa27.gcov
  current_dir  /home/afmondra/zephyr-course/app/modules/ring_buf
  root         /home/afmondra/zephyr-course/app/modules/ring_buf
  starting_dir /home/afmondra/zephyr-course
  obj_dir      None
  gcda_fname   ../../../twister-out/native_sim_native/host/homework.unit.ring_buf/zephyr/kernel/CMakeFiles/kernel.dir/mutex.c.gcno
  --> fname    /home/afmondra/deps/zephyr/include/zephyr/sys/internal/kobject_internal.h
(DEBUG) Check if /home/afmondra/deps/zephyr/include/zephyr/sys/internal/kobject_internal.h is included...
(DEBUG)   No filter matched.
(DEBUG) Finding source file corresponding to a gcov data file
  gcov_fname   /home/afmondra/zephyr-course/app/modules/ring_buf/priority_q.h##019a5395a95fa982590d634a0de7c00b.gcov
  current_dir  /home/afmondra/zephyr-course/app/modules/ring_buf
  root         /home/afmondra/zephyr-course/app/modules/ring_buf
  starting_dir /home/afmondra/zephyr-course
  obj_dir      None
  gcda_fname   ../../../twister-out/native_sim_native/host/homework.unit.ring_buf/zephyr/kernel/CMakeFiles/kernel.dir/mutex.c.gcno
  --> fname    /home/afmondra/deps/zephyr/kernel/include/priority_q.h
(DEBUG) Check if /home/afmondra/deps/zephyr/kernel/include/priority_q.h is included...
(DEBUG)   No filter matched.
(DEBUG) Finding source file corresponding to a gcov data file
  gcov_fname   /home/afmondra/zephyr-course/app/modules/ring_buf/kthread.h##f5ac6029d1fd819fb88ff662c28cfe33.gcov
  current_dir  /home/afmondra/zephyr-course/app/modules/ring_buf
  root         /home/afmondra/zephyr-course/app/modules/ring_buf
  starting_dir /home/afmondra/zephyr-course
  obj_dir      None
  gcda_fname   ../../../twister-out/native_sim_native/host/homework.unit.ring_buf/zephyr/kernel/CMakeFiles/kernel.dir/mutex.c.gcno
  --> fname    /home/afmondra/deps/zephyr/kernel/include/kthread.h
(DEBUG) Check if /home/afmondra/deps/zephyr/kernel/include/kthread.h is included...
(DEBUG)   No filter matched.
(DEBUG) Processing file: /home/afmondra/zephyr-course/twister-out/native_sim_native/host/homework.unit.ring_buf/zephyr/kernel/CMakeFiles/kernel.dir/pipe.c.gcno
(DEBUG) Running gcov: 'gcov /home/afmondra/zephyr-course/twister-out/native_sim_native/host/homework.unit.ring_buf/zephyr/kernel/CMakeFiles/kernel.dir/pipe.c.gcno --branch-counts --branch-probabilities --all-blocks --demangled-names --hash-filenames --object-directory ../../../twister-out/native_sim_native/host/homework.unit.ring_buf/zephyr/kernel/CMakeFiles/kernel.dir' in '/home/afmondra/zephyr-course/app/modules/ring_buf'
(DEBUG) GCOV return code was 0, stdout was:
File '/home/afmondra/deps/zephyr/kernel/pipe.c'
Lines executed:0.00% of 127
Branches executed:0.00% of 60
Taken at least once:0.00% of 60
Calls executed:0.00% of 46
Creating 'pipe.c##d69624284e40a1b3e3da4f3c6f72decc.gcov'

File '/home/afmondra/deps/zephyr/kernel/include/wait_q.h'
Lines executed:0.00% of 3
No branches
Calls executed:0.00% of 1
Creating 'wait_q.h##7d194b64851e991ac75a7d3dbc9cc4b5.gcov'

File '/home/afmondra/deps/zephyr/kernel/include/ksched.h'
Lines executed:0.00% of 13
Branches executed:0.00% of 4
Taken at least once:0.00% of 4
Calls executed:0.00% of 8
Creating 'ksched.h##66840255ea5d90e8133169214ef7589d.gcov'

File '/home/afmondra/deps/zephyr/kernel/include/priority_q.h'
Lines executed:0.00% of 9
Branches executed:0.00% of 2
Taken at least once:0.00% of 2
Calls executed:0.00% of 2
Creating 'priority_q.h##019a5395a95fa982590d634a0de7c00b.gcov'

File '/home/afmondra/deps/zephyr/kernel/include/kthread.h'
Lines executed:0.00% of 3
No branches
No calls
Creating 'kthread.h##f5ac6029d1fd819fb88ff662c28cfe33.gcov'

File '/home/afmondra/deps/zephyr/kernel/include/timeout_q.h'
Lines executed:0.00% of 3
No branches
Calls executed:0.00% of 1
Creating 'timeout_q.h##0019aefc9ed6cdad0bdd6ed43d40cc99.gcov'

File '/home/afmondra/deps/zephyr/kernel/include/kernel_internal.h'
Lines executed:0.00% of 4
No branches
Calls executed:0.00% of 1
Creating 'kernel_internal.h##c94d6fbabfefc46651cba9d879b4e358.gcov'

File '/home/afmondra/deps/zephyr/arch/posix/include/kernel_arch_func.h'
Lines executed:0.00% of 3
No branches
No calls
Creating 'kernel_arch_func.h##379cf6a4b0e9931ee2a0b5e22a6341aa.gcov'

File '/home/afmondra/deps/zephyr/include/zephyr/sys/ring_buffer.h'
Lines executed:0.00% of 18
Branches executed:0.00% of 2
Taken at least once:0.00% of 2
Calls executed:0.00% of 7
Creating 'ring_buffer.h##80f1a8383da5b8a85ed4c0a79bfacac8.gcov'

File '/home/afmondra/deps/zephyr/include/zephyr/sys/internal/kobject_internal.h'
Lines executed:0.00% of 2
No branches
No calls
Creating 'kobject_internal.h##7fc8757d0ace3c199ecb77726040aa27.gcov'

File '/home/afmondra/deps/zephyr/include/zephyr/spinlock.h'
Lines executed:0.00% of 18
Branches executed:0.00% of 6
Taken at least once:0.00% of 6
Calls executed:0.00% of 22
Creating 'spinlock.h##0907215eaec88fd477ba521e3409787d.gcov'

File '/home/afmondra/deps/zephyr/include/zephyr/arch/posix/arch.h'
Lines executed:0.00% of 5
No branches
Calls executed:0.00% of 2
Creating 'arch.h##eee3095deeb51a158c6bb5ded542fa59.gcov'

File '/home/afmondra/deps/zephyr/include/zephyr/sys/dlist.h'
Lines executed:0.00% of 19
Branches executed:0.00% of 2
Taken at least once:0.00% of 2
Calls executed:0.00% of 2
Creating 'dlist.h##a327e4cc11655394ebace39a0dfd33dd.gcov'

Lines executed:0.00% of 227
<<, stderr was:
../../../twister-out/native_sim_native/host/homework.unit.ring_buf/zephyr/kernel/CMakeFiles/kernel.dir/pipe.c.gcda:cannot open data file, assuming not executed
<<
(DEBUG) Check if pipe.c##d69624284e40a1b3e3da4f3c6f72decc.gcov is included...
(DEBUG) Check if wait_q.h##7d194b64851e991ac75a7d3dbc9cc4b5.gcov is included...
(DEBUG) Check if ksched.h##66840255ea5d90e8133169214ef7589d.gcov is included...
(DEBUG) Check if priority_q.h##019a5395a95fa982590d634a0de7c00b.gcov is included...
(DEBUG) Check if kthread.h##f5ac6029d1fd819fb88ff662c28cfe33.gcov is included...
(DEBUG) Check if timeout_q.h##0019aefc9ed6cdad0bdd6ed43d40cc99.gcov is included...
(DEBUG) Check if kernel_internal.h##c94d6fbabfefc46651cba9d879b4e358.gcov is included...
(DEBUG) Check if kernel_arch_func.h##379cf6a4b0e9931ee2a0b5e22a6341aa.gcov is included...
(DEBUG) Check if ring_buffer.h##80f1a8383da5b8a85ed4c0a79bfacac8.gcov is included...
(DEBUG) Check if kobject_internal.h##7fc8757d0ace3c199ecb77726040aa27.gcov is included...
(DEBUG) Check if spinlock.h##0907215eaec88fd477ba521e3409787d.gcov is included...
(DEBUG) Check if arch.h##eee3095deeb51a158c6bb5ded542fa59.gcov is included...
(DEBUG) Check if dlist.h##a327e4cc11655394ebace39a0dfd33dd.gcov is included...
(DEBUG) Finding source file corresponding to a gcov data file
  gcov_fname   /home/afmondra/zephyr-course/app/modules/ring_buf/kernel_arch_func.h##379cf6a4b0e9931ee2a0b5e22a6341aa.gcov
  current_dir  /home/afmondra/zephyr-course/app/modules/ring_buf
  root         /home/afmondra/zephyr-course/app/modules/ring_buf
  starting_dir /home/afmondra/zephyr-course
  obj_dir      None
  gcda_fname   ../../../twister-out/native_sim_native/host/homework.unit.ring_buf/zephyr/kernel/CMakeFiles/kernel.dir/pipe.c.gcno
  --> fname    /home/afmondra/deps/zephyr/arch/posix/include/kernel_arch_func.h
(DEBUG) Check if /home/afmondra/deps/zephyr/arch/posix/include/kernel_arch_func.h is included...
(DEBUG)   No filter matched.
(DEBUG) Finding source file corresponding to a gcov data file
  gcov_fname   /home/afmondra/zephyr-course/app/modules/ring_buf/wait_q.h##7d194b64851e991ac75a7d3dbc9cc4b5.gcov
  current_dir  /home/afmondra/zephyr-course/app/modules/ring_buf
  root         /home/afmondra/zephyr-course/app/modules/ring_buf
  starting_dir /home/afmondra/zephyr-course
  obj_dir      None
  gcda_fname   ../../../twister-out/native_sim_native/host/homework.unit.ring_buf/zephyr/kernel/CMakeFiles/kernel.dir/pipe.c.gcno
  --> fname    /home/afmondra/deps/zephyr/kernel/include/wait_q.h
(DEBUG) Check if /home/afmondra/deps/zephyr/kernel/include/wait_q.h is included...
(DEBUG)   No filter matched.
(DEBUG) Finding source file corresponding to a gcov data file
  gcov_fname   /home/afmondra/zephyr-course/app/modules/ring_buf/pipe.c##d69624284e40a1b3e3da4f3c6f72decc.gcov
  current_dir  /home/afmondra/zephyr-course/app/modules/ring_buf
  root         /home/afmondra/zephyr-course/app/modules/ring_buf
  starting_dir /home/afmondra/zephyr-course
  obj_dir      None
  gcda_fname   ../../../twister-out/native_sim_native/host/homework.unit.ring_buf/zephyr/kernel/CMakeFiles/kernel.dir/pipe.c.gcno
  --> fname    /home/afmondra/deps/zephyr/kernel/pipe.c
(DEBUG) Check if /home/afmondra/deps/zephyr/kernel/pipe.c is included...
(DEBUG)   No filter matched.
(DEBUG) Finding source file corresponding to a gcov data file
  gcov_fname   /home/afmondra/zephyr-course/app/modules/ring_buf/spinlock.h##0907215eaec88fd477ba521e3409787d.gcov
  current_dir  /home/afmondra/zephyr-course/app/modules/ring_buf
  root         /home/afmondra/zephyr-course/app/modules/ring_buf
  starting_dir /home/afmondra/zephyr-course
  obj_dir      None
  gcda_fname   ../../../twister-out/native_sim_native/host/homework.unit.ring_buf/zephyr/kernel/CMakeFiles/kernel.dir/pipe.c.gcno
  --> fname    /home/afmondra/deps/zephyr/include/zephyr/spinlock.h
(DEBUG) Check if /home/afmondra/deps/zephyr/include/zephyr/spinlock.h is included...
(DEBUG)   No filter matched.
(DEBUG) Finding source file corresponding to a gcov data file
  gcov_fname   /home/afmondra/zephyr-course/app/modules/ring_buf/dlist.h##a327e4cc11655394ebace39a0dfd33dd.gcov
  current_dir  /home/afmondra/zephyr-course/app/modules/ring_buf
  root         /home/afmondra/zephyr-course/app/modules/ring_buf
  starting_dir /home/afmondra/zephyr-course
  obj_dir      None
  gcda_fname   ../../../twister-out/native_sim_native/host/homework.unit.ring_buf/zephyr/kernel/CMakeFiles/kernel.dir/pipe.c.gcno
  --> fname    /home/afmondra/deps/zephyr/include/zephyr/sys/dlist.h
(DEBUG) Check if /home/afmondra/deps/zephyr/include/zephyr/sys/dlist.h is included...
(DEBUG)   No filter matched.
(DEBUG) Finding source file corresponding to a gcov data file
  gcov_fname   /home/afmondra/zephyr-course/app/modules/ring_buf/timeout_q.h##0019aefc9ed6cdad0bdd6ed43d40cc99.gcov
  current_dir  /home/afmondra/zephyr-course/app/modules/ring_buf
  root         /home/afmondra/zephyr-course/app/modules/ring_buf
  starting_dir /home/afmondra/zephyr-course
  obj_dir      None
  gcda_fname   ../../../twister-out/native_sim_native/host/homework.unit.ring_buf/zephyr/kernel/CMakeFiles/kernel.dir/pipe.c.gcno
  --> fname    /home/afmondra/deps/zephyr/kernel/include/timeout_q.h
(DEBUG) Check if /home/afmondra/deps/zephyr/kernel/include/timeout_q.h is included...
(DEBUG)   No filter matched.
(DEBUG) Finding source file corresponding to a gcov data file
  gcov_fname   /home/afmondra/zephyr-course/app/modules/ring_buf/ksched.h##66840255ea5d90e8133169214ef7589d.gcov
  current_dir  /home/afmondra/zephyr-course/app/modules/ring_buf
  root         /home/afmondra/zephyr-course/app/modules/ring_buf
  starting_dir /home/afmondra/zephyr-course
  obj_dir      None
  gcda_fname   ../../../twister-out/native_sim_native/host/homework.unit.ring_buf/zephyr/kernel/CMakeFiles/kernel.dir/pipe.c.gcno
  --> fname    /home/afmondra/deps/zephyr/kernel/include/ksched.h
(DEBUG) Check if /home/afmondra/deps/zephyr/kernel/include/ksched.h is included...
(DEBUG)   No filter matched.
(DEBUG) Finding source file corresponding to a gcov data file
  gcov_fname   /home/afmondra/zephyr-course/app/modules/ring_buf/arch.h##eee3095deeb51a158c6bb5ded542fa59.gcov
  current_dir  /home/afmondra/zephyr-course/app/modules/ring_buf
  root         /home/afmondra/zephyr-course/app/modules/ring_buf
  starting_dir /home/afmondra/zephyr-course
  obj_dir      None
  gcda_fname   ../../../twister-out/native_sim_native/host/homework.unit.ring_buf/zephyr/kernel/CMakeFiles/kernel.dir/pipe.c.gcno
  --> fname    /home/afmondra/deps/zephyr/include/zephyr/arch/posix/arch.h
(DEBUG) Check if /home/afmondra/deps/zephyr/include/zephyr/arch/posix/arch.h is included...
(DEBUG)   No filter matched.
(DEBUG) Finding source file corresponding to a gcov data file
  gcov_fname   /home/afmondra/zephyr-course/app/modules/ring_buf/kobject_internal.h##7fc8757d0ace3c199ecb77726040aa27.gcov
  current_dir  /home/afmondra/zephyr-course/app/modules/ring_buf
  root         /home/afmondra/zephyr-course/app/modules/ring_buf
  starting_dir /home/afmondra/zephyr-course
  obj_dir      None
  gcda_fname   ../../../twister-out/native_sim_native/host/homework.unit.ring_buf/zephyr/kernel/CMakeFiles/kernel.dir/pipe.c.gcno
  --> fname    /home/afmondra/deps/zephyr/include/zephyr/sys/internal/kobject_internal.h
(DEBUG) Check if /home/afmondra/deps/zephyr/include/zephyr/sys/internal/kobject_internal.h is included...
(DEBUG)   No filter matched.
(DEBUG) Finding source file corresponding to a gcov data file
  gcov_fname   /home/afmondra/zephyr-course/app/modules/ring_buf/priority_q.h##019a5395a95fa982590d634a0de7c00b.gcov
  current_dir  /home/afmondra/zephyr-course/app/modules/ring_buf
  root         /home/afmondra/zephyr-course/app/modules/ring_buf
  starting_dir /home/afmondra/zephyr-course
  obj_dir      None
  gcda_fname   ../../../twister-out/native_sim_native/host/homework.unit.ring_buf/zephyr/kernel/CMakeFiles/kernel.dir/pipe.c.gcno
  --> fname    /home/afmondra/deps/zephyr/kernel/include/priority_q.h
(DEBUG) Check if /home/afmondra/deps/zephyr/kernel/include/priority_q.h is included...
(DEBUG)   No filter matched.
(DEBUG) Finding source file corresponding to a gcov data file
  gcov_fname   /home/afmondra/zephyr-course/app/modules/ring_buf/kthread.h##f5ac6029d1fd819fb88ff662c28cfe33.gcov
  current_dir  /home/afmondra/zephyr-course/app/modules/ring_buf
  root         /home/afmondra/zephyr-course/app/modules/ring_buf
  starting_dir /home/afmondra/zephyr-course
  obj_dir      None
  gcda_fname   ../../../twister-out/native_sim_native/host/homework.unit.ring_buf/zephyr/kernel/CMakeFiles/kernel.dir/pipe.c.gcno
  --> fname    /home/afmondra/deps/zephyr/kernel/include/kthread.h
(DEBUG) Check if /home/afmondra/deps/zephyr/kernel/include/kthread.h is included...
(DEBUG)   No filter matched.
(DEBUG) Finding source file corresponding to a gcov data file
  gcov_fname   /home/afmondra/zephyr-course/app/modules/ring_buf/ring_buffer.h##80f1a8383da5b8a85ed4c0a79bfacac8.gcov
  current_dir  /home/afmondra/zephyr-course/app/modules/ring_buf
  root         /home/afmondra/zephyr-course/app/modules/ring_buf
  starting_dir /home/afmondra/zephyr-course
  obj_dir      None
  gcda_fname   ../../../twister-out/native_sim_native/host/homework.unit.ring_buf/zephyr/kernel/CMakeFiles/kernel.dir/pipe.c.gcno
  --> fname    /home/afmondra/deps/zephyr/include/zephyr/sys/ring_buffer.h
(DEBUG) Check if /home/afmondra/deps/zephyr/include/zephyr/sys/ring_buffer.h is included...
(DEBUG)   No filter matched.
(DEBUG) Finding source file corresponding to a gcov data file
  gcov_fname   /home/afmondra/zephyr-course/app/modules/ring_buf/kernel_internal.h##c94d6fbabfefc46651cba9d879b4e358.gcov
  current_dir  /home/afmondra/zephyr-course/app/modules/ring_buf
  root         /home/afmondra/zephyr-course/app/modules/ring_buf
  starting_dir /home/afmondra/zephyr-course
  obj_dir      None
  gcda_fname   ../../../twister-out/native_sim_native/host/homework.unit.ring_buf/zephyr/kernel/CMakeFiles/kernel.dir/pipe.c.gcno
  --> fname    /home/afmondra/deps/zephyr/kernel/include/kernel_internal.h
(DEBUG) Check if /home/afmondra/deps/zephyr/kernel/include/kernel_internal.h is included...
(DEBUG)   No filter matched.
(DEBUG) Processing file: /home/afmondra/zephyr-course/twister-out/native_sim_native/host/homework.unit.ring_buf/zephyr/kernel/CMakeFiles/kernel.dir/queue.c.gcno
(DEBUG) Running gcov: 'gcov /home/afmondra/zephyr-course/twister-out/native_sim_native/host/homework.unit.ring_buf/zephyr/kernel/CMakeFiles/kernel.dir/queue.c.gcno --branch-counts --branch-probabilities --all-blocks --demangled-names --hash-filenames --object-directory ../../../twister-out/native_sim_native/host/homework.unit.ring_buf/zephyr/kernel/CMakeFiles/kernel.dir' in '/home/afmondra/zephyr-course/app/modules/ring_buf'
(DEBUG) GCOV return code was 0, stdout was:
File '/home/afmondra/deps/zephyr/kernel/queue.c'
Lines executed:0.00% of 129
Branches executed:0.00% of 56
Taken at least once:0.00% of 56
Calls executed:0.00% of 55
Creating 'queue.c##bbe3ce13f8160f3e54c204ed1b80cb91.gcov'

File '/home/afmondra/deps/zephyr/kernel/include/ksched.h'
Lines executed:0.00% of 16
Branches executed:0.00% of 6
Taken at least once:0.00% of 6
Calls executed:0.00% of 18
Creating 'ksched.h##66840255ea5d90e8133169214ef7589d.gcov'

File '/home/afmondra/deps/zephyr/kernel/include/kthread.h'
Lines executed:0.00% of 3
No branches
No calls
Creating 'kthread.h##f5ac6029d1fd819fb88ff662c28cfe33.gcov'

File '/home/afmondra/deps/zephyr/kernel/include/kernel_internal.h'
Lines executed:0.00% of 4
No branches
Calls executed:0.00% of 1
Creating 'kernel_internal.h##c94d6fbabfefc46651cba9d879b4e358.gcov'

File '/home/afmondra/deps/zephyr/arch/posix/include/kernel_arch_func.h'
Lines executed:0.00% of 3
No branches
No calls
Creating 'kernel_arch_func.h##379cf6a4b0e9931ee2a0b5e22a6341aa.gcov'

File '/home/afmondra/deps/zephyr/kernel/include/wait_q.h'
Lines executed:0.00% of 3
No branches
Calls executed:0.00% of 1
Creating 'wait_q.h##7d194b64851e991ac75a7d3dbc9cc4b5.gcov'

File '/home/afmondra/deps/zephyr/kernel/include/priority_q.h'
Lines executed:0.00% of 9
Branches executed:0.00% of 2
Taken at least once:0.00% of 2
Calls executed:0.00% of 2
Creating 'priority_q.h##019a5395a95fa982590d634a0de7c00b.gcov'

File '/home/afmondra/deps/zephyr/kernel/include/timeout_q.h'
Lines executed:0.00% of 3
No branches
Calls executed:0.00% of 1
Creating 'timeout_q.h##0019aefc9ed6cdad0bdd6ed43d40cc99.gcov'

File '/home/afmondra/deps/zephyr/include/zephyr/sys/internal/kobject_internal.h'
Lines executed:0.00% of 2
No branches
No calls
Creating 'kobject_internal.h##7fc8757d0ace3c199ecb77726040aa27.gcov'

File '/home/afmondra/deps/zephyr/include/zephyr/spinlock.h'
Lines executed:0.00% of 15
Branches executed:0.00% of 4
Taken at least once:0.00% of 4
Calls executed:0.00% of 17
Creating 'spinlock.h##0907215eaec88fd477ba521e3409787d.gcov'

File '/home/afmondra/deps/zephyr/include/zephyr/arch/posix/arch.h'
Lines executed:0.00% of 7
No branches
Calls executed:0.00% of 2
Creating 'arch.h##eee3095deeb51a158c6bb5ded542fa59.gcov'

File '/home/afmondra/deps/zephyr/include/zephyr/sys/sflist.h'
Lines executed:0.00% of 36
Branches executed:0.00% of 30
Taken at least once:0.00% of 30
Calls executed:0.00% of 52
Creating 'sflist.h##3a6f44d8b8629bbf81245dbea03e2d71.gcov'

File '/home/afmondra/deps/zephyr/include/zephyr/sys/slist.h'
Lines executed:0.00% of 7
No branches
Calls executed:0.00% of 1
Creating 'slist.h##51ca74fb21b66782a830f7008bf83ae6.gcov'

File '/home/afmondra/deps/zephyr/include/zephyr/sys/dlist.h'
Lines executed:0.00% of 19
Branches executed:0.00% of 2
Taken at least once:0.00% of 2
Calls executed:0.00% of 2
Creating 'dlist.h##a327e4cc11655394ebace39a0dfd33dd.gcov'

Lines executed:0.00% of 256
<<, stderr was:
../../../twister-out/native_sim_native/host/homework.unit.ring_buf/zephyr/kernel/CMakeFiles/kernel.dir/queue.c.gcda:cannot open data file, assuming not executed
<<
(DEBUG) Check if queue.c##bbe3ce13f8160f3e54c204ed1b80cb91.gcov is included...
(DEBUG) Check if ksched.h##66840255ea5d90e8133169214ef7589d.gcov is included...
(DEBUG) Check if kthread.h##f5ac6029d1fd819fb88ff662c28cfe33.gcov is included...
(DEBUG) Check if kernel_internal.h##c94d6fbabfefc46651cba9d879b4e358.gcov is included...
(DEBUG) Check if kernel_arch_func.h##379cf6a4b0e9931ee2a0b5e22a6341aa.gcov is included...
(DEBUG) Check if wait_q.h##7d194b64851e991ac75a7d3dbc9cc4b5.gcov is included...
(DEBUG) Check if priority_q.h##019a5395a95fa982590d634a0de7c00b.gcov is included...
(DEBUG) Check if timeout_q.h##0019aefc9ed6cdad0bdd6ed43d40cc99.gcov is included...
(DEBUG) Check if kobject_internal.h##7fc8757d0ace3c199ecb77726040aa27.gcov is included...
(DEBUG) Check if spinlock.h##0907215eaec88fd477ba521e3409787d.gcov is included...
(DEBUG) Check if arch.h##eee3095deeb51a158c6bb5ded542fa59.gcov is included...
(DEBUG) Check if sflist.h##3a6f44d8b8629bbf81245dbea03e2d71.gcov is included...
(DEBUG) Check if slist.h##51ca74fb21b66782a830f7008bf83ae6.gcov is included...
(DEBUG) Check if dlist.h##a327e4cc11655394ebace39a0dfd33dd.gcov is included...
(DEBUG) Finding source file corresponding to a gcov data file
  gcov_fname   /home/afmondra/zephyr-course/app/modules/ring_buf/kernel_arch_func.h##379cf6a4b0e9931ee2a0b5e22a6341aa.gcov
  current_dir  /home/afmondra/zephyr-course/app/modules/ring_buf
  root         /home/afmondra/zephyr-course/app/modules/ring_buf
  starting_dir /home/afmondra/zephyr-course
  obj_dir      None
  gcda_fname   ../../../twister-out/native_sim_native/host/homework.unit.ring_buf/zephyr/kernel/CMakeFiles/kernel.dir/queue.c.gcno
  --> fname    /home/afmondra/deps/zephyr/arch/posix/include/kernel_arch_func.h
(DEBUG) Check if /home/afmondra/deps/zephyr/arch/posix/include/kernel_arch_func.h is included...
(DEBUG)   No filter matched.
(DEBUG) Finding source file corresponding to a gcov data file
  gcov_fname   /home/afmondra/zephyr-course/app/modules/ring_buf/wait_q.h##7d194b64851e991ac75a7d3dbc9cc4b5.gcov
  current_dir  /home/afmondra/zephyr-course/app/modules/ring_buf
  root         /home/afmondra/zephyr-course/app/modules/ring_buf
  starting_dir /home/afmondra/zephyr-course
  obj_dir      None
  gcda_fname   ../../../twister-out/native_sim_native/host/homework.unit.ring_buf/zephyr/kernel/CMakeFiles/kernel.dir/queue.c.gcno
  --> fname    /home/afmondra/deps/zephyr/kernel/include/wait_q.h
(DEBUG) Check if /home/afmondra/deps/zephyr/kernel/include/wait_q.h is included...
(DEBUG)   No filter matched.
(DEBUG) Finding source file corresponding to a gcov data file
  gcov_fname   /home/afmondra/zephyr-course/app/modules/ring_buf/spinlock.h##0907215eaec88fd477ba521e3409787d.gcov
  current_dir  /home/afmondra/zephyr-course/app/modules/ring_buf
  root         /home/afmondra/zephyr-course/app/modules/ring_buf
  starting_dir /home/afmondra/zephyr-course
  obj_dir      None
  gcda_fname   ../../../twister-out/native_sim_native/host/homework.unit.ring_buf/zephyr/kernel/CMakeFiles/kernel.dir/queue.c.gcno
  --> fname    /home/afmondra/deps/zephyr/include/zephyr/spinlock.h
(DEBUG) Check if /home/afmondra/deps/zephyr/include/zephyr/spinlock.h is included...
(DEBUG)   No filter matched.
(DEBUG) Finding source file corresponding to a gcov data file
  gcov_fname   /home/afmondra/zephyr-course/app/modules/ring_buf/dlist.h##a327e4cc11655394ebace39a0dfd33dd.gcov
  current_dir  /home/afmondra/zephyr-course/app/modules/ring_buf
  root         /home/afmondra/zephyr-course/app/modules/ring_buf
  starting_dir /home/afmondra/zephyr-course
  obj_dir      None
  gcda_fname   ../../../twister-out/native_sim_native/host/homework.unit.ring_buf/zephyr/kernel/CMakeFiles/kernel.dir/queue.c.gcno
  --> fname    /home/afmondra/deps/zephyr/include/zephyr/sys/dlist.h
(DEBUG) Check if /home/afmondra/deps/zephyr/include/zephyr/sys/dlist.h is included...
(DEBUG)   No filter matched.
(DEBUG) Finding source file corresponding to a gcov data file
  gcov_fname   /home/afmondra/zephyr-course/app/modules/ring_buf/queue.c##bbe3ce13f8160f3e54c204ed1b80cb91.gcov
  current_dir  /home/afmondra/zephyr-course/app/modules/ring_buf
  root         /home/afmondra/zephyr-course/app/modules/ring_buf
  starting_dir /home/afmondra/zephyr-course
  obj_dir      None
  gcda_fname   ../../../twister-out/native_sim_native/host/homework.unit.ring_buf/zephyr/kernel/CMakeFiles/kernel.dir/queue.c.gcno
  --> fname    /home/afmondra/deps/zephyr/kernel/queue.c
(DEBUG) Check if /home/afmondra/deps/zephyr/kernel/queue.c is included...
(DEBUG)   No filter matched.
(DEBUG) Finding source file corresponding to a gcov data file
  gcov_fname   /home/afmondra/zephyr-course/app/modules/ring_buf/timeout_q.h##0019aefc9ed6cdad0bdd6ed43d40cc99.gcov
  current_dir  /home/afmondra/zephyr-course/app/modules/ring_buf
  root         /home/afmondra/zephyr-course/app/modules/ring_buf
  starting_dir /home/afmondra/zephyr-course
  obj_dir      None
  gcda_fname   ../../../twister-out/native_sim_native/host/homework.unit.ring_buf/zephyr/kernel/CMakeFiles/kernel.dir/queue.c.gcno
  --> fname    /home/afmondra/deps/zephyr/kernel/include/timeout_q.h
(DEBUG) Check if /home/afmondra/deps/zephyr/kernel/include/timeout_q.h is included...
(DEBUG)   No filter matched.
(DEBUG) Finding source file corresponding to a gcov data file
  gcov_fname   /home/afmondra/zephyr-course/app/modules/ring_buf/ksched.h##66840255ea5d90e8133169214ef7589d.gcov
  current_dir  /home/afmondra/zephyr-course/app/modules/ring_buf
  root         /home/afmondra/zephyr-course/app/modules/ring_buf
  starting_dir /home/afmondra/zephyr-course
  obj_dir      None
  gcda_fname   ../../../twister-out/native_sim_native/host/homework.unit.ring_buf/zephyr/kernel/CMakeFiles/kernel.dir/queue.c.gcno
  --> fname    /home/afmondra/deps/zephyr/kernel/include/ksched.h
(DEBUG) Check if /home/afmondra/deps/zephyr/kernel/include/ksched.h is included...
(DEBUG)   No filter matched.
(DEBUG) Finding source file corresponding to a gcov data file
  gcov_fname   /home/afmondra/zephyr-course/app/modules/ring_buf/arch.h##eee3095deeb51a158c6bb5ded542fa59.gcov
  current_dir  /home/afmondra/zephyr-course/app/modules/ring_buf
  root         /home/afmondra/zephyr-course/app/modules/ring_buf
  starting_dir /home/afmondra/zephyr-course
  obj_dir      None
  gcda_fname   ../../../twister-out/native_sim_native/host/homework.unit.ring_buf/zephyr/kernel/CMakeFiles/kernel.dir/queue.c.gcno
  --> fname    /home/afmondra/deps/zephyr/include/zephyr/arch/posix/arch.h
(DEBUG) Check if /home/afmondra/deps/zephyr/include/zephyr/arch/posix/arch.h is included...
(DEBUG)   No filter matched.
(DEBUG) Finding source file corresponding to a gcov data file
  gcov_fname   /home/afmondra/zephyr-course/app/modules/ring_buf/slist.h##51ca74fb21b66782a830f7008bf83ae6.gcov
  current_dir  /home/afmondra/zephyr-course/app/modules/ring_buf
  root         /home/afmondra/zephyr-course/app/modules/ring_buf
  starting_dir /home/afmondra/zephyr-course
  obj_dir      None
  gcda_fname   ../../../twister-out/native_sim_native/host/homework.unit.ring_buf/zephyr/kernel/CMakeFiles/kernel.dir/queue.c.gcno
  --> fname    /home/afmondra/deps/zephyr/include/zephyr/sys/slist.h
(DEBUG) Check if /home/afmondra/deps/zephyr/include/zephyr/sys/slist.h is included...
(DEBUG)   No filter matched.
(DEBUG) Finding source file corresponding to a gcov data file
  gcov_fname   /home/afmondra/zephyr-course/app/modules/ring_buf/kobject_internal.h##7fc8757d0ace3c199ecb77726040aa27.gcov
  current_dir  /home/afmondra/zephyr-course/app/modules/ring_buf
  root         /home/afmondra/zephyr-course/app/modules/ring_buf
  starting_dir /home/afmondra/zephyr-course
  obj_dir      None
  gcda_fname   ../../../twister-out/native_sim_native/host/homework.unit.ring_buf/zephyr/kernel/CMakeFiles/kernel.dir/queue.c.gcno
  --> fname    /home/afmondra/deps/zephyr/include/zephyr/sys/internal/kobject_internal.h
(DEBUG) Check if /home/afmondra/deps/zephyr/include/zephyr/sys/internal/kobject_internal.h is included...
(DEBUG)   No filter matched.
(DEBUG) Finding source file corresponding to a gcov data file
  gcov_fname   /home/afmondra/zephyr-course/app/modules/ring_buf/priority_q.h##019a5395a95fa982590d634a0de7c00b.gcov
  current_dir  /home/afmondra/zephyr-course/app/modules/ring_buf
  root         /home/afmondra/zephyr-course/app/modules/ring_buf
  starting_dir /home/afmondra/zephyr-course
  obj_dir      None
  gcda_fname   ../../../twister-out/native_sim_native/host/homework.unit.ring_buf/zephyr/kernel/CMakeFiles/kernel.dir/queue.c.gcno
  --> fname    /home/afmondra/deps/zephyr/kernel/include/priority_q.h
(DEBUG) Check if /home/afmondra/deps/zephyr/kernel/include/priority_q.h is included...
(DEBUG)   No filter matched.
(DEBUG) Finding source file corresponding to a gcov data file
  gcov_fname   /home/afmondra/zephyr-course/app/modules/ring_buf/kthread.h##f5ac6029d1fd819fb88ff662c28cfe33.gcov
  current_dir  /home/afmondra/zephyr-course/app/modules/ring_buf
  root         /home/afmondra/zephyr-course/app/modules/ring_buf
  starting_dir /home/afmondra/zephyr-course
  obj_dir      None
  gcda_fname   ../../../twister-out/native_sim_native/host/homework.unit.ring_buf/zephyr/kernel/CMakeFiles/kernel.dir/queue.c.gcno
  --> fname    /home/afmondra/deps/zephyr/kernel/include/kthread.h
(DEBUG) Check if /home/afmondra/deps/zephyr/kernel/include/kthread.h is included...
(DEBUG)   No filter matched.
(DEBUG) Finding source file corresponding to a gcov data file
  gcov_fname   /home/afmondra/zephyr-course/app/modules/ring_buf/sflist.h##3a6f44d8b8629bbf81245dbea03e2d71.gcov
  current_dir  /home/afmondra/zephyr-course/app/modules/ring_buf
  root         /home/afmondra/zephyr-course/app/modules/ring_buf
  starting_dir /home/afmondra/zephyr-course
  obj_dir      None
  gcda_fname   ../../../twister-out/native_sim_native/host/homework.unit.ring_buf/zephyr/kernel/CMakeFiles/kernel.dir/queue.c.gcno
  --> fname    /home/afmondra/deps/zephyr/include/zephyr/sys/sflist.h
(DEBUG) Check if /home/afmondra/deps/zephyr/include/zephyr/sys/sflist.h is included...
(DEBUG)   No filter matched.
(DEBUG) Finding source file corresponding to a gcov data file
  gcov_fname   /home/afmondra/zephyr-course/app/modules/ring_buf/kernel_internal.h##c94d6fbabfefc46651cba9d879b4e358.gcov
  current_dir  /home/afmondra/zephyr-course/app/modules/ring_buf
  root         /home/afmondra/zephyr-course/app/modules/ring_buf
  starting_dir /home/afmondra/zephyr-course
  obj_dir      None
  gcda_fname   ../../../twister-out/native_sim_native/host/homework.unit.ring_buf/zephyr/kernel/CMakeFiles/kernel.dir/queue.c.gcno
  --> fname    /home/afmondra/deps/zephyr/kernel/include/kernel_internal.h
(DEBUG) Check if /home/afmondra/deps/zephyr/kernel/include/kernel_internal.h is included...
(DEBUG)   No filter matched.
(DEBUG) Processing file: /home/afmondra/zephyr-course/twister-out/native_sim_native/host/homework.unit.ring_buf/zephyr/kernel/CMakeFiles/kernel.dir/sched.c.gcda
(DEBUG) Running gcov: 'gcov /home/afmondra/zephyr-course/twister-out/native_sim_native/host/homework.unit.ring_buf/zephyr/kernel/CMakeFiles/kernel.dir/sched.c.gcda --branch-counts --branch-probabilities --all-blocks --demangled-names --hash-filenames --object-directory ../../../twister-out/native_sim_native/host/homework.unit.ring_buf/zephyr/kernel/CMakeFiles/kernel.dir' in '/home/afmondra/zephyr-course/app/modules/ring_buf'
(DEBUG) GCOV return code was 0, stdout was:
File '/home/afmondra/deps/zephyr/kernel/sched.c'
Lines executed:35.04% of 391
Branches executed:37.38% of 214
Taken at least once:21.03% of 214
Calls executed:24.43% of 307
Creating 'sched.c##68ace1fef4b251b60329679f870152e2.gcov'

File '/home/afmondra/deps/zephyr/include/zephyr/logging/log_msg.h'
Lines executed:0.00% of 5
No branches
Calls executed:0.00% of 1
Creating 'log_msg.h##79b8d5e6c50f02645efdf4e980ac5492.gcov'

File '/home/afmondra/deps/zephyr/kernel/include/kswap.h'
Lines executed:100.00% of 8
No branches
Calls executed:100.00% of 3
Creating 'kswap.h##483f1340319f4640844203f3f81ed500.gcov'

File '/home/afmondra/deps/zephyr/kernel/include/wait_q.h'
Lines executed:100.00% of 2
No branches
Calls executed:100.00% of 1
Creating 'wait_q.h##7d194b64851e991ac75a7d3dbc9cc4b5.gcov'

File '/home/afmondra/deps/zephyr/kernel/include/ksched.h'
Lines executed:27.27% of 11
Branches executed:0.00% of 2
Taken at least once:0.00% of 2
Calls executed:22.22% of 9
Creating 'ksched.h##66840255ea5d90e8133169214ef7589d.gcov'

File '/home/afmondra/deps/zephyr/kernel/include/priority_q.h'
Lines executed:65.71% of 35
Branches executed:55.56% of 18
Taken at least once:38.89% of 18
Calls executed:50.00% of 16
Creating 'priority_q.h##019a5395a95fa982590d634a0de7c00b.gcov'

File '/home/afmondra/deps/zephyr/kernel/include/kthread.h'
Lines executed:57.38% of 61
Branches executed:80.00% of 10
Taken at least once:60.00% of 10
Calls executed:40.00% of 10
Creating 'kthread.h##f5ac6029d1fd819fb88ff662c28cfe33.gcov'

File '/home/afmondra/deps/zephyr/kernel/include/timeout_q.h'
Lines executed:33.33% of 9
No branches
Calls executed:33.33% of 3
Creating 'timeout_q.h##0019aefc9ed6cdad0bdd6ed43d40cc99.gcov'

File '/home/afmondra/deps/zephyr/kernel/include/kernel_internal.h'
Lines executed:0.00% of 4
No branches
Calls executed:0.00% of 1
Creating 'kernel_internal.h##c94d6fbabfefc46651cba9d879b4e358.gcov'

File '/home/afmondra/deps/zephyr/arch/posix/include/kernel_arch_func.h'
Lines executed:40.00% of 5
No branches
No calls
Creating 'kernel_arch_func.h##379cf6a4b0e9931ee2a0b5e22a6341aa.gcov'

File '/home/afmondra/zephyr-course/twister-out/native_sim_native/host/homework.unit.ring_buf/zephyr/include/generated/zephyr/syscalls/kernel.h'
Lines executed:0.00% of 4
No branches
Calls executed:0.00% of 2
Creating 'kernel.h##13f2e6a4c33f57e7946f4cdd024701bf.gcov'

File '/home/afmondra/deps/zephyr/include/zephyr/kernel.h'
Lines executed:0.00% of 2
No branches
No calls
Creating 'kernel.h##6b0baf6c49afefbfab07edb7166fdce2.gcov'

File '/home/afmondra/deps/zephyr/include/zephyr/spinlock.h'
Lines executed:100.00% of 21
Branches executed:100.00% of 8
Taken at least once:50.00% of 8
Calls executed:28.57% of 28
Creating 'spinlock.h##0907215eaec88fd477ba521e3409787d.gcov'

File '/home/afmondra/deps/zephyr/include/zephyr/arch/posix/arch.h'
Lines executed:100.00% of 7
No branches
Calls executed:100.00% of 2
Creating 'arch.h##eee3095deeb51a158c6bb5ded542fa59.gcov'

File '/home/afmondra/deps/zephyr/include/zephyr/sys/dlist.h'
Lines executed:76.74% of 43
Branches executed:33.33% of 6
Taken at least once:33.33% of 6
Calls executed:66.67% of 3
Creating 'dlist.h##a327e4cc11655394ebace39a0dfd33dd.gcov'

Lines executed:45.07% of 608
<<, stderr was:
<<
(DEBUG) Check if sched.c##68ace1fef4b251b60329679f870152e2.gcov is included...
(DEBUG) Check if log_msg.h##79b8d5e6c50f02645efdf4e980ac5492.gcov is included...
(DEBUG) Check if kswap.h##483f1340319f4640844203f3f81ed500.gcov is included...
(DEBUG) Check if wait_q.h##7d194b64851e991ac75a7d3dbc9cc4b5.gcov is included...
(DEBUG) Check if ksched.h##66840255ea5d90e8133169214ef7589d.gcov is included...
(DEBUG) Check if priority_q.h##019a5395a95fa982590d634a0de7c00b.gcov is included...
(DEBUG) Check if kthread.h##f5ac6029d1fd819fb88ff662c28cfe33.gcov is included...
(DEBUG) Check if timeout_q.h##0019aefc9ed6cdad0bdd6ed43d40cc99.gcov is included...
(DEBUG) Check if kernel_internal.h##c94d6fbabfefc46651cba9d879b4e358.gcov is included...
(DEBUG) Check if kernel_arch_func.h##379cf6a4b0e9931ee2a0b5e22a6341aa.gcov is included...
(DEBUG) Check if kernel.h##13f2e6a4c33f57e7946f4cdd024701bf.gcov is included...
(DEBUG) Check if kernel.h##6b0baf6c49afefbfab07edb7166fdce2.gcov is included...
(DEBUG) Check if spinlock.h##0907215eaec88fd477ba521e3409787d.gcov is included...
(DEBUG) Check if arch.h##eee3095deeb51a158c6bb5ded542fa59.gcov is included...
(DEBUG) Check if dlist.h##a327e4cc11655394ebace39a0dfd33dd.gcov is included...
(DEBUG) Finding source file corresponding to a gcov data file
  gcov_fname   /home/afmondra/zephyr-course/app/modules/ring_buf/kswap.h##483f1340319f4640844203f3f81ed500.gcov
  current_dir  /home/afmondra/zephyr-course/app/modules/ring_buf
  root         /home/afmondra/zephyr-course/app/modules/ring_buf
  starting_dir /home/afmondra/zephyr-course
  obj_dir      None
  gcda_fname   ../../../twister-out/native_sim_native/host/homework.unit.ring_buf/zephyr/kernel/CMakeFiles/kernel.dir/sched.c.gcda
  --> fname    /home/afmondra/deps/zephyr/kernel/include/kswap.h
(DEBUG) Check if /home/afmondra/deps/zephyr/kernel/include/kswap.h is included...
(DEBUG)   No filter matched.
(DEBUG) Finding source file corresponding to a gcov data file
  gcov_fname   /home/afmondra/zephyr-course/app/modules/ring_buf/kernel_arch_func.h##379cf6a4b0e9931ee2a0b5e22a6341aa.gcov
  current_dir  /home/afmondra/zephyr-course/app/modules/ring_buf
  root         /home/afmondra/zephyr-course/app/modules/ring_buf
  starting_dir /home/afmondra/zephyr-course
  obj_dir      None
  gcda_fname   ../../../twister-out/native_sim_native/host/homework.unit.ring_buf/zephyr/kernel/CMakeFiles/kernel.dir/sched.c.gcda
  --> fname    /home/afmondra/deps/zephyr/arch/posix/include/kernel_arch_func.h
(DEBUG) Check if /home/afmondra/deps/zephyr/arch/posix/include/kernel_arch_func.h is included...
(DEBUG)   No filter matched.
(DEBUG) Finding source file corresponding to a gcov data file
  gcov_fname   /home/afmondra/zephyr-course/app/modules/ring_buf/wait_q.h##7d194b64851e991ac75a7d3dbc9cc4b5.gcov
  current_dir  /home/afmondra/zephyr-course/app/modules/ring_buf
  root         /home/afmondra/zephyr-course/app/modules/ring_buf
  starting_dir /home/afmondra/zephyr-course
  obj_dir      None
  gcda_fname   ../../../twister-out/native_sim_native/host/homework.unit.ring_buf/zephyr/kernel/CMakeFiles/kernel.dir/sched.c.gcda
  --> fname    /home/afmondra/deps/zephyr/kernel/include/wait_q.h
(DEBUG) Check if /home/afmondra/deps/zephyr/kernel/include/wait_q.h is included...
(DEBUG)   No filter matched.
(DEBUG) Finding source file corresponding to a gcov data file
  gcov_fname   /home/afmondra/zephyr-course/app/modules/ring_buf/log_msg.h##79b8d5e6c50f02645efdf4e980ac5492.gcov
  current_dir  /home/afmondra/zephyr-course/app/modules/ring_buf
  root         /home/afmondra/zephyr-course/app/modules/ring_buf
  starting_dir /home/afmondra/zephyr-course
  obj_dir      None
  gcda_fname   ../../../twister-out/native_sim_native/host/homework.unit.ring_buf/zephyr/kernel/CMakeFiles/kernel.dir/sched.c.gcda
  --> fname    /home/afmondra/deps/zephyr/include/zephyr/logging/log_msg.h
(DEBUG) Check if /home/afmondra/deps/zephyr/include/zephyr/logging/log_msg.h is included...
(DEBUG)   No filter matched.
(DEBUG) Finding source file corresponding to a gcov data file
  gcov_fname   /home/afmondra/zephyr-course/app/modules/ring_buf/spinlock.h##0907215eaec88fd477ba521e3409787d.gcov
  current_dir  /home/afmondra/zephyr-course/app/modules/ring_buf
  root         /home/afmondra/zephyr-course/app/modules/ring_buf
  starting_dir /home/afmondra/zephyr-course
  obj_dir      None
  gcda_fname   ../../../twister-out/native_sim_native/host/homework.unit.ring_buf/zephyr/kernel/CMakeFiles/kernel.dir/sched.c.gcda
  --> fname    /home/afmondra/deps/zephyr/include/zephyr/spinlock.h
(DEBUG) Check if /home/afmondra/deps/zephyr/include/zephyr/spinlock.h is included...
(DEBUG)   No filter matched.
(DEBUG) Finding source file corresponding to a gcov data file
  gcov_fname   /home/afmondra/zephyr-course/app/modules/ring_buf/dlist.h##a327e4cc11655394ebace39a0dfd33dd.gcov
  current_dir  /home/afmondra/zephyr-course/app/modules/ring_buf
  root         /home/afmondra/zephyr-course/app/modules/ring_buf
  starting_dir /home/afmondra/zephyr-course
  obj_dir      None
  gcda_fname   ../../../twister-out/native_sim_native/host/homework.unit.ring_buf/zephyr/kernel/CMakeFiles/kernel.dir/sched.c.gcda
  --> fname    /home/afmondra/deps/zephyr/include/zephyr/sys/dlist.h
(DEBUG) Check if /home/afmondra/deps/zephyr/include/zephyr/sys/dlist.h is included...
(DEBUG)   No filter matched.
(DEBUG) Finding source file corresponding to a gcov data file
  gcov_fname   /home/afmondra/zephyr-course/app/modules/ring_buf/kernel.h##6b0baf6c49afefbfab07edb7166fdce2.gcov
  current_dir  /home/afmondra/zephyr-course/app/modules/ring_buf
  root         /home/afmondra/zephyr-course/app/modules/ring_buf
  starting_dir /home/afmondra/zephyr-course
  obj_dir      None
  gcda_fname   ../../../twister-out/native_sim_native/host/homework.unit.ring_buf/zephyr/kernel/CMakeFiles/kernel.dir/sched.c.gcda
  --> fname    /home/afmondra/deps/zephyr/include/zephyr/kernel.h
(DEBUG) Check if /home/afmondra/deps/zephyr/include/zephyr/kernel.h is included...
(DEBUG)   No filter matched.
(DEBUG) Finding source file corresponding to a gcov data file
  gcov_fname   /home/afmondra/zephyr-course/app/modules/ring_buf/timeout_q.h##0019aefc9ed6cdad0bdd6ed43d40cc99.gcov
  current_dir  /home/afmondra/zephyr-course/app/modules/ring_buf
  root         /home/afmondra/zephyr-course/app/modules/ring_buf
  starting_dir /home/afmondra/zephyr-course
  obj_dir      None
  gcda_fname   ../../../twister-out/native_sim_native/host/homework.unit.ring_buf/zephyr/kernel/CMakeFiles/kernel.dir/sched.c.gcda
  --> fname    /home/afmondra/deps/zephyr/kernel/include/timeout_q.h
(DEBUG) Check if /home/afmondra/deps/zephyr/kernel/include/timeout_q.h is included...
(DEBUG)   No filter matched.
(DEBUG) Finding source file corresponding to a gcov data file
  gcov_fname   /home/afmondra/zephyr-course/app/modules/ring_buf/sched.c##68ace1fef4b251b60329679f870152e2.gcov
  current_dir  /home/afmondra/zephyr-course/app/modules/ring_buf
  root         /home/afmondra/zephyr-course/app/modules/ring_buf
  starting_dir /home/afmondra/zephyr-course
  obj_dir      None
  gcda_fname   ../../../twister-out/native_sim_native/host/homework.unit.ring_buf/zephyr/kernel/CMakeFiles/kernel.dir/sched.c.gcda
  --> fname    /home/afmondra/deps/zephyr/kernel/sched.c
(DEBUG) Check if /home/afmondra/deps/zephyr/kernel/sched.c is included...
(DEBUG)   No filter matched.
(DEBUG) Finding source file corresponding to a gcov data file
  gcov_fname   /home/afmondra/zephyr-course/app/modules/ring_buf/ksched.h##66840255ea5d90e8133169214ef7589d.gcov
  current_dir  /home/afmondra/zephyr-course/app/modules/ring_buf
  root         /home/afmondra/zephyr-course/app/modules/ring_buf
  starting_dir /home/afmondra/zephyr-course
  obj_dir      None
  gcda_fname   ../../../twister-out/native_sim_native/host/homework.unit.ring_buf/zephyr/kernel/CMakeFiles/kernel.dir/sched.c.gcda
  --> fname    /home/afmondra/deps/zephyr/kernel/include/ksched.h
(DEBUG) Check if /home/afmondra/deps/zephyr/kernel/include/ksched.h is included...
(DEBUG)   No filter matched.
(DEBUG) Finding source file corresponding to a gcov data file
  gcov_fname   /home/afmondra/zephyr-course/app/modules/ring_buf/arch.h##eee3095deeb51a158c6bb5ded542fa59.gcov
  current_dir  /home/afmondra/zephyr-course/app/modules/ring_buf
  root         /home/afmondra/zephyr-course/app/modules/ring_buf
  starting_dir /home/afmondra/zephyr-course
  obj_dir      None
  gcda_fname   ../../../twister-out/native_sim_native/host/homework.unit.ring_buf/zephyr/kernel/CMakeFiles/kernel.dir/sched.c.gcda
  --> fname    /home/afmondra/deps/zephyr/include/zephyr/arch/posix/arch.h
(DEBUG) Check if /home/afmondra/deps/zephyr/include/zephyr/arch/posix/arch.h is included...
(DEBUG)   No filter matched.
(DEBUG) Finding source file corresponding to a gcov data file
  gcov_fname   /home/afmondra/zephyr-course/app/modules/ring_buf/priority_q.h##019a5395a95fa982590d634a0de7c00b.gcov
  current_dir  /home/afmondra/zephyr-course/app/modules/ring_buf
  root         /home/afmondra/zephyr-course/app/modules/ring_buf
  starting_dir /home/afmondra/zephyr-course
  obj_dir      None
  gcda_fname   ../../../twister-out/native_sim_native/host/homework.unit.ring_buf/zephyr/kernel/CMakeFiles/kernel.dir/sched.c.gcda
  --> fname    /home/afmondra/deps/zephyr/kernel/include/priority_q.h
(DEBUG) Check if /home/afmondra/deps/zephyr/kernel/include/priority_q.h is included...
(DEBUG)   No filter matched.
(DEBUG) Finding source file corresponding to a gcov data file
  gcov_fname   /home/afmondra/zephyr-course/app/modules/ring_buf/kthread.h##f5ac6029d1fd819fb88ff662c28cfe33.gcov
  current_dir  /home/afmondra/zephyr-course/app/modules/ring_buf
  root         /home/afmondra/zephyr-course/app/modules/ring_buf
  starting_dir /home/afmondra/zephyr-course
  obj_dir      None
  gcda_fname   ../../../twister-out/native_sim_native/host/homework.unit.ring_buf/zephyr/kernel/CMakeFiles/kernel.dir/sched.c.gcda
  --> fname    /home/afmondra/deps/zephyr/kernel/include/kthread.h
(DEBUG) Check if /home/afmondra/deps/zephyr/kernel/include/kthread.h is included...
(DEBUG)   No filter matched.
(DEBUG) Finding source file corresponding to a gcov data file
  gcov_fname   /home/afmondra/zephyr-course/app/modules/ring_buf/kernel.h##13f2e6a4c33f57e7946f4cdd024701bf.gcov
  current_dir  /home/afmondra/zephyr-course/app/modules/ring_buf
  root         /home/afmondra/zephyr-course/app/modules/ring_buf
  starting_dir /home/afmondra/zephyr-course
  obj_dir      None
  gcda_fname   ../../../twister-out/native_sim_native/host/homework.unit.ring_buf/zephyr/kernel/CMakeFiles/kernel.dir/sched.c.gcda
  --> fname    /home/afmondra/zephyr-course/twister-out/native_sim_native/host/homework.unit.ring_buf/zephyr/include/generated/zephyr/syscalls/kernel.h
(DEBUG) Check if /home/afmondra/zephyr-course/twister-out/native_sim_native/host/homework.unit.ring_buf/zephyr/include/generated/zephyr/syscalls/kernel.h is included...
(DEBUG)   No filter matched.
(DEBUG) Finding source file corresponding to a gcov data file
  gcov_fname   /home/afmondra/zephyr-course/app/modules/ring_buf/kernel_internal.h##c94d6fbabfefc46651cba9d879b4e358.gcov
  current_dir  /home/afmondra/zephyr-course/app/modules/ring_buf
  root         /home/afmondra/zephyr-course/app/modules/ring_buf
  starting_dir /home/afmondra/zephyr-course
  obj_dir      None
  gcda_fname   ../../../twister-out/native_sim_native/host/homework.unit.ring_buf/zephyr/kernel/CMakeFiles/kernel.dir/sched.c.gcda
  --> fname    /home/afmondra/deps/zephyr/kernel/include/kernel_internal.h
(DEBUG) Check if /home/afmondra/deps/zephyr/kernel/include/kernel_internal.h is included...
(DEBUG)   No filter matched.
(DEBUG) Processing file: /home/afmondra/zephyr-course/twister-out/native_sim_native/host/homework.unit.ring_buf/zephyr/kernel/CMakeFiles/kernel.dir/sem.c.gcda
(DEBUG) Running gcov: 'gcov /home/afmondra/zephyr-course/twister-out/native_sim_native/host/homework.unit.ring_buf/zephyr/kernel/CMakeFiles/kernel.dir/sem.c.gcda --branch-counts --branch-probabilities --all-blocks --demangled-names --hash-filenames --object-directory ../../../twister-out/native_sim_native/host/homework.unit.ring_buf/zephyr/kernel/CMakeFiles/kernel.dir' in '/home/afmondra/zephyr-course/app/modules/ring_buf'
(DEBUG) GCOV return code was 0, stdout was:
File '/home/afmondra/deps/zephyr/kernel/sem.c'
Lines executed:0.00% of 53
Branches executed:0.00% of 26
Taken at least once:0.00% of 26
Calls executed:0.00% of 26
Creating 'sem.c##4e69f237e035f5c6c48eff00fa459cbe.gcov'

File '/home/afmondra/deps/zephyr/kernel/include/ksched.h'
Lines executed:0.00% of 16
Branches executed:0.00% of 6
Taken at least once:0.00% of 6
Calls executed:0.00% of 18
Creating 'ksched.h##66840255ea5d90e8133169214ef7589d.gcov'

File '/home/afmondra/deps/zephyr/kernel/include/kthread.h'
Lines executed:0.00% of 3
No branches
No calls
Creating 'kthread.h##f5ac6029d1fd819fb88ff662c28cfe33.gcov'

File '/home/afmondra/deps/zephyr/arch/posix/include/kernel_arch_func.h'
Lines executed:0.00% of 5
No branches
No calls
Creating 'kernel_arch_func.h##379cf6a4b0e9931ee2a0b5e22a6341aa.gcov'

File '/home/afmondra/deps/zephyr/kernel/include/wait_q.h'
Lines executed:0.00% of 3
No branches
Calls executed:0.00% of 1
Creating 'wait_q.h##7d194b64851e991ac75a7d3dbc9cc4b5.gcov'

File '/home/afmondra/deps/zephyr/kernel/include/priority_q.h'
Lines executed:0.00% of 9
Branches executed:0.00% of 2
Taken at least once:0.00% of 2
Calls executed:0.00% of 2
Creating 'priority_q.h##019a5395a95fa982590d634a0de7c00b.gcov'

File '/home/afmondra/deps/zephyr/kernel/include/timeout_q.h'
Lines executed:0.00% of 3
No branches
Calls executed:0.00% of 1
Creating 'timeout_q.h##0019aefc9ed6cdad0bdd6ed43d40cc99.gcov'

File '/home/afmondra/deps/zephyr/include/zephyr/sys/internal/kobject_internal.h'
Lines executed:0.00% of 2
No branches
No calls
Creating 'kobject_internal.h##7fc8757d0ace3c199ecb77726040aa27.gcov'

File '/home/afmondra/deps/zephyr/include/zephyr/spinlock.h'
Lines executed:0.00% of 15
Branches executed:0.00% of 4
Taken at least once:0.00% of 4
Calls executed:0.00% of 17
Creating 'spinlock.h##0907215eaec88fd477ba521e3409787d.gcov'

File '/home/afmondra/deps/zephyr/include/zephyr/arch/posix/arch.h'
Lines executed:0.00% of 7
No branches
Calls executed:0.00% of 2
Creating 'arch.h##eee3095deeb51a158c6bb5ded542fa59.gcov'

File '/home/afmondra/deps/zephyr/include/zephyr/sys/dlist.h'
Lines executed:0.00% of 19
Branches executed:0.00% of 2
Taken at least once:0.00% of 2
Calls executed:0.00% of 2
Creating 'dlist.h##a327e4cc11655394ebace39a0dfd33dd.gcov'

Lines executed:0.00% of 135
<<, stderr was:
<<
(DEBUG) Check if sem.c##4e69f237e035f5c6c48eff00fa459cbe.gcov is included...
(DEBUG) Check if ksched.h##66840255ea5d90e8133169214ef7589d.gcov is included...
(DEBUG) Check if kthread.h##f5ac6029d1fd819fb88ff662c28cfe33.gcov is included...
(DEBUG) Check if kernel_arch_func.h##379cf6a4b0e9931ee2a0b5e22a6341aa.gcov is included...
(DEBUG) Check if wait_q.h##7d194b64851e991ac75a7d3dbc9cc4b5.gcov is included...
(DEBUG) Check if priority_q.h##019a5395a95fa982590d634a0de7c00b.gcov is included...
(DEBUG) Check if timeout_q.h##0019aefc9ed6cdad0bdd6ed43d40cc99.gcov is included...
(DEBUG) Check if kobject_internal.h##7fc8757d0ace3c199ecb77726040aa27.gcov is included...
(DEBUG) Check if spinlock.h##0907215eaec88fd477ba521e3409787d.gcov is included...
(DEBUG) Check if arch.h##eee3095deeb51a158c6bb5ded542fa59.gcov is included...
(DEBUG) Check if dlist.h##a327e4cc11655394ebace39a0dfd33dd.gcov is included...
(DEBUG) Finding source file corresponding to a gcov data file
  gcov_fname   /home/afmondra/zephyr-course/app/modules/ring_buf/kernel_arch_func.h##379cf6a4b0e9931ee2a0b5e22a6341aa.gcov
  current_dir  /home/afmondra/zephyr-course/app/modules/ring_buf
  root         /home/afmondra/zephyr-course/app/modules/ring_buf
  starting_dir /home/afmondra/zephyr-course
  obj_dir      None
  gcda_fname   ../../../twister-out/native_sim_native/host/homework.unit.ring_buf/zephyr/kernel/CMakeFiles/kernel.dir/sem.c.gcda
  --> fname    /home/afmondra/deps/zephyr/arch/posix/include/kernel_arch_func.h
(DEBUG) Check if /home/afmondra/deps/zephyr/arch/posix/include/kernel_arch_func.h is included...
(DEBUG)   No filter matched.
(DEBUG) Finding source file corresponding to a gcov data file
  gcov_fname   /home/afmondra/zephyr-course/app/modules/ring_buf/sem.c##4e69f237e035f5c6c48eff00fa459cbe.gcov
  current_dir  /home/afmondra/zephyr-course/app/modules/ring_buf
  root         /home/afmondra/zephyr-course/app/modules/ring_buf
  starting_dir /home/afmondra/zephyr-course
  obj_dir      None
  gcda_fname   ../../../twister-out/native_sim_native/host/homework.unit.ring_buf/zephyr/kernel/CMakeFiles/kernel.dir/sem.c.gcda
  --> fname    /home/afmondra/deps/zephyr/kernel/sem.c
(DEBUG) Check if /home/afmondra/deps/zephyr/kernel/sem.c is included...
(DEBUG)   No filter matched.
(DEBUG) Finding source file corresponding to a gcov data file
  gcov_fname   /home/afmondra/zephyr-course/app/modules/ring_buf/wait_q.h##7d194b64851e991ac75a7d3dbc9cc4b5.gcov
  current_dir  /home/afmondra/zephyr-course/app/modules/ring_buf
  root         /home/afmondra/zephyr-course/app/modules/ring_buf
  starting_dir /home/afmondra/zephyr-course
  obj_dir      None
  gcda_fname   ../../../twister-out/native_sim_native/host/homework.unit.ring_buf/zephyr/kernel/CMakeFiles/kernel.dir/sem.c.gcda
  --> fname    /home/afmondra/deps/zephyr/kernel/include/wait_q.h
(DEBUG) Check if /home/afmondra/deps/zephyr/kernel/include/wait_q.h is included...
(DEBUG)   No filter matched.
(DEBUG) Finding source file corresponding to a gcov data file
  gcov_fname   /home/afmondra/zephyr-course/app/modules/ring_buf/spinlock.h##0907215eaec88fd477ba521e3409787d.gcov
  current_dir  /home/afmondra/zephyr-course/app/modules/ring_buf
  root         /home/afmondra/zephyr-course/app/modules/ring_buf
  starting_dir /home/afmondra/zephyr-course
  obj_dir      None
  gcda_fname   ../../../twister-out/native_sim_native/host/homework.unit.ring_buf/zephyr/kernel/CMakeFiles/kernel.dir/sem.c.gcda
  --> fname    /home/afmondra/deps/zephyr/include/zephyr/spinlock.h
(DEBUG) Check if /home/afmondra/deps/zephyr/include/zephyr/spinlock.h is included...
(DEBUG)   No filter matched.
(DEBUG) Finding source file corresponding to a gcov data file
  gcov_fname   /home/afmondra/zephyr-course/app/modules/ring_buf/dlist.h##a327e4cc11655394ebace39a0dfd33dd.gcov
  current_dir  /home/afmondra/zephyr-course/app/modules/ring_buf
  root         /home/afmondra/zephyr-course/app/modules/ring_buf
  starting_dir /home/afmondra/zephyr-course
  obj_dir      None
  gcda_fname   ../../../twister-out/native_sim_native/host/homework.unit.ring_buf/zephyr/kernel/CMakeFiles/kernel.dir/sem.c.gcda
  --> fname    /home/afmondra/deps/zephyr/include/zephyr/sys/dlist.h
(DEBUG) Check if /home/afmondra/deps/zephyr/include/zephyr/sys/dlist.h is included...
(DEBUG)   No filter matched.
(DEBUG) Finding source file corresponding to a gcov data file
  gcov_fname   /home/afmondra/zephyr-course/app/modules/ring_buf/timeout_q.h##0019aefc9ed6cdad0bdd6ed43d40cc99.gcov
  current_dir  /home/afmondra/zephyr-course/app/modules/ring_buf
  root         /home/afmondra/zephyr-course/app/modules/ring_buf
  starting_dir /home/afmondra/zephyr-course
  obj_dir      None
  gcda_fname   ../../../twister-out/native_sim_native/host/homework.unit.ring_buf/zephyr/kernel/CMakeFiles/kernel.dir/sem.c.gcda
  --> fname    /home/afmondra/deps/zephyr/kernel/include/timeout_q.h
(DEBUG) Check if /home/afmondra/deps/zephyr/kernel/include/timeout_q.h is included...
(DEBUG)   No filter matched.
(DEBUG) Finding source file corresponding to a gcov data file
  gcov_fname   /home/afmondra/zephyr-course/app/modules/ring_buf/ksched.h##66840255ea5d90e8133169214ef7589d.gcov
  current_dir  /home/afmondra/zephyr-course/app/modules/ring_buf
  root         /home/afmondra/zephyr-course/app/modules/ring_buf
  starting_dir /home/afmondra/zephyr-course
  obj_dir      None
  gcda_fname   ../../../twister-out/native_sim_native/host/homework.unit.ring_buf/zephyr/kernel/CMakeFiles/kernel.dir/sem.c.gcda
  --> fname    /home/afmondra/deps/zephyr/kernel/include/ksched.h
(DEBUG) Check if /home/afmondra/deps/zephyr/kernel/include/ksched.h is included...
(DEBUG)   No filter matched.
(DEBUG) Finding source file corresponding to a gcov data file
  gcov_fname   /home/afmondra/zephyr-course/app/modules/ring_buf/arch.h##eee3095deeb51a158c6bb5ded542fa59.gcov
  current_dir  /home/afmondra/zephyr-course/app/modules/ring_buf
  root         /home/afmondra/zephyr-course/app/modules/ring_buf
  starting_dir /home/afmondra/zephyr-course
  obj_dir      None
  gcda_fname   ../../../twister-out/native_sim_native/host/homework.unit.ring_buf/zephyr/kernel/CMakeFiles/kernel.dir/sem.c.gcda
  --> fname    /home/afmondra/deps/zephyr/include/zephyr/arch/posix/arch.h
(DEBUG) Check if /home/afmondra/deps/zephyr/include/zephyr/arch/posix/arch.h is included...
(DEBUG)   No filter matched.
(DEBUG) Finding source file corresponding to a gcov data file
  gcov_fname   /home/afmondra/zephyr-course/app/modules/ring_buf/kobject_internal.h##7fc8757d0ace3c199ecb77726040aa27.gcov
  current_dir  /home/afmondra/zephyr-course/app/modules/ring_buf
  root         /home/afmondra/zephyr-course/app/modules/ring_buf
  starting_dir /home/afmondra/zephyr-course
  obj_dir      None
  gcda_fname   ../../../twister-out/native_sim_native/host/homework.unit.ring_buf/zephyr/kernel/CMakeFiles/kernel.dir/sem.c.gcda
  --> fname    /home/afmondra/deps/zephyr/include/zephyr/sys/internal/kobject_internal.h
(DEBUG) Check if /home/afmondra/deps/zephyr/include/zephyr/sys/internal/kobject_internal.h is included...
(DEBUG)   No filter matched.
(DEBUG) Finding source file corresponding to a gcov data file
  gcov_fname   /home/afmondra/zephyr-course/app/modules/ring_buf/priority_q.h##019a5395a95fa982590d634a0de7c00b.gcov
  current_dir  /home/afmondra/zephyr-course/app/modules/ring_buf
  root         /home/afmondra/zephyr-course/app/modules/ring_buf
  starting_dir /home/afmondra/zephyr-course
  obj_dir      None
  gcda_fname   ../../../twister-out/native_sim_native/host/homework.unit.ring_buf/zephyr/kernel/CMakeFiles/kernel.dir/sem.c.gcda
  --> fname    /home/afmondra/deps/zephyr/kernel/include/priority_q.h
(DEBUG) Check if /home/afmondra/deps/zephyr/kernel/include/priority_q.h is included...
(DEBUG)   No filter matched.
(DEBUG) Finding source file corresponding to a gcov data file
  gcov_fname   /home/afmondra/zephyr-course/app/modules/ring_buf/kthread.h##f5ac6029d1fd819fb88ff662c28cfe33.gcov
  current_dir  /home/afmondra/zephyr-course/app/modules/ring_buf
  root         /home/afmondra/zephyr-course/app/modules/ring_buf
  starting_dir /home/afmondra/zephyr-course
  obj_dir      None
  gcda_fname   ../../../twister-out/native_sim_native/host/homework.unit.ring_buf/zephyr/kernel/CMakeFiles/kernel.dir/sem.c.gcda
  --> fname    /home/afmondra/deps/zephyr/kernel/include/kthread.h
(DEBUG) Check if /home/afmondra/deps/zephyr/kernel/include/kthread.h is included...
(DEBUG)   No filter matched.
(DEBUG) Processing file: /home/afmondra/zephyr-course/twister-out/native_sim_native/host/homework.unit.ring_buf/zephyr/kernel/CMakeFiles/kernel.dir/spinlock_validate.c.gcda
(DEBUG) Running gcov: 'gcov /home/afmondra/zephyr-course/twister-out/native_sim_native/host/homework.unit.ring_buf/zephyr/kernel/CMakeFiles/kernel.dir/spinlock_validate.c.gcda --branch-counts --branch-probabilities --all-blocks --demangled-names --hash-filenames --object-directory ../../../twister-out/native_sim_native/host/homework.unit.ring_buf/zephyr/kernel/CMakeFiles/kernel.dir' in '/home/afmondra/zephyr-course/app/modules/ring_buf'
(DEBUG) GCOV return code was 0, stdout was:
File '/home/afmondra/deps/zephyr/kernel/spinlock_validate.c'
Lines executed:76.47% of 17
Branches executed:60.00% of 10
Taken at least once:30.00% of 10
Calls executed:100.00% of 1
Creating 'spinlock_validate.c##5686ea4a2f8980bda2f8aa71df4cc9d8.gcov'

File '/home/afmondra/deps/zephyr/arch/posix/include/kernel_arch_func.h'
Lines executed:100.00% of 2
No branches
No calls
Creating 'kernel_arch_func.h##379cf6a4b0e9931ee2a0b5e22a6341aa.gcov'

Lines executed:78.95% of 19
<<, stderr was:
<<
(DEBUG) Check if spinlock_validate.c##5686ea4a2f8980bda2f8aa71df4cc9d8.gcov is included...
(DEBUG) Check if kernel_arch_func.h##379cf6a4b0e9931ee2a0b5e22a6341aa.gcov is included...
(DEBUG) Finding source file corresponding to a gcov data file
  gcov_fname   /home/afmondra/zephyr-course/app/modules/ring_buf/spinlock_validate.c##5686ea4a2f8980bda2f8aa71df4cc9d8.gcov
  current_dir  /home/afmondra/zephyr-course/app/modules/ring_buf
  root         /home/afmondra/zephyr-course/app/modules/ring_buf
  starting_dir /home/afmondra/zephyr-course
  obj_dir      None
  gcda_fname   ../../../twister-out/native_sim_native/host/homework.unit.ring_buf/zephyr/kernel/CMakeFiles/kernel.dir/spinlock_validate.c.gcda
  --> fname    /home/afmondra/deps/zephyr/kernel/spinlock_validate.c
(DEBUG) Check if /home/afmondra/deps/zephyr/kernel/spinlock_validate.c is included...
(DEBUG)   No filter matched.
(DEBUG) Finding source file corresponding to a gcov data file
  gcov_fname   /home/afmondra/zephyr-course/app/modules/ring_buf/kernel_arch_func.h##379cf6a4b0e9931ee2a0b5e22a6341aa.gcov
  current_dir  /home/afmondra/zephyr-course/app/modules/ring_buf
  root         /home/afmondra/zephyr-course/app/modules/ring_buf
  starting_dir /home/afmondra/zephyr-course
  obj_dir      None
  gcda_fname   ../../../twister-out/native_sim_native/host/homework.unit.ring_buf/zephyr/kernel/CMakeFiles/kernel.dir/spinlock_validate.c.gcda
  --> fname    /home/afmondra/deps/zephyr/arch/posix/include/kernel_arch_func.h
(DEBUG) Check if /home/afmondra/deps/zephyr/arch/posix/include/kernel_arch_func.h is included...
(DEBUG)   No filter matched.
(DEBUG) Processing file: /home/afmondra/zephyr-course/twister-out/native_sim_native/host/homework.unit.ring_buf/zephyr/kernel/CMakeFiles/kernel.dir/stack.c.gcno
(DEBUG) Running gcov: 'gcov /home/afmondra/zephyr-course/twister-out/native_sim_native/host/homework.unit.ring_buf/zephyr/kernel/CMakeFiles/kernel.dir/stack.c.gcno --branch-counts --branch-probabilities --all-blocks --demangled-names --hash-filenames --object-directory ../../../twister-out/native_sim_native/host/homework.unit.ring_buf/zephyr/kernel/CMakeFiles/kernel.dir' in '/home/afmondra/zephyr-course/app/modules/ring_buf'
(DEBUG) GCOV return code was 0, stdout was:
File '/home/afmondra/deps/zephyr/kernel/stack.c'
Lines executed:0.00% of 58
Branches executed:0.00% of 16
Taken at least once:0.00% of 16
Calls executed:0.00% of 16
Creating 'stack.c##51bc917973359bc53d056c9fb5616ef9.gcov'

File '/home/afmondra/deps/zephyr/kernel/include/wait_q.h'
Lines executed:0.00% of 5
No branches
Calls executed:0.00% of 2
Creating 'wait_q.h##7d194b64851e991ac75a7d3dbc9cc4b5.gcov'

File '/home/afmondra/deps/zephyr/kernel/include/ksched.h'
Lines executed:0.00% of 16
Branches executed:0.00% of 6
Taken at least once:0.00% of 6
Calls executed:0.00% of 18
Creating 'ksched.h##66840255ea5d90e8133169214ef7589d.gcov'

File '/home/afmondra/deps/zephyr/kernel/include/priority_q.h'
Lines executed:0.00% of 9
Branches executed:0.00% of 2
Taken at least once:0.00% of 2
Calls executed:0.00% of 2
Creating 'priority_q.h##019a5395a95fa982590d634a0de7c00b.gcov'

File '/home/afmondra/deps/zephyr/kernel/include/kthread.h'
Lines executed:0.00% of 3
No branches
No calls
Creating 'kthread.h##f5ac6029d1fd819fb88ff662c28cfe33.gcov'

File '/home/afmondra/deps/zephyr/kernel/include/timeout_q.h'
Lines executed:0.00% of 3
No branches
Calls executed:0.00% of 1
Creating 'timeout_q.h##0019aefc9ed6cdad0bdd6ed43d40cc99.gcov'

File '/home/afmondra/deps/zephyr/kernel/include/kernel_internal.h'
Lines executed:0.00% of 4
No branches
Calls executed:0.00% of 1
Creating 'kernel_internal.h##c94d6fbabfefc46651cba9d879b4e358.gcov'

File '/home/afmondra/deps/zephyr/arch/posix/include/kernel_arch_func.h'
Lines executed:0.00% of 3
No branches
No calls
Creating 'kernel_arch_func.h##379cf6a4b0e9931ee2a0b5e22a6341aa.gcov'

File '/home/afmondra/deps/zephyr/include/zephyr/sys/internal/kobject_internal.h'
Lines executed:0.00% of 2
No branches
No calls
Creating 'kobject_internal.h##7fc8757d0ace3c199ecb77726040aa27.gcov'

File '/home/afmondra/deps/zephyr/include/zephyr/spinlock.h'
Lines executed:0.00% of 15
Branches executed:0.00% of 4
Taken at least once:0.00% of 4
Calls executed:0.00% of 17
Creating 'spinlock.h##0907215eaec88fd477ba521e3409787d.gcov'

File '/home/afmondra/deps/zephyr/include/zephyr/arch/posix/arch.h'
Lines executed:0.00% of 7
No branches
Calls executed:0.00% of 2
Creating 'arch.h##eee3095deeb51a158c6bb5ded542fa59.gcov'

File '/home/afmondra/deps/zephyr/include/zephyr/sys/dlist.h'
Lines executed:0.00% of 19
Branches executed:0.00% of 2
Taken at least once:0.00% of 2
Calls executed:0.00% of 2
Creating 'dlist.h##a327e4cc11655394ebace39a0dfd33dd.gcov'

Lines executed:0.00% of 144
<<, stderr was:
../../../twister-out/native_sim_native/host/homework.unit.ring_buf/zephyr/kernel/CMakeFiles/kernel.dir/stack.c.gcda:cannot open data file, assuming not executed
<<
(DEBUG) Check if stack.c##51bc917973359bc53d056c9fb5616ef9.gcov is included...
(DEBUG) Check if wait_q.h##7d194b64851e991ac75a7d3dbc9cc4b5.gcov is included...
(DEBUG) Check if ksched.h##66840255ea5d90e8133169214ef7589d.gcov is included...
(DEBUG) Check if priority_q.h##019a5395a95fa982590d634a0de7c00b.gcov is included...
(DEBUG) Check if kthread.h##f5ac6029d1fd819fb88ff662c28cfe33.gcov is included...
(DEBUG) Check if timeout_q.h##0019aefc9ed6cdad0bdd6ed43d40cc99.gcov is included...
(DEBUG) Check if kernel_internal.h##c94d6fbabfefc46651cba9d879b4e358.gcov is included...
(DEBUG) Check if kernel_arch_func.h##379cf6a4b0e9931ee2a0b5e22a6341aa.gcov is included...
(DEBUG) Check if kobject_internal.h##7fc8757d0ace3c199ecb77726040aa27.gcov is included...
(DEBUG) Check if spinlock.h##0907215eaec88fd477ba521e3409787d.gcov is included...
(DEBUG) Check if arch.h##eee3095deeb51a158c6bb5ded542fa59.gcov is included...
(DEBUG) Check if dlist.h##a327e4cc11655394ebace39a0dfd33dd.gcov is included...
(DEBUG) Finding source file corresponding to a gcov data file
  gcov_fname   /home/afmondra/zephyr-course/app/modules/ring_buf/kernel_arch_func.h##379cf6a4b0e9931ee2a0b5e22a6341aa.gcov
  current_dir  /home/afmondra/zephyr-course/app/modules/ring_buf
  root         /home/afmondra/zephyr-course/app/modules/ring_buf
  starting_dir /home/afmondra/zephyr-course
  obj_dir      None
  gcda_fname   ../../../twister-out/native_sim_native/host/homework.unit.ring_buf/zephyr/kernel/CMakeFiles/kernel.dir/stack.c.gcno
  --> fname    /home/afmondra/deps/zephyr/arch/posix/include/kernel_arch_func.h
(DEBUG) Check if /home/afmondra/deps/zephyr/arch/posix/include/kernel_arch_func.h is included...
(DEBUG)   No filter matched.
(DEBUG) Finding source file corresponding to a gcov data file
  gcov_fname   /home/afmondra/zephyr-course/app/modules/ring_buf/stack.c##51bc917973359bc53d056c9fb5616ef9.gcov
  current_dir  /home/afmondra/zephyr-course/app/modules/ring_buf
  root         /home/afmondra/zephyr-course/app/modules/ring_buf
  starting_dir /home/afmondra/zephyr-course
  obj_dir      None
  gcda_fname   ../../../twister-out/native_sim_native/host/homework.unit.ring_buf/zephyr/kernel/CMakeFiles/kernel.dir/stack.c.gcno
  --> fname    /home/afmondra/deps/zephyr/kernel/stack.c
(DEBUG) Check if /home/afmondra/deps/zephyr/kernel/stack.c is included...
(DEBUG)   No filter matched.
(DEBUG) Finding source file corresponding to a gcov data file
  gcov_fname   /home/afmondra/zephyr-course/app/modules/ring_buf/wait_q.h##7d194b64851e991ac75a7d3dbc9cc4b5.gcov
  current_dir  /home/afmondra/zephyr-course/app/modules/ring_buf
  root         /home/afmondra/zephyr-course/app/modules/ring_buf
  starting_dir /home/afmondra/zephyr-course
  obj_dir      None
  gcda_fname   ../../../twister-out/native_sim_native/host/homework.unit.ring_buf/zephyr/kernel/CMakeFiles/kernel.dir/stack.c.gcno
  --> fname    /home/afmondra/deps/zephyr/kernel/include/wait_q.h
(DEBUG) Check if /home/afmondra/deps/zephyr/kernel/include/wait_q.h is included...
(DEBUG)   No filter matched.
(DEBUG) Finding source file corresponding to a gcov data file
  gcov_fname   /home/afmondra/zephyr-course/app/modules/ring_buf/spinlock.h##0907215eaec88fd477ba521e3409787d.gcov
  current_dir  /home/afmondra/zephyr-course/app/modules/ring_buf
  root         /home/afmondra/zephyr-course/app/modules/ring_buf
  starting_dir /home/afmondra/zephyr-course
  obj_dir      None
  gcda_fname   ../../../twister-out/native_sim_native/host/homework.unit.ring_buf/zephyr/kernel/CMakeFiles/kernel.dir/stack.c.gcno
  --> fname    /home/afmondra/deps/zephyr/include/zephyr/spinlock.h
(DEBUG) Check if /home/afmondra/deps/zephyr/include/zephyr/spinlock.h is included...
(DEBUG)   No filter matched.
(DEBUG) Finding source file corresponding to a gcov data file
  gcov_fname   /home/afmondra/zephyr-course/app/modules/ring_buf/dlist.h##a327e4cc11655394ebace39a0dfd33dd.gcov
  current_dir  /home/afmondra/zephyr-course/app/modules/ring_buf
  root         /home/afmondra/zephyr-course/app/modules/ring_buf
  starting_dir /home/afmondra/zephyr-course
  obj_dir      None
  gcda_fname   ../../../twister-out/native_sim_native/host/homework.unit.ring_buf/zephyr/kernel/CMakeFiles/kernel.dir/stack.c.gcno
  --> fname    /home/afmondra/deps/zephyr/include/zephyr/sys/dlist.h
(DEBUG) Check if /home/afmondra/deps/zephyr/include/zephyr/sys/dlist.h is included...
(DEBUG)   No filter matched.
(DEBUG) Finding source file corresponding to a gcov data file
  gcov_fname   /home/afmondra/zephyr-course/app/modules/ring_buf/timeout_q.h##0019aefc9ed6cdad0bdd6ed43d40cc99.gcov
  current_dir  /home/afmondra/zephyr-course/app/modules/ring_buf
  root         /home/afmondra/zephyr-course/app/modules/ring_buf
  starting_dir /home/afmondra/zephyr-course
  obj_dir      None
  gcda_fname   ../../../twister-out/native_sim_native/host/homework.unit.ring_buf/zephyr/kernel/CMakeFiles/kernel.dir/stack.c.gcno
  --> fname    /home/afmondra/deps/zephyr/kernel/include/timeout_q.h
(DEBUG) Check if /home/afmondra/deps/zephyr/kernel/include/timeout_q.h is included...
(DEBUG)   No filter matched.
(DEBUG) Finding source file corresponding to a gcov data file
  gcov_fname   /home/afmondra/zephyr-course/app/modules/ring_buf/ksched.h##66840255ea5d90e8133169214ef7589d.gcov
  current_dir  /home/afmondra/zephyr-course/app/modules/ring_buf
  root         /home/afmondra/zephyr-course/app/modules/ring_buf
  starting_dir /home/afmondra/zephyr-course
  obj_dir      None
  gcda_fname   ../../../twister-out/native_sim_native/host/homework.unit.ring_buf/zephyr/kernel/CMakeFiles/kernel.dir/stack.c.gcno
  --> fname    /home/afmondra/deps/zephyr/kernel/include/ksched.h
(DEBUG) Check if /home/afmondra/deps/zephyr/kernel/include/ksched.h is included...
(DEBUG)   No filter matched.
(DEBUG) Finding source file corresponding to a gcov data file
  gcov_fname   /home/afmondra/zephyr-course/app/modules/ring_buf/arch.h##eee3095deeb51a158c6bb5ded542fa59.gcov
  current_dir  /home/afmondra/zephyr-course/app/modules/ring_buf
  root         /home/afmondra/zephyr-course/app/modules/ring_buf
  starting_dir /home/afmondra/zephyr-course
  obj_dir      None
  gcda_fname   ../../../twister-out/native_sim_native/host/homework.unit.ring_buf/zephyr/kernel/CMakeFiles/kernel.dir/stack.c.gcno
  --> fname    /home/afmondra/deps/zephyr/include/zephyr/arch/posix/arch.h
(DEBUG) Check if /home/afmondra/deps/zephyr/include/zephyr/arch/posix/arch.h is included...
(DEBUG)   No filter matched.
(DEBUG) Finding source file corresponding to a gcov data file
  gcov_fname   /home/afmondra/zephyr-course/app/modules/ring_buf/kobject_internal.h##7fc8757d0ace3c199ecb77726040aa27.gcov
  current_dir  /home/afmondra/zephyr-course/app/modules/ring_buf
  root         /home/afmondra/zephyr-course/app/modules/ring_buf
  starting_dir /home/afmondra/zephyr-course
  obj_dir      None
  gcda_fname   ../../../twister-out/native_sim_native/host/homework.unit.ring_buf/zephyr/kernel/CMakeFiles/kernel.dir/stack.c.gcno
  --> fname    /home/afmondra/deps/zephyr/include/zephyr/sys/internal/kobject_internal.h
(DEBUG) Check if /home/afmondra/deps/zephyr/include/zephyr/sys/internal/kobject_internal.h is included...
(DEBUG)   No filter matched.
(DEBUG) Finding source file corresponding to a gcov data file
  gcov_fname   /home/afmondra/zephyr-course/app/modules/ring_buf/priority_q.h##019a5395a95fa982590d634a0de7c00b.gcov
  current_dir  /home/afmondra/zephyr-course/app/modules/ring_buf
  root         /home/afmondra/zephyr-course/app/modules/ring_buf
  starting_dir /home/afmondra/zephyr-course
  obj_dir      None
  gcda_fname   ../../../twister-out/native_sim_native/host/homework.unit.ring_buf/zephyr/kernel/CMakeFiles/kernel.dir/stack.c.gcno
  --> fname    /home/afmondra/deps/zephyr/kernel/include/priority_q.h
(DEBUG) Check if /home/afmondra/deps/zephyr/kernel/include/priority_q.h is included...
(DEBUG)   No filter matched.
(DEBUG) Finding source file corresponding to a gcov data file
  gcov_fname   /home/afmondra/zephyr-course/app/modules/ring_buf/kthread.h##f5ac6029d1fd819fb88ff662c28cfe33.gcov
  current_dir  /home/afmondra/zephyr-course/app/modules/ring_buf
  root         /home/afmondra/zephyr-course/app/modules/ring_buf
  starting_dir /home/afmondra/zephyr-course
  obj_dir      None
  gcda_fname   ../../../twister-out/native_sim_native/host/homework.unit.ring_buf/zephyr/kernel/CMakeFiles/kernel.dir/stack.c.gcno
  --> fname    /home/afmondra/deps/zephyr/kernel/include/kthread.h
(DEBUG) Check if /home/afmondra/deps/zephyr/kernel/include/kthread.h is included...
(DEBUG)   No filter matched.
(DEBUG) Finding source file corresponding to a gcov data file
  gcov_fname   /home/afmondra/zephyr-course/app/modules/ring_buf/kernel_internal.h##c94d6fbabfefc46651cba9d879b4e358.gcov
  current_dir  /home/afmondra/zephyr-course/app/modules/ring_buf
  root         /home/afmondra/zephyr-course/app/modules/ring_buf
  starting_dir /home/afmondra/zephyr-course
  obj_dir      None
  gcda_fname   ../../../twister-out/native_sim_native/host/homework.unit.ring_buf/zephyr/kernel/CMakeFiles/kernel.dir/stack.c.gcno
  --> fname    /home/afmondra/deps/zephyr/kernel/include/kernel_internal.h
(DEBUG) Check if /home/afmondra/deps/zephyr/kernel/include/kernel_internal.h is included...
(DEBUG)   No filter matched.
(DEBUG) Processing file: /home/afmondra/zephyr-course/twister-out/native_sim_native/host/homework.unit.ring_buf/zephyr/kernel/CMakeFiles/kernel.dir/system_work_q.c.gcno
(DEBUG) Running gcov: 'gcov /home/afmondra/zephyr-course/twister-out/native_sim_native/host/homework.unit.ring_buf/zephyr/kernel/CMakeFiles/kernel.dir/system_work_q.c.gcno --branch-counts --branch-probabilities --all-blocks --demangled-names --hash-filenames --object-directory ../../../twister-out/native_sim_native/host/homework.unit.ring_buf/zephyr/kernel/CMakeFiles/kernel.dir' in '/home/afmondra/zephyr-course/app/modules/ring_buf'
(DEBUG) GCOV return code was 0, stdout was:
File '/home/afmondra/deps/zephyr/kernel/system_work_q.c'
Lines executed:0.00% of 3
No branches
Calls executed:0.00% of 1
Creating 'system_work_q.c##62cda8efb44b68ab15da8d36e5cdf280.gcov'

Lines executed:0.00% of 3
<<, stderr was:
../../../twister-out/native_sim_native/host/homework.unit.ring_buf/zephyr/kernel/CMakeFiles/kernel.dir/system_work_q.c.gcda:cannot open data file, assuming not executed
<<
(DEBUG) Check if system_work_q.c##62cda8efb44b68ab15da8d36e5cdf280.gcov is included...
(DEBUG) Finding source file corresponding to a gcov data file
  gcov_fname   /home/afmondra/zephyr-course/app/modules/ring_buf/system_work_q.c##62cda8efb44b68ab15da8d36e5cdf280.gcov
  current_dir  /home/afmondra/zephyr-course/app/modules/ring_buf
  root         /home/afmondra/zephyr-course/app/modules/ring_buf
  starting_dir /home/afmondra/zephyr-course
  obj_dir      None
  gcda_fname   ../../../twister-out/native_sim_native/host/homework.unit.ring_buf/zephyr/kernel/CMakeFiles/kernel.dir/system_work_q.c.gcno
  --> fname    /home/afmondra/deps/zephyr/kernel/system_work_q.c
(DEBUG) Check if /home/afmondra/deps/zephyr/kernel/system_work_q.c is included...
(DEBUG)   No filter matched.
(DEBUG) Processing file: /home/afmondra/zephyr-course/twister-out/native_sim_native/host/homework.unit.ring_buf/zephyr/kernel/CMakeFiles/kernel.dir/thread.c.gcda
(DEBUG) Running gcov: 'gcov /home/afmondra/zephyr-course/twister-out/native_sim_native/host/homework.unit.ring_buf/zephyr/kernel/CMakeFiles/kernel.dir/thread.c.gcda --branch-counts --branch-probabilities --all-blocks --demangled-names --hash-filenames --object-directory ../../../twister-out/native_sim_native/host/homework.unit.ring_buf/zephyr/kernel/CMakeFiles/kernel.dir' in '/home/afmondra/zephyr-course/app/modules/ring_buf'
(DEBUG) GCOV return code was 0, stdout was:
File '/home/afmondra/deps/zephyr/kernel/thread.c'
Lines executed:48.54% of 103
Branches executed:45.45% of 44
Taken at least once:27.27% of 44
Calls executed:37.93% of 29
Creating 'thread.c##830a11e57143d7b495b013660e591675.gcov'

File '/home/afmondra/deps/zephyr/include/zephyr/logging/log_msg.h'
Lines executed:0.00% of 5
No branches
Calls executed:0.00% of 1
Creating 'log_msg.h##79b8d5e6c50f02645efdf4e980ac5492.gcov'

File '/home/afmondra/deps/zephyr/kernel/include/wait_q.h'
Lines executed:100.00% of 3
No branches
Calls executed:100.00% of 1
Creating 'wait_q.h##7d194b64851e991ac75a7d3dbc9cc4b5.gcov'

File '/home/afmondra/deps/zephyr/kernel/include/kthread.h'
Lines executed:16.67% of 12
Branches executed:0.00% of 2
Taken at least once:0.00% of 2
Calls executed:0.00% of 2
Creating 'kthread.h##f5ac6029d1fd819fb88ff662c28cfe33.gcov'

File '/home/afmondra/deps/zephyr/kernel/include/timeout_q.h'
Lines executed:75.00% of 8
No branches
Calls executed:66.67% of 3
Creating 'timeout_q.h##0019aefc9ed6cdad0bdd6ed43d40cc99.gcov'

File '/home/afmondra/deps/zephyr/arch/posix/include/kernel_arch_func.h'
Lines executed:100.00% of 2
No branches
No calls
Creating 'kernel_arch_func.h##379cf6a4b0e9931ee2a0b5e22a6341aa.gcov'

File '/home/afmondra/zephyr-course/twister-out/native_sim_native/host/homework.unit.ring_buf/zephyr/include/generated/zephyr/syscalls/kernel.h'
Lines executed:0.00% of 4
No branches
Calls executed:0.00% of 2
Creating 'kernel.h##13f2e6a4c33f57e7946f4cdd024701bf.gcov'

File '/home/afmondra/deps/zephyr/include/zephyr/kernel.h'
Lines executed:0.00% of 3
No branches
Calls executed:0.00% of 1
Creating 'kernel.h##6b0baf6c49afefbfab07edb7166fdce2.gcov'

File '/home/afmondra/deps/zephyr/include/zephyr/kernel/thread_stack.h'
Lines executed:100.00% of 2
No branches
No calls
Creating 'thread_stack.h##c38a38ee42d801f914300e7c98316e4e.gcov'

File '/home/afmondra/deps/zephyr/include/zephyr/sys/dlist.h'
Lines executed:100.00% of 8
No branches
No calls
Creating 'dlist.h##a327e4cc11655394ebace39a0dfd33dd.gcov'

Lines executed:48.67% of 150
<<, stderr was:
<<
(DEBUG) Check if thread.c##830a11e57143d7b495b013660e591675.gcov is included...
(DEBUG) Check if log_msg.h##79b8d5e6c50f02645efdf4e980ac5492.gcov is included...
(DEBUG) Check if wait_q.h##7d194b64851e991ac75a7d3dbc9cc4b5.gcov is included...
(DEBUG) Check if kthread.h##f5ac6029d1fd819fb88ff662c28cfe33.gcov is included...
(DEBUG) Check if timeout_q.h##0019aefc9ed6cdad0bdd6ed43d40cc99.gcov is included...
(DEBUG) Check if kernel_arch_func.h##379cf6a4b0e9931ee2a0b5e22a6341aa.gcov is included...
(DEBUG) Check if kernel.h##13f2e6a4c33f57e7946f4cdd024701bf.gcov is included...
(DEBUG) Check if kernel.h##6b0baf6c49afefbfab07edb7166fdce2.gcov is included...
(DEBUG) Check if thread_stack.h##c38a38ee42d801f914300e7c98316e4e.gcov is included...
(DEBUG) Check if dlist.h##a327e4cc11655394ebace39a0dfd33dd.gcov is included...
(DEBUG) Finding source file corresponding to a gcov data file
  gcov_fname   /home/afmondra/zephyr-course/app/modules/ring_buf/kernel_arch_func.h##379cf6a4b0e9931ee2a0b5e22a6341aa.gcov
  current_dir  /home/afmondra/zephyr-course/app/modules/ring_buf
  root         /home/afmondra/zephyr-course/app/modules/ring_buf
  starting_dir /home/afmondra/zephyr-course
  obj_dir      None
  gcda_fname   ../../../twister-out/native_sim_native/host/homework.unit.ring_buf/zephyr/kernel/CMakeFiles/kernel.dir/thread.c.gcda
  --> fname    /home/afmondra/deps/zephyr/arch/posix/include/kernel_arch_func.h
(DEBUG) Check if /home/afmondra/deps/zephyr/arch/posix/include/kernel_arch_func.h is included...
(DEBUG)   No filter matched.
(DEBUG) Finding source file corresponding to a gcov data file
  gcov_fname   /home/afmondra/zephyr-course/app/modules/ring_buf/wait_q.h##7d194b64851e991ac75a7d3dbc9cc4b5.gcov
  current_dir  /home/afmondra/zephyr-course/app/modules/ring_buf
  root         /home/afmondra/zephyr-course/app/modules/ring_buf
  starting_dir /home/afmondra/zephyr-course
  obj_dir      None
  gcda_fname   ../../../twister-out/native_sim_native/host/homework.unit.ring_buf/zephyr/kernel/CMakeFiles/kernel.dir/thread.c.gcda
  --> fname    /home/afmondra/deps/zephyr/kernel/include/wait_q.h
(DEBUG) Check if /home/afmondra/deps/zephyr/kernel/include/wait_q.h is included...
(DEBUG)   No filter matched.
(DEBUG) Finding source file corresponding to a gcov data file
  gcov_fname   /home/afmondra/zephyr-course/app/modules/ring_buf/log_msg.h##79b8d5e6c50f02645efdf4e980ac5492.gcov
  current_dir  /home/afmondra/zephyr-course/app/modules/ring_buf
  root         /home/afmondra/zephyr-course/app/modules/ring_buf
  starting_dir /home/afmondra/zephyr-course
  obj_dir      None
  gcda_fname   ../../../twister-out/native_sim_native/host/homework.unit.ring_buf/zephyr/kernel/CMakeFiles/kernel.dir/thread.c.gcda
  --> fname    /home/afmondra/deps/zephyr/include/zephyr/logging/log_msg.h
(DEBUG) Check if /home/afmondra/deps/zephyr/include/zephyr/logging/log_msg.h is included...
(DEBUG)   No filter matched.
(DEBUG) Finding source file corresponding to a gcov data file
  gcov_fname   /home/afmondra/zephyr-course/app/modules/ring_buf/dlist.h##a327e4cc11655394ebace39a0dfd33dd.gcov
  current_dir  /home/afmondra/zephyr-course/app/modules/ring_buf
  root         /home/afmondra/zephyr-course/app/modules/ring_buf
  starting_dir /home/afmondra/zephyr-course
  obj_dir      None
  gcda_fname   ../../../twister-out/native_sim_native/host/homework.unit.ring_buf/zephyr/kernel/CMakeFiles/kernel.dir/thread.c.gcda
  --> fname    /home/afmondra/deps/zephyr/include/zephyr/sys/dlist.h
(DEBUG) Check if /home/afmondra/deps/zephyr/include/zephyr/sys/dlist.h is included...
(DEBUG)   No filter matched.
(DEBUG) Finding source file corresponding to a gcov data file
  gcov_fname   /home/afmondra/zephyr-course/app/modules/ring_buf/kernel.h##6b0baf6c49afefbfab07edb7166fdce2.gcov
  current_dir  /home/afmondra/zephyr-course/app/modules/ring_buf
  root         /home/afmondra/zephyr-course/app/modules/ring_buf
  starting_dir /home/afmondra/zephyr-course
  obj_dir      None
  gcda_fname   ../../../twister-out/native_sim_native/host/homework.unit.ring_buf/zephyr/kernel/CMakeFiles/kernel.dir/thread.c.gcda
  --> fname    /home/afmondra/deps/zephyr/include/zephyr/kernel.h
(DEBUG) Check if /home/afmondra/deps/zephyr/include/zephyr/kernel.h is included...
(DEBUG)   No filter matched.
(DEBUG) Finding source file corresponding to a gcov data file
  gcov_fname   /home/afmondra/zephyr-course/app/modules/ring_buf/thread_stack.h##c38a38ee42d801f914300e7c98316e4e.gcov
  current_dir  /home/afmondra/zephyr-course/app/modules/ring_buf
  root         /home/afmondra/zephyr-course/app/modules/ring_buf
  starting_dir /home/afmondra/zephyr-course
  obj_dir      None
  gcda_fname   ../../../twister-out/native_sim_native/host/homework.unit.ring_buf/zephyr/kernel/CMakeFiles/kernel.dir/thread.c.gcda
  --> fname    /home/afmondra/deps/zephyr/include/zephyr/kernel/thread_stack.h
(DEBUG) Check if /home/afmondra/deps/zephyr/include/zephyr/kernel/thread_stack.h is included...
(DEBUG)   No filter matched.
(DEBUG) Finding source file corresponding to a gcov data file
  gcov_fname   /home/afmondra/zephyr-course/app/modules/ring_buf/timeout_q.h##0019aefc9ed6cdad0bdd6ed43d40cc99.gcov
  current_dir  /home/afmondra/zephyr-course/app/modules/ring_buf
  root         /home/afmondra/zephyr-course/app/modules/ring_buf
  starting_dir /home/afmondra/zephyr-course
  obj_dir      None
  gcda_fname   ../../../twister-out/native_sim_native/host/homework.unit.ring_buf/zephyr/kernel/CMakeFiles/kernel.dir/thread.c.gcda
  --> fname    /home/afmondra/deps/zephyr/kernel/include/timeout_q.h
(DEBUG) Check if /home/afmondra/deps/zephyr/kernel/include/timeout_q.h is included...
(DEBUG)   No filter matched.
(DEBUG) Finding source file corresponding to a gcov data file
  gcov_fname   /home/afmondra/zephyr-course/app/modules/ring_buf/kthread.h##f5ac6029d1fd819fb88ff662c28cfe33.gcov
  current_dir  /home/afmondra/zephyr-course/app/modules/ring_buf
  root         /home/afmondra/zephyr-course/app/modules/ring_buf
  starting_dir /home/afmondra/zephyr-course
  obj_dir      None
  gcda_fname   ../../../twister-out/native_sim_native/host/homework.unit.ring_buf/zephyr/kernel/CMakeFiles/kernel.dir/thread.c.gcda
  --> fname    /home/afmondra/deps/zephyr/kernel/include/kthread.h
(DEBUG) Check if /home/afmondra/deps/zephyr/kernel/include/kthread.h is included...
(DEBUG)   No filter matched.
(DEBUG) Finding source file corresponding to a gcov data file
  gcov_fname   /home/afmondra/zephyr-course/app/modules/ring_buf/kernel.h##13f2e6a4c33f57e7946f4cdd024701bf.gcov
  current_dir  /home/afmondra/zephyr-course/app/modules/ring_buf
  root         /home/afmondra/zephyr-course/app/modules/ring_buf
  starting_dir /home/afmondra/zephyr-course
  obj_dir      None
  gcda_fname   ../../../twister-out/native_sim_native/host/homework.unit.ring_buf/zephyr/kernel/CMakeFiles/kernel.dir/thread.c.gcda
  --> fname    /home/afmondra/zephyr-course/twister-out/native_sim_native/host/homework.unit.ring_buf/zephyr/include/generated/zephyr/syscalls/kernel.h
(DEBUG) Check if /home/afmondra/zephyr-course/twister-out/native_sim_native/host/homework.unit.ring_buf/zephyr/include/generated/zephyr/syscalls/kernel.h is included...
(DEBUG)   No filter matched.
(DEBUG) Finding source file corresponding to a gcov data file
  gcov_fname   /home/afmondra/zephyr-course/app/modules/ring_buf/thread.c##830a11e57143d7b495b013660e591675.gcov
  current_dir  /home/afmondra/zephyr-course/app/modules/ring_buf
  root         /home/afmondra/zephyr-course/app/modules/ring_buf
  starting_dir /home/afmondra/zephyr-course
  obj_dir      None
  gcda_fname   ../../../twister-out/native_sim_native/host/homework.unit.ring_buf/zephyr/kernel/CMakeFiles/kernel.dir/thread.c.gcda
  --> fname    /home/afmondra/deps/zephyr/kernel/thread.c
(DEBUG) Check if /home/afmondra/deps/zephyr/kernel/thread.c is included...
(DEBUG)   No filter matched.
(DEBUG) Processing file: /home/afmondra/zephyr-course/twister-out/native_sim_native/host/homework.unit.ring_buf/zephyr/kernel/CMakeFiles/kernel.dir/timeout.c.gcda
(DEBUG) Running gcov: 'gcov /home/afmondra/zephyr-course/twister-out/native_sim_native/host/homework.unit.ring_buf/zephyr/kernel/CMakeFiles/kernel.dir/timeout.c.gcda --branch-counts --branch-probabilities --all-blocks --demangled-names --hash-filenames --object-directory ../../../twister-out/native_sim_native/host/homework.unit.ring_buf/zephyr/kernel/CMakeFiles/kernel.dir' in '/home/afmondra/zephyr-course/app/modules/ring_buf'
(DEBUG) GCOV return code was 0, stdout was:
File '/home/afmondra/deps/zephyr/kernel/timeout.c'
Lines executed:35.25% of 139
Branches executed:47.06% of 68
Taken at least once:29.41% of 68
Calls executed:34.72% of 72
Creating 'timeout.c##a29772572a238e91b64f29ea26b52cc4.gcov'

File '/home/afmondra/deps/zephyr/kernel/include/timeout_q.h'
Lines executed:0.00% of 2
No branches
Calls executed:0.00% of 1
Creating 'timeout_q.h##0019aefc9ed6cdad0bdd6ed43d40cc99.gcov'

File '/home/afmondra/deps/zephyr/include/zephyr/spinlock.h'
Lines executed:100.00% of 18
Branches executed:100.00% of 6
Taken at least once:50.00% of 6
Calls executed:31.82% of 22
Creating 'spinlock.h##0907215eaec88fd477ba521e3409787d.gcov'

File '/home/afmondra/deps/zephyr/include/zephyr/arch/posix/arch.h'
Lines executed:100.00% of 5
No branches
Calls executed:100.00% of 2
Creating 'arch.h##eee3095deeb51a158c6bb5ded542fa59.gcov'

File '/home/afmondra/deps/zephyr/include/zephyr/sys/dlist.h'
Lines executed:80.00% of 35
Branches executed:100.00% of 6
Taken at least once:66.67% of 6
Calls executed:100.00% of 3
Creating 'dlist.h##a327e4cc11655394ebace39a0dfd33dd.gcov'

Lines executed:50.25% of 199
<<, stderr was:
<<
(DEBUG) Check if timeout.c##a29772572a238e91b64f29ea26b52cc4.gcov is included...
(DEBUG) Check if timeout_q.h##0019aefc9ed6cdad0bdd6ed43d40cc99.gcov is included...
(DEBUG) Check if spinlock.h##0907215eaec88fd477ba521e3409787d.gcov is included...
(DEBUG) Check if arch.h##eee3095deeb51a158c6bb5ded542fa59.gcov is included...
(DEBUG) Check if dlist.h##a327e4cc11655394ebace39a0dfd33dd.gcov is included...
(DEBUG) Finding source file corresponding to a gcov data file
  gcov_fname   /home/afmondra/zephyr-course/app/modules/ring_buf/dlist.h##a327e4cc11655394ebace39a0dfd33dd.gcov
  current_dir  /home/afmondra/zephyr-course/app/modules/ring_buf
  root         /home/afmondra/zephyr-course/app/modules/ring_buf
  starting_dir /home/afmondra/zephyr-course
  obj_dir      None
  gcda_fname   ../../../twister-out/native_sim_native/host/homework.unit.ring_buf/zephyr/kernel/CMakeFiles/kernel.dir/timeout.c.gcda
  --> fname    /home/afmondra/deps/zephyr/include/zephyr/sys/dlist.h
(DEBUG) Check if /home/afmondra/deps/zephyr/include/zephyr/sys/dlist.h is included...
(DEBUG)   No filter matched.
(DEBUG) Finding source file corresponding to a gcov data file
  gcov_fname   /home/afmondra/zephyr-course/app/modules/ring_buf/spinlock.h##0907215eaec88fd477ba521e3409787d.gcov
  current_dir  /home/afmondra/zephyr-course/app/modules/ring_buf
  root         /home/afmondra/zephyr-course/app/modules/ring_buf
  starting_dir /home/afmondra/zephyr-course
  obj_dir      None
  gcda_fname   ../../../twister-out/native_sim_native/host/homework.unit.ring_buf/zephyr/kernel/CMakeFiles/kernel.dir/timeout.c.gcda
  --> fname    /home/afmondra/deps/zephyr/include/zephyr/spinlock.h
(DEBUG) Check if /home/afmondra/deps/zephyr/include/zephyr/spinlock.h is included...
(DEBUG)   No filter matched.
(DEBUG) Finding source file corresponding to a gcov data file
  gcov_fname   /home/afmondra/zephyr-course/app/modules/ring_buf/timeout_q.h##0019aefc9ed6cdad0bdd6ed43d40cc99.gcov
  current_dir  /home/afmondra/zephyr-course/app/modules/ring_buf
  root         /home/afmondra/zephyr-course/app/modules/ring_buf
  starting_dir /home/afmondra/zephyr-course
  obj_dir      None
  gcda_fname   ../../../twister-out/native_sim_native/host/homework.unit.ring_buf/zephyr/kernel/CMakeFiles/kernel.dir/timeout.c.gcda
  --> fname    /home/afmondra/deps/zephyr/kernel/include/timeout_q.h
(DEBUG) Check if /home/afmondra/deps/zephyr/kernel/include/timeout_q.h is included...
(DEBUG)   No filter matched.
(DEBUG) Finding source file corresponding to a gcov data file
  gcov_fname   /home/afmondra/zephyr-course/app/modules/ring_buf/arch.h##eee3095deeb51a158c6bb5ded542fa59.gcov
  current_dir  /home/afmondra/zephyr-course/app/modules/ring_buf
  root         /home/afmondra/zephyr-course/app/modules/ring_buf
  starting_dir /home/afmondra/zephyr-course
  obj_dir      None
  gcda_fname   ../../../twister-out/native_sim_native/host/homework.unit.ring_buf/zephyr/kernel/CMakeFiles/kernel.dir/timeout.c.gcda
  --> fname    /home/afmondra/deps/zephyr/include/zephyr/arch/posix/arch.h
(DEBUG) Check if /home/afmondra/deps/zephyr/include/zephyr/arch/posix/arch.h is included...
(DEBUG)   No filter matched.
(DEBUG) Finding source file corresponding to a gcov data file
  gcov_fname   /home/afmondra/zephyr-course/app/modules/ring_buf/timeout.c##a29772572a238e91b64f29ea26b52cc4.gcov
  current_dir  /home/afmondra/zephyr-course/app/modules/ring_buf
  root         /home/afmondra/zephyr-course/app/modules/ring_buf
  starting_dir /home/afmondra/zephyr-course
  obj_dir      None
  gcda_fname   ../../../twister-out/native_sim_native/host/homework.unit.ring_buf/zephyr/kernel/CMakeFiles/kernel.dir/timeout.c.gcda
  --> fname    /home/afmondra/deps/zephyr/kernel/timeout.c
(DEBUG) Check if /home/afmondra/deps/zephyr/kernel/timeout.c is included...
(DEBUG)   No filter matched.
(DEBUG) Processing file: /home/afmondra/zephyr-course/twister-out/native_sim_native/host/homework.unit.ring_buf/zephyr/kernel/CMakeFiles/kernel.dir/timer.c.gcda
(DEBUG) Running gcov: 'gcov /home/afmondra/zephyr-course/twister-out/native_sim_native/host/homework.unit.ring_buf/zephyr/kernel/CMakeFiles/kernel.dir/timer.c.gcda --branch-counts --branch-probabilities --all-blocks --demangled-names --hash-filenames --object-directory ../../../twister-out/native_sim_native/host/homework.unit.ring_buf/zephyr/kernel/CMakeFiles/kernel.dir' in '/home/afmondra/zephyr-course/app/modules/ring_buf'
(DEBUG) GCOV return code was 0, stdout was:
File '/home/afmondra/deps/zephyr/kernel/timer.c'
Lines executed:0.00% of 75
Branches executed:0.00% of 30
Taken at least once:0.00% of 30
Calls executed:0.00% of 42
Creating 'timer.c##595565c90eddd6d061ffab445ea1e81e.gcov'

File '/home/afmondra/deps/zephyr/kernel/include/wait_q.h'
Lines executed:0.00% of 5
No branches
Calls executed:0.00% of 2
Creating 'wait_q.h##7d194b64851e991ac75a7d3dbc9cc4b5.gcov'

File '/home/afmondra/deps/zephyr/kernel/include/ksched.h'
Lines executed:0.00% of 3
No branches
Calls executed:0.00% of 2
Creating 'ksched.h##66840255ea5d90e8133169214ef7589d.gcov'

File '/home/afmondra/deps/zephyr/kernel/include/timeout_q.h'
Lines executed:0.00% of 5
No branches
Calls executed:0.00% of 2
Creating 'timeout_q.h##0019aefc9ed6cdad0bdd6ed43d40cc99.gcov'

File '/home/afmondra/deps/zephyr/arch/posix/include/kernel_arch_func.h'
Lines executed:0.00% of 5
No branches
No calls
Creating 'kernel_arch_func.h##379cf6a4b0e9931ee2a0b5e22a6341aa.gcov'

File '/home/afmondra/zephyr-course/twister-out/native_sim_native/host/homework.unit.ring_buf/zephyr/include/generated/zephyr/syscalls/kernel.h'
Lines executed:0.00% of 3
No branches
Calls executed:0.00% of 2
Creating 'kernel.h##13f2e6a4c33f57e7946f4cdd024701bf.gcov'

File '/home/afmondra/deps/zephyr/include/zephyr/sys/internal/kobject_internal.h'
Lines executed:0.00% of 2
No branches
No calls
Creating 'kobject_internal.h##7fc8757d0ace3c199ecb77726040aa27.gcov'

File '/home/afmondra/deps/zephyr/include/zephyr/spinlock.h'
Lines executed:0.00% of 15
Branches executed:0.00% of 4
Taken at least once:0.00% of 4
Calls executed:0.00% of 17
Creating 'spinlock.h##0907215eaec88fd477ba521e3409787d.gcov'

File '/home/afmondra/deps/zephyr/include/zephyr/arch/posix/arch.h'
Lines executed:0.00% of 5
No branches
Calls executed:0.00% of 2
Creating 'arch.h##eee3095deeb51a158c6bb5ded542fa59.gcov'

File '/home/afmondra/deps/zephyr/include/zephyr/sys/dlist.h'
Lines executed:0.00% of 14
Branches executed:0.00% of 2
Taken at least once:0.00% of 2
Calls executed:0.00% of 1
Creating 'dlist.h##a327e4cc11655394ebace39a0dfd33dd.gcov'

Lines executed:0.00% of 132
<<, stderr was:
<<
(DEBUG) Check if timer.c##595565c90eddd6d061ffab445ea1e81e.gcov is included...
(DEBUG) Check if wait_q.h##7d194b64851e991ac75a7d3dbc9cc4b5.gcov is included...
(DEBUG) Check if ksched.h##66840255ea5d90e8133169214ef7589d.gcov is included...
(DEBUG) Check if timeout_q.h##0019aefc9ed6cdad0bdd6ed43d40cc99.gcov is included...
(DEBUG) Check if kernel_arch_func.h##379cf6a4b0e9931ee2a0b5e22a6341aa.gcov is included...
(DEBUG) Check if kernel.h##13f2e6a4c33f57e7946f4cdd024701bf.gcov is included...
(DEBUG) Check if kobject_internal.h##7fc8757d0ace3c199ecb77726040aa27.gcov is included...
(DEBUG) Check if spinlock.h##0907215eaec88fd477ba521e3409787d.gcov is included...
(DEBUG) Check if arch.h##eee3095deeb51a158c6bb5ded542fa59.gcov is included...
(DEBUG) Check if dlist.h##a327e4cc11655394ebace39a0dfd33dd.gcov is included...
(DEBUG) Finding source file corresponding to a gcov data file
  gcov_fname   /home/afmondra/zephyr-course/app/modules/ring_buf/kernel_arch_func.h##379cf6a4b0e9931ee2a0b5e22a6341aa.gcov
  current_dir  /home/afmondra/zephyr-course/app/modules/ring_buf
  root         /home/afmondra/zephyr-course/app/modules/ring_buf
  starting_dir /home/afmondra/zephyr-course
  obj_dir      None
  gcda_fname   ../../../twister-out/native_sim_native/host/homework.unit.ring_buf/zephyr/kernel/CMakeFiles/kernel.dir/timer.c.gcda
  --> fname    /home/afmondra/deps/zephyr/arch/posix/include/kernel_arch_func.h
(DEBUG) Check if /home/afmondra/deps/zephyr/arch/posix/include/kernel_arch_func.h is included...
(DEBUG)   No filter matched.
(DEBUG) Finding source file corresponding to a gcov data file
  gcov_fname   /home/afmondra/zephyr-course/app/modules/ring_buf/wait_q.h##7d194b64851e991ac75a7d3dbc9cc4b5.gcov
  current_dir  /home/afmondra/zephyr-course/app/modules/ring_buf
  root         /home/afmondra/zephyr-course/app/modules/ring_buf
  starting_dir /home/afmondra/zephyr-course
  obj_dir      None
  gcda_fname   ../../../twister-out/native_sim_native/host/homework.unit.ring_buf/zephyr/kernel/CMakeFiles/kernel.dir/timer.c.gcda
  --> fname    /home/afmondra/deps/zephyr/kernel/include/wait_q.h
(DEBUG) Check if /home/afmondra/deps/zephyr/kernel/include/wait_q.h is included...
(DEBUG)   No filter matched.
(DEBUG) Finding source file corresponding to a gcov data file
  gcov_fname   /home/afmondra/zephyr-course/app/modules/ring_buf/spinlock.h##0907215eaec88fd477ba521e3409787d.gcov
  current_dir  /home/afmondra/zephyr-course/app/modules/ring_buf
  root         /home/afmondra/zephyr-course/app/modules/ring_buf
  starting_dir /home/afmondra/zephyr-course
  obj_dir      None
  gcda_fname   ../../../twister-out/native_sim_native/host/homework.unit.ring_buf/zephyr/kernel/CMakeFiles/kernel.dir/timer.c.gcda
  --> fname    /home/afmondra/deps/zephyr/include/zephyr/spinlock.h
(DEBUG) Check if /home/afmondra/deps/zephyr/include/zephyr/spinlock.h is included...
(DEBUG)   No filter matched.
(DEBUG) Finding source file corresponding to a gcov data file
  gcov_fname   /home/afmondra/zephyr-course/app/modules/ring_buf/dlist.h##a327e4cc11655394ebace39a0dfd33dd.gcov
  current_dir  /home/afmondra/zephyr-course/app/modules/ring_buf
  root         /home/afmondra/zephyr-course/app/modules/ring_buf
  starting_dir /home/afmondra/zephyr-course
  obj_dir      None
  gcda_fname   ../../../twister-out/native_sim_native/host/homework.unit.ring_buf/zephyr/kernel/CMakeFiles/kernel.dir/timer.c.gcda
  --> fname    /home/afmondra/deps/zephyr/include/zephyr/sys/dlist.h
(DEBUG) Check if /home/afmondra/deps/zephyr/include/zephyr/sys/dlist.h is included...
(DEBUG)   No filter matched.
(DEBUG) Finding source file corresponding to a gcov data file
  gcov_fname   /home/afmondra/zephyr-course/app/modules/ring_buf/timeout_q.h##0019aefc9ed6cdad0bdd6ed43d40cc99.gcov
  current_dir  /home/afmondra/zephyr-course/app/modules/ring_buf
  root         /home/afmondra/zephyr-course/app/modules/ring_buf
  starting_dir /home/afmondra/zephyr-course
  obj_dir      None
  gcda_fname   ../../../twister-out/native_sim_native/host/homework.unit.ring_buf/zephyr/kernel/CMakeFiles/kernel.dir/timer.c.gcda
  --> fname    /home/afmondra/deps/zephyr/kernel/include/timeout_q.h
(DEBUG) Check if /home/afmondra/deps/zephyr/kernel/include/timeout_q.h is included...
(DEBUG)   No filter matched.
(DEBUG) Finding source file corresponding to a gcov data file
  gcov_fname   /home/afmondra/zephyr-course/app/modules/ring_buf/ksched.h##66840255ea5d90e8133169214ef7589d.gcov
  current_dir  /home/afmondra/zephyr-course/app/modules/ring_buf
  root         /home/afmondra/zephyr-course/app/modules/ring_buf
  starting_dir /home/afmondra/zephyr-course
  obj_dir      None
  gcda_fname   ../../../twister-out/native_sim_native/host/homework.unit.ring_buf/zephyr/kernel/CMakeFiles/kernel.dir/timer.c.gcda
  --> fname    /home/afmondra/deps/zephyr/kernel/include/ksched.h
(DEBUG) Check if /home/afmondra/deps/zephyr/kernel/include/ksched.h is included...
(DEBUG)   No filter matched.
(DEBUG) Finding source file corresponding to a gcov data file
  gcov_fname   /home/afmondra/zephyr-course/app/modules/ring_buf/arch.h##eee3095deeb51a158c6bb5ded542fa59.gcov
  current_dir  /home/afmondra/zephyr-course/app/modules/ring_buf
  root         /home/afmondra/zephyr-course/app/modules/ring_buf
  starting_dir /home/afmondra/zephyr-course
  obj_dir      None
  gcda_fname   ../../../twister-out/native_sim_native/host/homework.unit.ring_buf/zephyr/kernel/CMakeFiles/kernel.dir/timer.c.gcda
  --> fname    /home/afmondra/deps/zephyr/include/zephyr/arch/posix/arch.h
(DEBUG) Check if /home/afmondra/deps/zephyr/include/zephyr/arch/posix/arch.h is included...
(DEBUG)   No filter matched.
(DEBUG) Finding source file corresponding to a gcov data file
  gcov_fname   /home/afmondra/zephyr-course/app/modules/ring_buf/kobject_internal.h##7fc8757d0ace3c199ecb77726040aa27.gcov
  current_dir  /home/afmondra/zephyr-course/app/modules/ring_buf
  root         /home/afmondra/zephyr-course/app/modules/ring_buf
  starting_dir /home/afmondra/zephyr-course
  obj_dir      None
  gcda_fname   ../../../twister-out/native_sim_native/host/homework.unit.ring_buf/zephyr/kernel/CMakeFiles/kernel.dir/timer.c.gcda
  --> fname    /home/afmondra/deps/zephyr/include/zephyr/sys/internal/kobject_internal.h
(DEBUG) Check if /home/afmondra/deps/zephyr/include/zephyr/sys/internal/kobject_internal.h is included...
(DEBUG)   No filter matched.
(DEBUG) Finding source file corresponding to a gcov data file
  gcov_fname   /home/afmondra/zephyr-course/app/modules/ring_buf/kernel.h##13f2e6a4c33f57e7946f4cdd024701bf.gcov
  current_dir  /home/afmondra/zephyr-course/app/modules/ring_buf
  root         /home/afmondra/zephyr-course/app/modules/ring_buf
  starting_dir /home/afmondra/zephyr-course
  obj_dir      None
  gcda_fname   ../../../twister-out/native_sim_native/host/homework.unit.ring_buf/zephyr/kernel/CMakeFiles/kernel.dir/timer.c.gcda
  --> fname    /home/afmondra/zephyr-course/twister-out/native_sim_native/host/homework.unit.ring_buf/zephyr/include/generated/zephyr/syscalls/kernel.h
(DEBUG) Check if /home/afmondra/zephyr-course/twister-out/native_sim_native/host/homework.unit.ring_buf/zephyr/include/generated/zephyr/syscalls/kernel.h is included...
(DEBUG)   No filter matched.
(DEBUG) Finding source file corresponding to a gcov data file
  gcov_fname   /home/afmondra/zephyr-course/app/modules/ring_buf/timer.c##595565c90eddd6d061ffab445ea1e81e.gcov
  current_dir  /home/afmondra/zephyr-course/app/modules/ring_buf
  root         /home/afmondra/zephyr-course/app/modules/ring_buf
  starting_dir /home/afmondra/zephyr-course
  obj_dir      None
  gcda_fname   ../../../twister-out/native_sim_native/host/homework.unit.ring_buf/zephyr/kernel/CMakeFiles/kernel.dir/timer.c.gcda
  --> fname    /home/afmondra/deps/zephyr/kernel/timer.c
(DEBUG) Check if /home/afmondra/deps/zephyr/kernel/timer.c is included...
(DEBUG)   No filter matched.
(DEBUG) Processing file: /home/afmondra/zephyr-course/twister-out/native_sim_native/host/homework.unit.ring_buf/zephyr/kernel/CMakeFiles/kernel.dir/timeslicing.c.gcda
(DEBUG) Running gcov: 'gcov /home/afmondra/zephyr-course/twister-out/native_sim_native/host/homework.unit.ring_buf/zephyr/kernel/CMakeFiles/kernel.dir/timeslicing.c.gcda --branch-counts --branch-probabilities --all-blocks --demangled-names --hash-filenames --object-directory ../../../twister-out/native_sim_native/host/homework.unit.ring_buf/zephyr/kernel/CMakeFiles/kernel.dir' in '/home/afmondra/zephyr-course/app/modules/ring_buf'
(DEBUG) GCOV return code was 0, stdout was:
File '/home/afmondra/deps/zephyr/kernel/timeslicing.c'
Lines executed:47.37% of 38
Branches executed:40.00% of 30
Taken at least once:26.67% of 30
Calls executed:39.13% of 23
Creating 'timeslicing.c##d9bb75c5e1595b479d73fe40b3e5c9a8.gcov'

File '/home/afmondra/deps/zephyr/kernel/include/ksched.h'
Lines executed:100.00% of 4
No branches
Calls executed:100.00% of 1
Creating 'ksched.h##66840255ea5d90e8133169214ef7589d.gcov'

File '/home/afmondra/deps/zephyr/kernel/include/kthread.h'
Lines executed:100.00% of 8
No branches
No calls
Creating 'kthread.h##f5ac6029d1fd819fb88ff662c28cfe33.gcov'

File '/home/afmondra/deps/zephyr/include/zephyr/spinlock.h'
Lines executed:0.00% of 18
Branches executed:0.00% of 6
Taken at least once:0.00% of 6
Calls executed:0.00% of 22
Creating 'spinlock.h##0907215eaec88fd477ba521e3409787d.gcov'

File '/home/afmondra/deps/zephyr/include/zephyr/arch/posix/arch.h'
Lines executed:0.00% of 5
No branches
Calls executed:0.00% of 2
Creating 'arch.h##eee3095deeb51a158c6bb5ded542fa59.gcov'

Lines executed:41.10% of 73
<<, stderr was:
<<
(DEBUG) Check if timeslicing.c##d9bb75c5e1595b479d73fe40b3e5c9a8.gcov is included...
(DEBUG) Check if ksched.h##66840255ea5d90e8133169214ef7589d.gcov is included...
(DEBUG) Check if kthread.h##f5ac6029d1fd819fb88ff662c28cfe33.gcov is included...
(DEBUG) Check if spinlock.h##0907215eaec88fd477ba521e3409787d.gcov is included...
(DEBUG) Check if arch.h##eee3095deeb51a158c6bb5ded542fa59.gcov is included...
(DEBUG) Finding source file corresponding to a gcov data file
  gcov_fname   /home/afmondra/zephyr-course/app/modules/ring_buf/timeslicing.c##d9bb75c5e1595b479d73fe40b3e5c9a8.gcov
  current_dir  /home/afmondra/zephyr-course/app/modules/ring_buf
  root         /home/afmondra/zephyr-course/app/modules/ring_buf
  starting_dir /home/afmondra/zephyr-course
  obj_dir      None
  gcda_fname   ../../../twister-out/native_sim_native/host/homework.unit.ring_buf/zephyr/kernel/CMakeFiles/kernel.dir/timeslicing.c.gcda
  --> fname    /home/afmondra/deps/zephyr/kernel/timeslicing.c
(DEBUG) Check if /home/afmondra/deps/zephyr/kernel/timeslicing.c is included...
(DEBUG)   No filter matched.
(DEBUG) Finding source file corresponding to a gcov data file
  gcov_fname   /home/afmondra/zephyr-course/app/modules/ring_buf/spinlock.h##0907215eaec88fd477ba521e3409787d.gcov
  current_dir  /home/afmondra/zephyr-course/app/modules/ring_buf
  root         /home/afmondra/zephyr-course/app/modules/ring_buf
  starting_dir /home/afmondra/zephyr-course
  obj_dir      None
  gcda_fname   ../../../twister-out/native_sim_native/host/homework.unit.ring_buf/zephyr/kernel/CMakeFiles/kernel.dir/timeslicing.c.gcda
  --> fname    /home/afmondra/deps/zephyr/include/zephyr/spinlock.h
(DEBUG) Check if /home/afmondra/deps/zephyr/include/zephyr/spinlock.h is included...
(DEBUG)   No filter matched.
(DEBUG) Finding source file corresponding to a gcov data file
  gcov_fname   /home/afmondra/zephyr-course/app/modules/ring_buf/ksched.h##66840255ea5d90e8133169214ef7589d.gcov
  current_dir  /home/afmondra/zephyr-course/app/modules/ring_buf
  root         /home/afmondra/zephyr-course/app/modules/ring_buf
  starting_dir /home/afmondra/zephyr-course
  obj_dir      None
  gcda_fname   ../../../twister-out/native_sim_native/host/homework.unit.ring_buf/zephyr/kernel/CMakeFiles/kernel.dir/timeslicing.c.gcda
  --> fname    /home/afmondra/deps/zephyr/kernel/include/ksched.h
(DEBUG) Check if /home/afmondra/deps/zephyr/kernel/include/ksched.h is included...
(DEBUG)   No filter matched.
(DEBUG) Finding source file corresponding to a gcov data file
  gcov_fname   /home/afmondra/zephyr-course/app/modules/ring_buf/arch.h##eee3095deeb51a158c6bb5ded542fa59.gcov
  current_dir  /home/afmondra/zephyr-course/app/modules/ring_buf
  root         /home/afmondra/zephyr-course/app/modules/ring_buf
  starting_dir /home/afmondra/zephyr-course
  obj_dir      None
  gcda_fname   ../../../twister-out/native_sim_native/host/homework.unit.ring_buf/zephyr/kernel/CMakeFiles/kernel.dir/timeslicing.c.gcda
  --> fname    /home/afmondra/deps/zephyr/include/zephyr/arch/posix/arch.h
(DEBUG) Check if /home/afmondra/deps/zephyr/include/zephyr/arch/posix/arch.h is included...
(DEBUG)   No filter matched.
(DEBUG) Finding source file corresponding to a gcov data file
  gcov_fname   /home/afmondra/zephyr-course/app/modules/ring_buf/kthread.h##f5ac6029d1fd819fb88ff662c28cfe33.gcov
  current_dir  /home/afmondra/zephyr-course/app/modules/ring_buf
  root         /home/afmondra/zephyr-course/app/modules/ring_buf
  starting_dir /home/afmondra/zephyr-course
  obj_dir      None
  gcda_fname   ../../../twister-out/native_sim_native/host/homework.unit.ring_buf/zephyr/kernel/CMakeFiles/kernel.dir/timeslicing.c.gcda
  --> fname    /home/afmondra/deps/zephyr/kernel/include/kthread.h
(DEBUG) Check if /home/afmondra/deps/zephyr/kernel/include/kthread.h is included...
(DEBUG)   No filter matched.
(DEBUG) Processing file: /home/afmondra/zephyr-course/twister-out/native_sim_native/host/homework.unit.ring_buf/zephyr/kernel/CMakeFiles/kernel.dir/version.c.gcno
(DEBUG) Running gcov: 'gcov /home/afmondra/zephyr-course/twister-out/native_sim_native/host/homework.unit.ring_buf/zephyr/kernel/CMakeFiles/kernel.dir/version.c.gcno --branch-counts --branch-probabilities --all-blocks --demangled-names --hash-filenames --object-directory ../../../twister-out/native_sim_native/host/homework.unit.ring_buf/zephyr/kernel/CMakeFiles/kernel.dir' in '/home/afmondra/zephyr-course/app/modules/ring_buf'
(DEBUG) GCOV return code was 0, stdout was:
File '/home/afmondra/deps/zephyr/kernel/version.c'
Lines executed:0.00% of 2
No branches
No calls
Creating 'version.c##6bf13f553c14bf816db730de0e2e1310.gcov'

Lines executed:0.00% of 2
<<, stderr was:
../../../twister-out/native_sim_native/host/homework.unit.ring_buf/zephyr/kernel/CMakeFiles/kernel.dir/version.c.gcda:cannot open data file, assuming not executed
<<
(DEBUG) Check if version.c##6bf13f553c14bf816db730de0e2e1310.gcov is included...
(DEBUG) Finding source file corresponding to a gcov data file
  gcov_fname   /home/afmondra/zephyr-course/app/modules/ring_buf/version.c##6bf13f553c14bf816db730de0e2e1310.gcov
  current_dir  /home/afmondra/zephyr-course/app/modules/ring_buf
  root         /home/afmondra/zephyr-course/app/modules/ring_buf
  starting_dir /home/afmondra/zephyr-course
  obj_dir      None
  gcda_fname   ../../../twister-out/native_sim_native/host/homework.unit.ring_buf/zephyr/kernel/CMakeFiles/kernel.dir/version.c.gcno
  --> fname    /home/afmondra/deps/zephyr/kernel/version.c
(DEBUG) Check if /home/afmondra/deps/zephyr/kernel/version.c is included...
(DEBUG)   No filter matched.
(DEBUG) Processing file: /home/afmondra/zephyr-course/twister-out/native_sim_native/host/homework.unit.ring_buf/zephyr/kernel/CMakeFiles/kernel.dir/work.c.gcno
(DEBUG) Running gcov: 'gcov /home/afmondra/zephyr-course/twister-out/native_sim_native/host/homework.unit.ring_buf/zephyr/kernel/CMakeFiles/kernel.dir/work.c.gcno --branch-counts --branch-probabilities --all-blocks --demangled-names --hash-filenames --object-directory ../../../twister-out/native_sim_native/host/homework.unit.ring_buf/zephyr/kernel/CMakeFiles/kernel.dir' in '/home/afmondra/zephyr-course/app/modules/ring_buf'
(DEBUG) GCOV return code was 0, stdout was:
File '/home/afmondra/deps/zephyr/kernel/work.c'
Lines executed:0.00% of 402
Branches executed:0.00% of 212
Taken at least once:0.00% of 212
Calls executed:0.00% of 341
Creating 'work.c##464b538cd1de14f3fd41f7127cd0bf90.gcov'

File '/home/afmondra/deps/zephyr/kernel/include/ksched.h'
Lines executed:0.00% of 8
Branches executed:0.00% of 2
Taken at least once:0.00% of 2
Calls executed:0.00% of 3
Creating 'ksched.h##66840255ea5d90e8133169214ef7589d.gcov'

File '/home/afmondra/deps/zephyr/kernel/include/wait_q.h'
Lines executed:0.00% of 3
No branches
Calls executed:0.00% of 1
Creating 'wait_q.h##7d194b64851e991ac75a7d3dbc9cc4b5.gcov'

File '/home/afmondra/deps/zephyr/kernel/include/timeout_q.h'
Lines executed:0.00% of 3
No branches
Calls executed:0.00% of 1
Creating 'timeout_q.h##0019aefc9ed6cdad0bdd6ed43d40cc99.gcov'

File '/home/afmondra/zephyr-course/twister-out/native_sim_native/host/homework.unit.ring_buf/zephyr/include/generated/zephyr/syscalls/kernel.h'
Lines executed:0.00% of 27
No branches
Calls executed:0.00% of 16
Creating 'kernel.h##13f2e6a4c33f57e7946f4cdd024701bf.gcov'

File '/home/afmondra/deps/zephyr/include/zephyr/kernel.h'
Lines executed:0.00% of 3
No branches
Calls executed:0.00% of 1
Creating 'kernel.h##6b0baf6c49afefbfab07edb7166fdce2.gcov'

File '/home/afmondra/deps/zephyr/include/zephyr/spinlock.h'
Lines executed:0.00% of 15
Branches executed:0.00% of 4
Taken at least once:0.00% of 4
Calls executed:0.00% of 17
Creating 'spinlock.h##0907215eaec88fd477ba521e3409787d.gcov'

File '/home/afmondra/deps/zephyr/include/zephyr/arch/posix/arch.h'
Lines executed:0.00% of 5
No branches
Calls executed:0.00% of 2
Creating 'arch.h##eee3095deeb51a158c6bb5ded542fa59.gcov'

File '/home/afmondra/deps/zephyr/include/zephyr/sys/slist.h'
Lines executed:0.00% of 29
Branches executed:0.00% of 24
Taken at least once:0.00% of 24
Calls executed:0.00% of 43
Creating 'slist.h##51ca74fb21b66782a830f7008bf83ae6.gcov'

File '/home/afmondra/deps/zephyr/include/zephyr/sys/dlist.h'
Lines executed:0.00% of 8
No branches
No calls
Creating 'dlist.h##a327e4cc11655394ebace39a0dfd33dd.gcov'

Lines executed:0.00% of 503
<<, stderr was:
../../../twister-out/native_sim_native/host/homework.unit.ring_buf/zephyr/kernel/CMakeFiles/kernel.dir/work.c.gcda:cannot open data file, assuming not executed
<<
(DEBUG) Check if work.c##464b538cd1de14f3fd41f7127cd0bf90.gcov is included...
(DEBUG) Check if ksched.h##66840255ea5d90e8133169214ef7589d.gcov is included...
(DEBUG) Check if wait_q.h##7d194b64851e991ac75a7d3dbc9cc4b5.gcov is included...
(DEBUG) Check if timeout_q.h##0019aefc9ed6cdad0bdd6ed43d40cc99.gcov is included...
(DEBUG) Check if kernel.h##13f2e6a4c33f57e7946f4cdd024701bf.gcov is included...
(DEBUG) Check if kernel.h##6b0baf6c49afefbfab07edb7166fdce2.gcov is included...
(DEBUG) Check if spinlock.h##0907215eaec88fd477ba521e3409787d.gcov is included...
(DEBUG) Check if arch.h##eee3095deeb51a158c6bb5ded542fa59.gcov is included...
(DEBUG) Check if slist.h##51ca74fb21b66782a830f7008bf83ae6.gcov is included...
(DEBUG) Check if dlist.h##a327e4cc11655394ebace39a0dfd33dd.gcov is included...
(DEBUG) Finding source file corresponding to a gcov data file
  gcov_fname   /home/afmondra/zephyr-course/app/modules/ring_buf/wait_q.h##7d194b64851e991ac75a7d3dbc9cc4b5.gcov
  current_dir  /home/afmondra/zephyr-course/app/modules/ring_buf
  root         /home/afmondra/zephyr-course/app/modules/ring_buf
  starting_dir /home/afmondra/zephyr-course
  obj_dir      None
  gcda_fname   ../../../twister-out/native_sim_native/host/homework.unit.ring_buf/zephyr/kernel/CMakeFiles/kernel.dir/work.c.gcno
  --> fname    /home/afmondra/deps/zephyr/kernel/include/wait_q.h
(DEBUG) Check if /home/afmondra/deps/zephyr/kernel/include/wait_q.h is included...
(DEBUG)   No filter matched.
(DEBUG) Finding source file corresponding to a gcov data file
  gcov_fname   /home/afmondra/zephyr-course/app/modules/ring_buf/spinlock.h##0907215eaec88fd477ba521e3409787d.gcov
  current_dir  /home/afmondra/zephyr-course/app/modules/ring_buf
  root         /home/afmondra/zephyr-course/app/modules/ring_buf
  starting_dir /home/afmondra/zephyr-course
  obj_dir      None
  gcda_fname   ../../../twister-out/native_sim_native/host/homework.unit.ring_buf/zephyr/kernel/CMakeFiles/kernel.dir/work.c.gcno
  --> fname    /home/afmondra/deps/zephyr/include/zephyr/spinlock.h
(DEBUG) Check if /home/afmondra/deps/zephyr/include/zephyr/spinlock.h is included...
(DEBUG)   No filter matched.
(DEBUG) Finding source file corresponding to a gcov data file
  gcov_fname   /home/afmondra/zephyr-course/app/modules/ring_buf/dlist.h##a327e4cc11655394ebace39a0dfd33dd.gcov
  current_dir  /home/afmondra/zephyr-course/app/modules/ring_buf
  root         /home/afmondra/zephyr-course/app/modules/ring_buf
  starting_dir /home/afmondra/zephyr-course
  obj_dir      None
  gcda_fname   ../../../twister-out/native_sim_native/host/homework.unit.ring_buf/zephyr/kernel/CMakeFiles/kernel.dir/work.c.gcno
  --> fname    /home/afmondra/deps/zephyr/include/zephyr/sys/dlist.h
(DEBUG) Check if /home/afmondra/deps/zephyr/include/zephyr/sys/dlist.h is included...
(DEBUG)   No filter matched.
(DEBUG) Finding source file corresponding to a gcov data file
  gcov_fname   /home/afmondra/zephyr-course/app/modules/ring_buf/kernel.h##6b0baf6c49afefbfab07edb7166fdce2.gcov
  current_dir  /home/afmondra/zephyr-course/app/modules/ring_buf
  root         /home/afmondra/zephyr-course/app/modules/ring_buf
  starting_dir /home/afmondra/zephyr-course
  obj_dir      None
  gcda_fname   ../../../twister-out/native_sim_native/host/homework.unit.ring_buf/zephyr/kernel/CMakeFiles/kernel.dir/work.c.gcno
  --> fname    /home/afmondra/deps/zephyr/include/zephyr/kernel.h
(DEBUG) Check if /home/afmondra/deps/zephyr/include/zephyr/kernel.h is included...
(DEBUG)   No filter matched.
(DEBUG) Finding source file corresponding to a gcov data file
  gcov_fname   /home/afmondra/zephyr-course/app/modules/ring_buf/timeout_q.h##0019aefc9ed6cdad0bdd6ed43d40cc99.gcov
  current_dir  /home/afmondra/zephyr-course/app/modules/ring_buf
  root         /home/afmondra/zephyr-course/app/modules/ring_buf
  starting_dir /home/afmondra/zephyr-course
  obj_dir      None
  gcda_fname   ../../../twister-out/native_sim_native/host/homework.unit.ring_buf/zephyr/kernel/CMakeFiles/kernel.dir/work.c.gcno
  --> fname    /home/afmondra/deps/zephyr/kernel/include/timeout_q.h
(DEBUG) Check if /home/afmondra/deps/zephyr/kernel/include/timeout_q.h is included...
(DEBUG)   No filter matched.
(DEBUG) Finding source file corresponding to a gcov data file
  gcov_fname   /home/afmondra/zephyr-course/app/modules/ring_buf/ksched.h##66840255ea5d90e8133169214ef7589d.gcov
  current_dir  /home/afmondra/zephyr-course/app/modules/ring_buf
  root         /home/afmondra/zephyr-course/app/modules/ring_buf
  starting_dir /home/afmondra/zephyr-course
  obj_dir      None
  gcda_fname   ../../../twister-out/native_sim_native/host/homework.unit.ring_buf/zephyr/kernel/CMakeFiles/kernel.dir/work.c.gcno
  --> fname    /home/afmondra/deps/zephyr/kernel/include/ksched.h
(DEBUG) Check if /home/afmondra/deps/zephyr/kernel/include/ksched.h is included...
(DEBUG)   No filter matched.
(DEBUG) Finding source file corresponding to a gcov data file
  gcov_fname   /home/afmondra/zephyr-course/app/modules/ring_buf/arch.h##eee3095deeb51a158c6bb5ded542fa59.gcov
  current_dir  /home/afmondra/zephyr-course/app/modules/ring_buf
  root         /home/afmondra/zephyr-course/app/modules/ring_buf
  starting_dir /home/afmondra/zephyr-course
  obj_dir      None
  gcda_fname   ../../../twister-out/native_sim_native/host/homework.unit.ring_buf/zephyr/kernel/CMakeFiles/kernel.dir/work.c.gcno
  --> fname    /home/afmondra/deps/zephyr/include/zephyr/arch/posix/arch.h
(DEBUG) Check if /home/afmondra/deps/zephyr/include/zephyr/arch/posix/arch.h is included...
(DEBUG)   No filter matched.
(DEBUG) Finding source file corresponding to a gcov data file
  gcov_fname   /home/afmondra/zephyr-course/app/modules/ring_buf/slist.h##51ca74fb21b66782a830f7008bf83ae6.gcov
  current_dir  /home/afmondra/zephyr-course/app/modules/ring_buf
  root         /home/afmondra/zephyr-course/app/modules/ring_buf
  starting_dir /home/afmondra/zephyr-course
  obj_dir      None
  gcda_fname   ../../../twister-out/native_sim_native/host/homework.unit.ring_buf/zephyr/kernel/CMakeFiles/kernel.dir/work.c.gcno
  --> fname    /home/afmondra/deps/zephyr/include/zephyr/sys/slist.h
(DEBUG) Check if /home/afmondra/deps/zephyr/include/zephyr/sys/slist.h is included...
(DEBUG)   No filter matched.
(DEBUG) Finding source file corresponding to a gcov data file
  gcov_fname   /home/afmondra/zephyr-course/app/modules/ring_buf/kernel.h##13f2e6a4c33f57e7946f4cdd024701bf.gcov
  current_dir  /home/afmondra/zephyr-course/app/modules/ring_buf
  root         /home/afmondra/zephyr-course/app/modules/ring_buf
  starting_dir /home/afmondra/zephyr-course
  obj_dir      None
  gcda_fname   ../../../twister-out/native_sim_native/host/homework.unit.ring_buf/zephyr/kernel/CMakeFiles/kernel.dir/work.c.gcno
  --> fname    /home/afmondra/zephyr-course/twister-out/native_sim_native/host/homework.unit.ring_buf/zephyr/include/generated/zephyr/syscalls/kernel.h
(DEBUG) Check if /home/afmondra/zephyr-course/twister-out/native_sim_native/host/homework.unit.ring_buf/zephyr/include/generated/zephyr/syscalls/kernel.h is included...
(DEBUG)   No filter matched.
(DEBUG) Finding source file corresponding to a gcov data file
  gcov_fname   /home/afmondra/zephyr-course/app/modules/ring_buf/work.c##464b538cd1de14f3fd41f7127cd0bf90.gcov
  current_dir  /home/afmondra/zephyr-course/app/modules/ring_buf
  root         /home/afmondra/zephyr-course/app/modules/ring_buf
  starting_dir /home/afmondra/zephyr-course
  obj_dir      None
  gcda_fname   ../../../twister-out/native_sim_native/host/homework.unit.ring_buf/zephyr/kernel/CMakeFiles/kernel.dir/work.c.gcno
  --> fname    /home/afmondra/deps/zephyr/kernel/work.c
(DEBUG) Check if /home/afmondra/deps/zephyr/kernel/work.c is included...
(DEBUG)   No filter matched.
(DEBUG) Processing file: /home/afmondra/zephyr-course/twister-out/native_sim_native/host/homework.unit.ring_buf/zephyr/soc/soc/native/CMakeFiles/soc__native__inf_clock.dir/native_remap.c.gcda
(DEBUG) Running gcov: 'gcov /home/afmondra/zephyr-course/twister-out/native_sim_native/host/homework.unit.ring_buf/zephyr/soc/soc/native/CMakeFiles/soc__native__inf_clock.dir/native_remap.c.gcda --branch-counts --branch-probabilities --all-blocks --demangled-names --hash-filenames --object-directory ../../../twister-out/native_sim_native/host/homework.unit.ring_buf/zephyr/soc/soc/native/CMakeFiles/soc__native__inf_clock.dir' in '/home/afmondra/zephyr-course/app/modules/ring_buf'
(DEBUG) GCOV return code was 0, stdout was:
File '/home/afmondra/deps/zephyr/soc/native/inf_clock/native_remap.c'
Lines executed:0.00% of 2
No branches
No calls
Creating 'native_remap.c##174f74f6badc98101e97d2e1f2c71896.gcov'

Lines executed:0.00% of 2
<<, stderr was:
<<
(DEBUG) Check if native_remap.c##174f74f6badc98101e97d2e1f2c71896.gcov is included...
(DEBUG) Finding source file corresponding to a gcov data file
  gcov_fname   /home/afmondra/zephyr-course/app/modules/ring_buf/native_remap.c##174f74f6badc98101e97d2e1f2c71896.gcov
  current_dir  /home/afmondra/zephyr-course/app/modules/ring_buf
  root         /home/afmondra/zephyr-course/app/modules/ring_buf
  starting_dir /home/afmondra/zephyr-course
  obj_dir      None
  gcda_fname   ../../../twister-out/native_sim_native/host/homework.unit.ring_buf/zephyr/soc/soc/native/CMakeFiles/soc__native__inf_clock.dir/native_remap.c.gcda
  --> fname    /home/afmondra/deps/zephyr/soc/native/inf_clock/native_remap.c
(DEBUG) Check if /home/afmondra/deps/zephyr/soc/native/inf_clock/native_remap.c is included...
(DEBUG)   No filter matched.
(DEBUG) Processing file: /home/afmondra/zephyr-course/twister-out/native_sim_native/host/homework.unit.ring_buf/zephyr/soc/soc/native/CMakeFiles/soc__native__inf_clock.dir/native_tasks.c.gcda
(DEBUG) Running gcov: 'gcov /home/afmondra/zephyr-course/twister-out/native_sim_native/host/homework.unit.ring_buf/zephyr/soc/soc/native/CMakeFiles/soc__native__inf_clock.dir/native_tasks.c.gcda --branch-counts --branch-probabilities --all-blocks --demangled-names --hash-filenames --object-directory ../../../twister-out/native_sim_native/host/homework.unit.ring_buf/zephyr/soc/soc/native/CMakeFiles/soc__native__inf_clock.dir' in '/home/afmondra/zephyr-course/app/modules/ring_buf'
(DEBUG) GCOV return code was 0, stdout was:
File '/home/afmondra/deps/zephyr/soc/native/inf_clock/native_tasks.c'
Lines executed:100.00% of 6
Branches executed:100.00% of 4
Taken at least once:75.00% of 4
Calls executed:100.00% of 1
Creating 'native_tasks.c##5c4bd286088240080909aed97a910711.gcov'

Lines executed:100.00% of 6
<<, stderr was:
<<
(DEBUG) Check if native_tasks.c##5c4bd286088240080909aed97a910711.gcov is included...
(DEBUG) Finding source file corresponding to a gcov data file
  gcov_fname   /home/afmondra/zephyr-course/app/modules/ring_buf/native_tasks.c##5c4bd286088240080909aed97a910711.gcov
  current_dir  /home/afmondra/zephyr-course/app/modules/ring_buf
  root         /home/afmondra/zephyr-course/app/modules/ring_buf
  starting_dir /home/afmondra/zephyr-course
  obj_dir      None
  gcda_fname   ../../../twister-out/native_sim_native/host/homework.unit.ring_buf/zephyr/soc/soc/native/CMakeFiles/soc__native__inf_clock.dir/native_tasks.c.gcda
  --> fname    /home/afmondra/deps/zephyr/soc/native/inf_clock/native_tasks.c
(DEBUG) Check if /home/afmondra/deps/zephyr/soc/native/inf_clock/native_tasks.c is included...
(DEBUG)   No filter matched.
(DEBUG) Processing file: /home/afmondra/zephyr-course/twister-out/native_sim_native/host/homework.unit.ring_buf/zephyr/soc/soc/native/CMakeFiles/soc__native__inf_clock.dir/soc.c.gcda
(DEBUG) Running gcov: 'gcov /home/afmondra/zephyr-course/twister-out/native_sim_native/host/homework.unit.ring_buf/zephyr/soc/soc/native/CMakeFiles/soc__native__inf_clock.dir/soc.c.gcda --branch-counts --branch-probabilities --all-blocks --demangled-names --hash-filenames --object-directory ../../../twister-out/native_sim_native/host/homework.unit.ring_buf/zephyr/soc/soc/native/CMakeFiles/soc__native__inf_clock.dir' in '/home/afmondra/zephyr-course/app/modules/ring_buf'
(DEBUG) GCOV return code was 0, stdout was:
File '/home/afmondra/deps/zephyr/soc/native/inf_clock/soc.c'
Lines executed:31.03% of 29
Branches executed:0.00% of 2
Taken at least once:0.00% of 2
Calls executed:40.00% of 15
Creating 'soc.c##feee535f840e07264f7d7ba029f2c21a.gcov'

Lines executed:31.03% of 29
<<, stderr was:
<<
(DEBUG) Check if soc.c##feee535f840e07264f7d7ba029f2c21a.gcov is included...
(DEBUG) Finding source file corresponding to a gcov data file
  gcov_fname   /home/afmondra/zephyr-course/app/modules/ring_buf/soc.c##feee535f840e07264f7d7ba029f2c21a.gcov
  current_dir  /home/afmondra/zephyr-course/app/modules/ring_buf
  root         /home/afmondra/zephyr-course/app/modules/ring_buf
  starting_dir /home/afmondra/zephyr-course
  obj_dir      None
  gcda_fname   ../../../twister-out/native_sim_native/host/homework.unit.ring_buf/zephyr/soc/soc/native/CMakeFiles/soc__native__inf_clock.dir/soc.c.gcda
  --> fname    /home/afmondra/deps/zephyr/soc/native/inf_clock/soc.c
(DEBUG) Check if /home/afmondra/deps/zephyr/soc/native/inf_clock/soc.c is included...
(DEBUG)   No filter matched.
(DEBUG) Processing file: /home/afmondra/zephyr-course/twister-out/native_sim_native/host/homework.unit.ring_buf/zephyr/subsys/random/CMakeFiles/subsys__random.dir/random_test_csprng.c.gcda
(DEBUG) Running gcov: 'gcov /home/afmondra/zephyr-course/twister-out/native_sim_native/host/homework.unit.ring_buf/zephyr/subsys/random/CMakeFiles/subsys__random.dir/random_test_csprng.c.gcda --branch-counts --branch-probabilities --all-blocks --demangled-names --hash-filenames --object-directory ../../../twister-out/native_sim_native/host/homework.unit.ring_buf/zephyr/subsys/random/CMakeFiles/subsys__random.dir' in '/home/afmondra/zephyr-course/app/modules/ring_buf'
(DEBUG) GCOV return code was 0, stdout was:
File '/home/afmondra/deps/zephyr/subsys/random/random_test_csprng.c'
Lines executed:0.00% of 3
No branches
Calls executed:0.00% of 1
Creating 'random_test_csprng.c##bf6dd9fdf2ee38a707c15c2c3872f59d.gcov'

File '/home/afmondra/zephyr-course/twister-out/native_sim_native/host/homework.unit.ring_buf/zephyr/include/generated/zephyr/syscalls/random.h'
Lines executed:0.00% of 4
No branches
Calls executed:0.00% of 2
Creating 'random.h##1d2caa831e3179cf3ea044bfec20bf9c.gcov'

Lines executed:0.00% of 7
<<, stderr was:
<<
(DEBUG) Check if random_test_csprng.c##bf6dd9fdf2ee38a707c15c2c3872f59d.gcov is included...
(DEBUG) Check if random.h##1d2caa831e3179cf3ea044bfec20bf9c.gcov is included...
(DEBUG) Finding source file corresponding to a gcov data file
  gcov_fname   /home/afmondra/zephyr-course/app/modules/ring_buf/random_test_csprng.c##bf6dd9fdf2ee38a707c15c2c3872f59d.gcov
  current_dir  /home/afmondra/zephyr-course/app/modules/ring_buf
  root         /home/afmondra/zephyr-course/app/modules/ring_buf
  starting_dir /home/afmondra/zephyr-course
  obj_dir      None
  gcda_fname   ../../../twister-out/native_sim_native/host/homework.unit.ring_buf/zephyr/subsys/random/CMakeFiles/subsys__random.dir/random_test_csprng.c.gcda
  --> fname    /home/afmondra/deps/zephyr/subsys/random/random_test_csprng.c
(DEBUG) Check if /home/afmondra/deps/zephyr/subsys/random/random_test_csprng.c is included...
(DEBUG)   No filter matched.
(DEBUG) Finding source file corresponding to a gcov data file
  gcov_fname   /home/afmondra/zephyr-course/app/modules/ring_buf/random.h##1d2caa831e3179cf3ea044bfec20bf9c.gcov
  current_dir  /home/afmondra/zephyr-course/app/modules/ring_buf
  root         /home/afmondra/zephyr-course/app/modules/ring_buf
  starting_dir /home/afmondra/zephyr-course
  obj_dir      None
  gcda_fname   ../../../twister-out/native_sim_native/host/homework.unit.ring_buf/zephyr/subsys/random/CMakeFiles/subsys__random.dir/random_test_csprng.c.gcda
  --> fname    /home/afmondra/zephyr-course/twister-out/native_sim_native/host/homework.unit.ring_buf/zephyr/include/generated/zephyr/syscalls/random.h
(DEBUG) Check if /home/afmondra/zephyr-course/twister-out/native_sim_native/host/homework.unit.ring_buf/zephyr/include/generated/zephyr/syscalls/random.h is included...
(DEBUG)   No filter matched.
(DEBUG) Processing file: /home/afmondra/zephyr-course/twister-out/native_sim_native/host/homework.unit.ring_buf/zephyr/subsys/random/CMakeFiles/subsys__random.dir/random_timer.c.gcda
(DEBUG) Running gcov: 'gcov /home/afmondra/zephyr-course/twister-out/native_sim_native/host/homework.unit.ring_buf/zephyr/subsys/random/CMakeFiles/subsys__random.dir/random_timer.c.gcda --branch-counts --branch-probabilities --all-blocks --demangled-names --hash-filenames --object-directory ../../../twister-out/native_sim_native/host/homework.unit.ring_buf/zephyr/subsys/random/CMakeFiles/subsys__random.dir' in '/home/afmondra/zephyr-course/app/modules/ring_buf'
(DEBUG) GCOV return code was 0, stdout was:
File '/home/afmondra/deps/zephyr/subsys/random/random_timer.c'
Lines executed:100.00% of 16
Branches executed:100.00% of 2
Taken at least once:100.00% of 2
Calls executed:100.00% of 4
Creating 'random_timer.c##0ba47e9d2e0a17ee915f09885e7a1c74.gcov'

File '/home/afmondra/deps/zephyr/include/zephyr/kernel.h'
Lines executed:100.00% of 2
No branches
Calls executed:100.00% of 1
Creating 'kernel.h##6b0baf6c49afefbfab07edb7166fdce2.gcov'

File '/home/afmondra/deps/zephyr/include/zephyr/spinlock.h'
Lines executed:100.00% of 15
Branches executed:100.00% of 4
Taken at least once:50.00% of 4
Calls executed:41.18% of 17
Creating 'spinlock.h##0907215eaec88fd477ba521e3409787d.gcov'

File '/home/afmondra/deps/zephyr/include/zephyr/arch/posix/arch.h'
Lines executed:100.00% of 7
No branches
Calls executed:100.00% of 3
Creating 'arch.h##eee3095deeb51a158c6bb5ded542fa59.gcov'

Lines executed:100.00% of 40
<<, stderr was:
<<
(DEBUG) Check if random_timer.c##0ba47e9d2e0a17ee915f09885e7a1c74.gcov is included...
(DEBUG) Check if kernel.h##6b0baf6c49afefbfab07edb7166fdce2.gcov is included...
(DEBUG) Check if spinlock.h##0907215eaec88fd477ba521e3409787d.gcov is included...
(DEBUG) Check if arch.h##eee3095deeb51a158c6bb5ded542fa59.gcov is included...
(DEBUG) Finding source file corresponding to a gcov data file
  gcov_fname   /home/afmondra/zephyr-course/app/modules/ring_buf/arch.h##eee3095deeb51a158c6bb5ded542fa59.gcov
  current_dir  /home/afmondra/zephyr-course/app/modules/ring_buf
  root         /home/afmondra/zephyr-course/app/modules/ring_buf
  starting_dir /home/afmondra/zephyr-course
  obj_dir      None
  gcda_fname   ../../../twister-out/native_sim_native/host/homework.unit.ring_buf/zephyr/subsys/random/CMakeFiles/subsys__random.dir/random_timer.c.gcda
  --> fname    /home/afmondra/deps/zephyr/include/zephyr/arch/posix/arch.h
(DEBUG) Check if /home/afmondra/deps/zephyr/include/zephyr/arch/posix/arch.h is included...
(DEBUG)   No filter matched.
(DEBUG) Finding source file corresponding to a gcov data file
  gcov_fname   /home/afmondra/zephyr-course/app/modules/ring_buf/random_timer.c##0ba47e9d2e0a17ee915f09885e7a1c74.gcov
  current_dir  /home/afmondra/zephyr-course/app/modules/ring_buf
  root         /home/afmondra/zephyr-course/app/modules/ring_buf
  starting_dir /home/afmondra/zephyr-course
  obj_dir      None
  gcda_fname   ../../../twister-out/native_sim_native/host/homework.unit.ring_buf/zephyr/subsys/random/CMakeFiles/subsys__random.dir/random_timer.c.gcda
  --> fname    /home/afmondra/deps/zephyr/subsys/random/random_timer.c
(DEBUG) Check if /home/afmondra/deps/zephyr/subsys/random/random_timer.c is included...
(DEBUG)   No filter matched.
(DEBUG) Finding source file corresponding to a gcov data file
  gcov_fname   /home/afmondra/zephyr-course/app/modules/ring_buf/kernel.h##6b0baf6c49afefbfab07edb7166fdce2.gcov
  current_dir  /home/afmondra/zephyr-course/app/modules/ring_buf
  root         /home/afmondra/zephyr-course/app/modules/ring_buf
  starting_dir /home/afmondra/zephyr-course
  obj_dir      None
  gcda_fname   ../../../twister-out/native_sim_native/host/homework.unit.ring_buf/zephyr/subsys/random/CMakeFiles/subsys__random.dir/random_timer.c.gcda
  --> fname    /home/afmondra/deps/zephyr/include/zephyr/kernel.h
(DEBUG) Check if /home/afmondra/deps/zephyr/include/zephyr/kernel.h is included...
(DEBUG)   No filter matched.
(DEBUG) Finding source file corresponding to a gcov data file
  gcov_fname   /home/afmondra/zephyr-course/app/modules/ring_buf/spinlock.h##0907215eaec88fd477ba521e3409787d.gcov
  current_dir  /home/afmondra/zephyr-course/app/modules/ring_buf
  root         /home/afmondra/zephyr-course/app/modules/ring_buf
  starting_dir /home/afmondra/zephyr-course
  obj_dir      None
  gcda_fname   ../../../twister-out/native_sim_native/host/homework.unit.ring_buf/zephyr/subsys/random/CMakeFiles/subsys__random.dir/random_timer.c.gcda
  --> fname    /home/afmondra/deps/zephyr/include/zephyr/spinlock.h
(DEBUG) Check if /home/afmondra/deps/zephyr/include/zephyr/spinlock.h is included...
(DEBUG)   No filter matched.
(DEBUG) Processing file: /home/afmondra/zephyr-course/twister-out/native_sim_native/host/homework.unit.ring_buf/zephyr/subsys/testsuite/ztest/CMakeFiles/subsys__testsuite__ztest.dir/src/ztest.c.gcda
(DEBUG) Running gcov: 'gcov /home/afmondra/zephyr-course/twister-out/native_sim_native/host/homework.unit.ring_buf/zephyr/subsys/testsuite/ztest/CMakeFiles/subsys__testsuite__ztest.dir/src/ztest.c.gcda --branch-counts --branch-probabilities --all-blocks --demangled-names --hash-filenames --object-directory ../../../twister-out/native_sim_native/host/homework.unit.ring_buf/zephyr/subsys/testsuite/ztest/CMakeFiles/subsys__testsuite__ztest.dir/src' in '/home/afmondra/zephyr-course/app/modules/ring_buf'
(DEBUG) GCOV return code was 0, stdout was:
File '/home/afmondra/deps/zephyr/subsys/testsuite/ztest/src/ztest.c'
Lines executed:62.60% of 361
Branches executed:82.49% of 177
Taken at least once:53.67% of 177
Calls executed:61.74% of 115
Creating 'ztest.c##65e54b0b4738db2f9e2517faf1bc12a3.gcov'

File '/home/afmondra/zephyr-course/twister-out/native_sim_native/host/homework.unit.ring_buf/zephyr/include/generated/zephyr/syscalls/random.h'
Lines executed:100.00% of 4
No branches
Calls executed:100.00% of 2
Creating 'random.h##1d2caa831e3179cf3ea044bfec20bf9c.gcov'

File '/home/afmondra/deps/zephyr/include/zephyr/random/random.h'
Lines executed:100.00% of 3
No branches
Calls executed:100.00% of 1
Creating 'random.h##9aa2e51f9d0a8db98230271bcd23e461.gcov'

File '/home/afmondra/zephyr-course/twister-out/native_sim_native/host/homework.unit.ring_buf/zephyr/include/generated/zephyr/syscalls/ztest_test.h'
Lines executed:50.00% of 16
No branches
Calls executed:50.00% of 8
Creating 'ztest_test.h##6312440798c6e805309f4c9afd85b738.gcov'

File '/home/afmondra/zephyr-course/twister-out/native_sim_native/host/homework.unit.ring_buf/zephyr/include/generated/zephyr/syscalls/log_ctrl.h'
Lines executed:100.00% of 4
No branches
Calls executed:100.00% of 2
Creating 'log_ctrl.h##8befabee49c2404b5c100c5517bc0db3.gcov'

File '/home/afmondra/deps/zephyr/include/zephyr/logging/log_ctrl.h'
Lines executed:100.00% of 2
No branches
No calls
Creating 'log_ctrl.h##8a3ca1d069cb3b2a9cebfb206f2dbe69.gcov'

File '/home/afmondra/deps/zephyr/subsys/testsuite/include/zephyr/tc_util.h'
Lines executed:57.89% of 19
Branches executed:100.00% of 7
Taken at least once:28.57% of 7
Calls executed:100.00% of 2
Creating 'tc_util.h##104cdd81c142ab3b8d86b9bc9624f2d7.gcov'

File '/home/afmondra/zephyr-course/twister-out/native_sim_native/host/homework.unit.ring_buf/zephyr/include/generated/zephyr/syscalls/kernel.h'
Lines executed:85.00% of 20
No branches
Calls executed:83.33% of 12
Creating 'kernel.h##13f2e6a4c33f57e7946f4cdd024701bf.gcov'

File '/home/afmondra/deps/zephyr/include/zephyr/kernel.h'
Lines executed:71.43% of 7
No branches
Calls executed:100.00% of 2
Creating 'kernel.h##6b0baf6c49afefbfab07edb7166fdce2.gcov'

File '/home/afmondra/zephyr-course/twister-out/native_sim_native/host/homework.unit.ring_buf/zephyr/include/generated/zephyr/syscalls/kobject.h'
Lines executed:100.00% of 4
No branches
Calls executed:100.00% of 2
Creating 'kobject.h##13bf013f3c5480f55cef1e4c2b7d777c.gcov'

File '/home/afmondra/deps/zephyr/include/zephyr/sys/kobject.h'
Lines executed:100.00% of 4
No branches
No calls
Creating 'kobject.h##72242e18a7a80a79c44758ca8489d5bf.gcov'

File '/home/afmondra/deps/zephyr/include/zephyr/arch/posix/arch.h'
Lines executed:100.00% of 2
No branches
Calls executed:100.00% of 1
Creating 'arch.h##eee3095deeb51a158c6bb5ded542fa59.gcov'

Lines executed:65.02% of 446
<<, stderr was:
<<
(DEBUG) Check if ztest.c##65e54b0b4738db2f9e2517faf1bc12a3.gcov is included...
(DEBUG) Check if random.h##1d2caa831e3179cf3ea044bfec20bf9c.gcov is included...
(DEBUG) Check if random.h##9aa2e51f9d0a8db98230271bcd23e461.gcov is included...
(DEBUG) Check if ztest_test.h##6312440798c6e805309f4c9afd85b738.gcov is included...
(DEBUG) Check if log_ctrl.h##8befabee49c2404b5c100c5517bc0db3.gcov is included...
(DEBUG) Check if log_ctrl.h##8a3ca1d069cb3b2a9cebfb206f2dbe69.gcov is included...
(DEBUG) Check if tc_util.h##104cdd81c142ab3b8d86b9bc9624f2d7.gcov is included...
(DEBUG) Check if kernel.h##13f2e6a4c33f57e7946f4cdd024701bf.gcov is included...
(DEBUG) Check if kernel.h##6b0baf6c49afefbfab07edb7166fdce2.gcov is included...
(DEBUG) Check if kobject.h##13bf013f3c5480f55cef1e4c2b7d777c.gcov is included...
(DEBUG) Check if kobject.h##72242e18a7a80a79c44758ca8489d5bf.gcov is included...
(DEBUG) Check if arch.h##eee3095deeb51a158c6bb5ded542fa59.gcov is included...
(DEBUG) Finding source file corresponding to a gcov data file
  gcov_fname   /home/afmondra/zephyr-course/app/modules/ring_buf/kobject.h##72242e18a7a80a79c44758ca8489d5bf.gcov
  current_dir  /home/afmondra/zephyr-course/app/modules/ring_buf
  root         /home/afmondra/zephyr-course/app/modules/ring_buf
  starting_dir /home/afmondra/zephyr-course
  obj_dir      None
  gcda_fname   ../../../twister-out/native_sim_native/host/homework.unit.ring_buf/zephyr/subsys/testsuite/ztest/CMakeFiles/subsys__testsuite__ztest.dir/src/ztest.c.gcda
  --> fname    /home/afmondra/deps/zephyr/include/zephyr/sys/kobject.h
(DEBUG) Check if /home/afmondra/deps/zephyr/include/zephyr/sys/kobject.h is included...
(DEBUG)   No filter matched.
(DEBUG) Finding source file corresponding to a gcov data file
  gcov_fname   /home/afmondra/zephyr-course/app/modules/ring_buf/log_ctrl.h##8a3ca1d069cb3b2a9cebfb206f2dbe69.gcov
  current_dir  /home/afmondra/zephyr-course/app/modules/ring_buf
  root         /home/afmondra/zephyr-course/app/modules/ring_buf
  starting_dir /home/afmondra/zephyr-course
  obj_dir      None
  gcda_fname   ../../../twister-out/native_sim_native/host/homework.unit.ring_buf/zephyr/subsys/testsuite/ztest/CMakeFiles/subsys__testsuite__ztest.dir/src/ztest.c.gcda
  --> fname    /home/afmondra/deps/zephyr/include/zephyr/logging/log_ctrl.h
(DEBUG) Check if /home/afmondra/deps/zephyr/include/zephyr/logging/log_ctrl.h is included...
(DEBUG)   No filter matched.
(DEBUG) Finding source file corresponding to a gcov data file
  gcov_fname   /home/afmondra/zephyr-course/app/modules/ring_buf/random.h##1d2caa831e3179cf3ea044bfec20bf9c.gcov
  current_dir  /home/afmondra/zephyr-course/app/modules/ring_buf
  root         /home/afmondra/zephyr-course/app/modules/ring_buf
  starting_dir /home/afmondra/zephyr-course
  obj_dir      None
  gcda_fname   ../../../twister-out/native_sim_native/host/homework.unit.ring_buf/zephyr/subsys/testsuite/ztest/CMakeFiles/subsys__testsuite__ztest.dir/src/ztest.c.gcda
  --> fname    /home/afmondra/zephyr-course/twister-out/native_sim_native/host/homework.unit.ring_buf/zephyr/include/generated/zephyr/syscalls/random.h
(DEBUG) Check if /home/afmondra/zephyr-course/twister-out/native_sim_native/host/homework.unit.ring_buf/zephyr/include/generated/zephyr/syscalls/random.h is included...
(DEBUG)   No filter matched.
(DEBUG) Finding source file corresponding to a gcov data file
  gcov_fname   /home/afmondra/zephyr-course/app/modules/ring_buf/ztest.c##65e54b0b4738db2f9e2517faf1bc12a3.gcov
  current_dir  /home/afmondra/zephyr-course/app/modules/ring_buf
  root         /home/afmondra/zephyr-course/app/modules/ring_buf
  starting_dir /home/afmondra/zephyr-course
  obj_dir      None
  gcda_fname   ../../../twister-out/native_sim_native/host/homework.unit.ring_buf/zephyr/subsys/testsuite/ztest/CMakeFiles/subsys__testsuite__ztest.dir/src/ztest.c.gcda
  --> fname    /home/afmondra/deps/zephyr/subsys/testsuite/ztest/src/ztest.c
(DEBUG) Check if /home/afmondra/deps/zephyr/subsys/testsuite/ztest/src/ztest.c is included...
(DEBUG)   No filter matched.
(DEBUG) Finding source file corresponding to a gcov data file
  gcov_fname   /home/afmondra/zephyr-course/app/modules/ring_buf/kobject.h##13bf013f3c5480f55cef1e4c2b7d777c.gcov
  current_dir  /home/afmondra/zephyr-course/app/modules/ring_buf
  root         /home/afmondra/zephyr-course/app/modules/ring_buf
  starting_dir /home/afmondra/zephyr-course
  obj_dir      None
  gcda_fname   ../../../twister-out/native_sim_native/host/homework.unit.ring_buf/zephyr/subsys/testsuite/ztest/CMakeFiles/subsys__testsuite__ztest.dir/src/ztest.c.gcda
  --> fname    /home/afmondra/zephyr-course/twister-out/native_sim_native/host/homework.unit.ring_buf/zephyr/include/generated/zephyr/syscalls/kobject.h
(DEBUG) Check if /home/afmondra/zephyr-course/twister-out/native_sim_native/host/homework.unit.ring_buf/zephyr/include/generated/zephyr/syscalls/kobject.h is included...
(DEBUG)   No filter matched.
(DEBUG) Finding source file corresponding to a gcov data file
  gcov_fname   /home/afmondra/zephyr-course/app/modules/ring_buf/tc_util.h##104cdd81c142ab3b8d86b9bc9624f2d7.gcov
  current_dir  /home/afmondra/zephyr-course/app/modules/ring_buf
  root         /home/afmondra/zephyr-course/app/modules/ring_buf
  starting_dir /home/afmondra/zephyr-course
  obj_dir      None
  gcda_fname   ../../../twister-out/native_sim_native/host/homework.unit.ring_buf/zephyr/subsys/testsuite/ztest/CMakeFiles/subsys__testsuite__ztest.dir/src/ztest.c.gcda
  --> fname    /home/afmondra/deps/zephyr/subsys/testsuite/include/zephyr/tc_util.h
(DEBUG) Check if /home/afmondra/deps/zephyr/subsys/testsuite/include/zephyr/tc_util.h is included...
(DEBUG)   No filter matched.
(DEBUG) Finding source file corresponding to a gcov data file
  gcov_fname   /home/afmondra/zephyr-course/app/modules/ring_buf/random.h##9aa2e51f9d0a8db98230271bcd23e461.gcov
  current_dir  /home/afmondra/zephyr-course/app/modules/ring_buf
  root         /home/afmondra/zephyr-course/app/modules/ring_buf
  starting_dir /home/afmondra/zephyr-course
  obj_dir      None
  gcda_fname   ../../../twister-out/native_sim_native/host/homework.unit.ring_buf/zephyr/subsys/testsuite/ztest/CMakeFiles/subsys__testsuite__ztest.dir/src/ztest.c.gcda
  --> fname    /home/afmondra/deps/zephyr/include/zephyr/random/random.h
(DEBUG) Check if /home/afmondra/deps/zephyr/include/zephyr/random/random.h is included...
(DEBUG)   No filter matched.
(DEBUG) Finding source file corresponding to a gcov data file
  gcov_fname   /home/afmondra/zephyr-course/app/modules/ring_buf/kernel.h##6b0baf6c49afefbfab07edb7166fdce2.gcov
  current_dir  /home/afmondra/zephyr-course/app/modules/ring_buf
  root         /home/afmondra/zephyr-course/app/modules/ring_buf
  starting_dir /home/afmondra/zephyr-course
  obj_dir      None
  gcda_fname   ../../../twister-out/native_sim_native/host/homework.unit.ring_buf/zephyr/subsys/testsuite/ztest/CMakeFiles/subsys__testsuite__ztest.dir/src/ztest.c.gcda
  --> fname    /home/afmondra/deps/zephyr/include/zephyr/kernel.h
(DEBUG) Check if /home/afmondra/deps/zephyr/include/zephyr/kernel.h is included...
(DEBUG)   No filter matched.
(DEBUG) Finding source file corresponding to a gcov data file
  gcov_fname   /home/afmondra/zephyr-course/app/modules/ring_buf/arch.h##eee3095deeb51a158c6bb5ded542fa59.gcov
  current_dir  /home/afmondra/zephyr-course/app/modules/ring_buf
  root         /home/afmondra/zephyr-course/app/modules/ring_buf
  starting_dir /home/afmondra/zephyr-course
  obj_dir      None
  gcda_fname   ../../../twister-out/native_sim_native/host/homework.unit.ring_buf/zephyr/subsys/testsuite/ztest/CMakeFiles/subsys__testsuite__ztest.dir/src/ztest.c.gcda
  --> fname    /home/afmondra/deps/zephyr/include/zephyr/arch/posix/arch.h
(DEBUG) Check if /home/afmondra/deps/zephyr/include/zephyr/arch/posix/arch.h is included...
(DEBUG)   No filter matched.
(DEBUG) Finding source file corresponding to a gcov data file
  gcov_fname   /home/afmondra/zephyr-course/app/modules/ring_buf/log_ctrl.h##8befabee49c2404b5c100c5517bc0db3.gcov
  current_dir  /home/afmondra/zephyr-course/app/modules/ring_buf
  root         /home/afmondra/zephyr-course/app/modules/ring_buf
  starting_dir /home/afmondra/zephyr-course
  obj_dir      None
  gcda_fname   ../../../twister-out/native_sim_native/host/homework.unit.ring_buf/zephyr/subsys/testsuite/ztest/CMakeFiles/subsys__testsuite__ztest.dir/src/ztest.c.gcda
  --> fname    /home/afmondra/zephyr-course/twister-out/native_sim_native/host/homework.unit.ring_buf/zephyr/include/generated/zephyr/syscalls/log_ctrl.h
(DEBUG) Check if /home/afmondra/zephyr-course/twister-out/native_sim_native/host/homework.unit.ring_buf/zephyr/include/generated/zephyr/syscalls/log_ctrl.h is included...
(DEBUG)   No filter matched.
(DEBUG) Finding source file corresponding to a gcov data file
  gcov_fname   /home/afmondra/zephyr-course/app/modules/ring_buf/kernel.h##13f2e6a4c33f57e7946f4cdd024701bf.gcov
  current_dir  /home/afmondra/zephyr-course/app/modules/ring_buf
  root         /home/afmondra/zephyr-course/app/modules/ring_buf
  starting_dir /home/afmondra/zephyr-course
  obj_dir      None
  gcda_fname   ../../../twister-out/native_sim_native/host/homework.unit.ring_buf/zephyr/subsys/testsuite/ztest/CMakeFiles/subsys__testsuite__ztest.dir/src/ztest.c.gcda
  --> fname    /home/afmondra/zephyr-course/twister-out/native_sim_native/host/homework.unit.ring_buf/zephyr/include/generated/zephyr/syscalls/kernel.h
(DEBUG) Check if /home/afmondra/zephyr-course/twister-out/native_sim_native/host/homework.unit.ring_buf/zephyr/include/generated/zephyr/syscalls/kernel.h is included...
(DEBUG)   No filter matched.
(DEBUG) Finding source file corresponding to a gcov data file
  gcov_fname   /home/afmondra/zephyr-course/app/modules/ring_buf/ztest_test.h##6312440798c6e805309f4c9afd85b738.gcov
  current_dir  /home/afmondra/zephyr-course/app/modules/ring_buf
  root         /home/afmondra/zephyr-course/app/modules/ring_buf
  starting_dir /home/afmondra/zephyr-course
  obj_dir      None
  gcda_fname   ../../../twister-out/native_sim_native/host/homework.unit.ring_buf/zephyr/subsys/testsuite/ztest/CMakeFiles/subsys__testsuite__ztest.dir/src/ztest.c.gcda
  --> fname    /home/afmondra/zephyr-course/twister-out/native_sim_native/host/homework.unit.ring_buf/zephyr/include/generated/zephyr/syscalls/ztest_test.h
(DEBUG) Check if /home/afmondra/zephyr-course/twister-out/native_sim_native/host/homework.unit.ring_buf/zephyr/include/generated/zephyr/syscalls/ztest_test.h is included...
(DEBUG)   No filter matched.
(DEBUG) Processing file: /home/afmondra/zephyr-course/twister-out/native_sim_native/host/homework.unit.ring_buf/zephyr/subsys/testsuite/ztest/CMakeFiles/subsys__testsuite__ztest.dir/src/ztest_error_hook.c.gcno
(DEBUG) Running gcov: 'gcov /home/afmondra/zephyr-course/twister-out/native_sim_native/host/homework.unit.ring_buf/zephyr/subsys/testsuite/ztest/CMakeFiles/subsys__testsuite__ztest.dir/src/ztest_error_hook.c.gcno --branch-counts --branch-probabilities --all-blocks --demangled-names --hash-filenames --object-directory ../../../twister-out/native_sim_native/host/homework.unit.ring_buf/zephyr/subsys/testsuite/ztest/CMakeFiles/subsys__testsuite__ztest.dir/src' in '/home/afmondra/zephyr-course/app/modules/ring_buf'
(DEBUG) GCOV return code was 0, stdout was:
No executable lines
<<, stderr was:
../../../twister-out/native_sim_native/host/homework.unit.ring_buf/zephyr/subsys/testsuite/ztest/CMakeFiles/subsys__testsuite__ztest.dir/src/ztest_error_hook.c.gcno:no functions found
../../../twister-out/native_sim_native/host/homework.unit.ring_buf/zephyr/subsys/testsuite/ztest/CMakeFiles/subsys__testsuite__ztest.dir/src/ztest_error_hook.c.gcda:cannot open data file, assuming not executed
<<
(DEBUG) Processing file: /home/afmondra/zephyr-course/twister-out/native_sim_native/host/homework.unit.ring_buf/zephyr/subsys/testsuite/ztest/CMakeFiles/subsys__testsuite__ztest.dir/src/ztest_posix.c.gcda
(DEBUG) Running gcov: 'gcov /home/afmondra/zephyr-course/twister-out/native_sim_native/host/homework.unit.ring_buf/zephyr/subsys/testsuite/ztest/CMakeFiles/subsys__testsuite__ztest.dir/src/ztest_posix.c.gcda --branch-counts --branch-probabilities --all-blocks --demangled-names --hash-filenames --object-directory ../../../twister-out/native_sim_native/host/homework.unit.ring_buf/zephyr/subsys/testsuite/ztest/CMakeFiles/subsys__testsuite__ztest.dir/src' in '/home/afmondra/zephyr-course/app/modules/ring_buf'
(DEBUG) GCOV return code was 0, stdout was:
File '/home/afmondra/deps/zephyr/subsys/testsuite/ztest/src/ztest_posix.c'
Lines executed:30.51% of 59
Branches executed:20.00% of 40
Taken at least once:10.00% of 40
Calls executed:16.67% of 18
Creating 'ztest_posix.c##a4cd1fe07b2dbf600fd58148dd92775e.gcov'

File '/home/afmondra/zephyr-course/twister-out/native_sim_native/host/homework.unit.ring_buf/zephyr/include/generated/zephyr/syscalls/ztest_test.h'
Lines executed:100.00% of 3
No branches
Calls executed:100.00% of 2
Creating 'ztest_test.h##6312440798c6e805309f4c9afd85b738.gcov'

Lines executed:33.87% of 62
<<, stderr was:
<<
(DEBUG) Check if ztest_posix.c##a4cd1fe07b2dbf600fd58148dd92775e.gcov is included...
(DEBUG) Check if ztest_test.h##6312440798c6e805309f4c9afd85b738.gcov is included...
(DEBUG) Finding source file corresponding to a gcov data file
  gcov_fname   /home/afmondra/zephyr-course/app/modules/ring_buf/ztest_test.h##6312440798c6e805309f4c9afd85b738.gcov
  current_dir  /home/afmondra/zephyr-course/app/modules/ring_buf
  root         /home/afmondra/zephyr-course/app/modules/ring_buf
  starting_dir /home/afmondra/zephyr-course
  obj_dir      None
  gcda_fname   ../../../twister-out/native_sim_native/host/homework.unit.ring_buf/zephyr/subsys/testsuite/ztest/CMakeFiles/subsys__testsuite__ztest.dir/src/ztest_posix.c.gcda
  --> fname    /home/afmondra/zephyr-course/twister-out/native_sim_native/host/homework.unit.ring_buf/zephyr/include/generated/zephyr/syscalls/ztest_test.h
(DEBUG) Check if /home/afmondra/zephyr-course/twister-out/native_sim_native/host/homework.unit.ring_buf/zephyr/include/generated/zephyr/syscalls/ztest_test.h is included...
(DEBUG)   No filter matched.
(DEBUG) Finding source file corresponding to a gcov data file
  gcov_fname   /home/afmondra/zephyr-course/app/modules/ring_buf/ztest_posix.c##a4cd1fe07b2dbf600fd58148dd92775e.gcov
  current_dir  /home/afmondra/zephyr-course/app/modules/ring_buf
  root         /home/afmondra/zephyr-course/app/modules/ring_buf
  starting_dir /home/afmondra/zephyr-course
  obj_dir      None
  gcda_fname   ../../../twister-out/native_sim_native/host/homework.unit.ring_buf/zephyr/subsys/testsuite/ztest/CMakeFiles/subsys__testsuite__ztest.dir/src/ztest_posix.c.gcda
  --> fname    /home/afmondra/deps/zephyr/subsys/testsuite/ztest/src/ztest_posix.c
(DEBUG) Check if /home/afmondra/deps/zephyr/subsys/testsuite/ztest/src/ztest_posix.c is included...
(DEBUG)   No filter matched.
(DEBUG) Processing file: /home/afmondra/zephyr-course/twister-out/native_sim_native/host/homework.unit.ring_buf/zephyr/subsys/testsuite/ztest/CMakeFiles/subsys__testsuite__ztest.dir/src/ztest_rules.c.gcno
(DEBUG) Running gcov: 'gcov /home/afmondra/zephyr-course/twister-out/native_sim_native/host/homework.unit.ring_buf/zephyr/subsys/testsuite/ztest/CMakeFiles/subsys__testsuite__ztest.dir/src/ztest_rules.c.gcno --branch-counts --branch-probabilities --all-blocks --demangled-names --hash-filenames --object-directory ../../../twister-out/native_sim_native/host/homework.unit.ring_buf/zephyr/subsys/testsuite/ztest/CMakeFiles/subsys__testsuite__ztest.dir/src' in '/home/afmondra/zephyr-course/app/modules/ring_buf'
(DEBUG) GCOV return code was 0, stdout was:
No executable lines
<<, stderr was:
../../../twister-out/native_sim_native/host/homework.unit.ring_buf/zephyr/subsys/testsuite/ztest/CMakeFiles/subsys__testsuite__ztest.dir/src/ztest_rules.c.gcno:no functions found
../../../twister-out/native_sim_native/host/homework.unit.ring_buf/zephyr/subsys/testsuite/ztest/CMakeFiles/subsys__testsuite__ztest.dir/src/ztest_rules.c.gcda:cannot open data file, assuming not executed
<<
(INFO) Writing coverage report...
Running: gcovr -r /home/afmondra/zephyr-course/app/modules/ring_buf -v --merge-mode-functions=separate --gcov-executable gcov -f tests/ztest -e tests/ztest/test/* --json -o /home/afmondra/zephyr-course/twister-out/ztest.json /home/afmondra/zephyr-course/twister-out
(DEBUG) File system is case sensitive.
(DEBUG) Filters for --filter: (1)
(DEBUG)  - RelativeFilter(tests/ztest root=/home/afmondra/zephyr-course)
(DEBUG) Filters for --exclude: (1)
(DEBUG)  - RelativeFilter(tests/ztest/test/* root=/home/afmondra/zephyr-course)
(DEBUG) Filters for --include: (0)
(DEBUG) Filters for --gcov-filter: (1)
(DEBUG)  - AlwaysMatchFilter()
(DEBUG) Filters for --gcov-exclude: (0)
(DEBUG) Filters for --gcov-exclude-directory: (0)
(DEBUG) Patterns for --exclude-function: (0)
(DEBUG) Patterns for --exclude-lines-by-pattern: (0)
(DEBUG) Patterns for --exclude-branches-by-pattern: (0)
(INFO) Reading coverage data...
(DEBUG) Scanning directory twister-out for gcda/gcno files...
(DEBUG) Found 176 files (and will process 99)
(DEBUG) Using 1 workers.
(DEBUG) Pool started with 1 threads
(DEBUG) Processing file: /home/afmondra/zephyr-course/twister-out/native_sim_native/host/homework.unit.ring_buf/CMakeFiles/app.dir/home/afmondra/zephyr-course/app/modules/ring_buf/src/ring_buf.c.gcda
(DEBUG) Running gcov: 'gcov --help' in '.'
(DEBUG) Running gcov: 'gcov --help-hidden' in '.'
(DEBUG) Running gcov: 'gcov --version' in '.'
(DEBUG) GCOV capabilities: Unsupported JSON format detected.
(DEBUG) GCOV capabilities: Demangled names available.
(DEBUG) GCOV capabilities: Hashing of filenames available.
(DEBUG) Running gcov: 'gcov /home/afmondra/zephyr-course/twister-out/native_sim_native/host/homework.unit.ring_buf/CMakeFiles/app.dir/home/afmondra/zephyr-course/app/modules/ring_buf/src/ring_buf.c.gcda --branch-counts --branch-probabilities --all-blocks --demangled-names --hash-filenames --object-directory ../../../twister-out/native_sim_native/host/homework.unit.ring_buf/CMakeFiles/app.dir/home/afmondra/zephyr-course/app/modules/ring_buf/src' in '/home/afmondra/zephyr-course/app/modules/ring_buf'
(DEBUG) GCOV return code was 0, stdout was:
File '/home/afmondra/zephyr-course/app/modules/ring_buf/src/ring_buf.c'
Lines executed:81.40% of 43
Branches executed:57.89% of 38
Taken at least once:34.21% of 38
Calls executed:33.33% of 6
Creating 'ring_buf.c##c3c0ed58b39750c7cccd6ce1eba0c573.gcov'

File '/home/afmondra/deps/zephyr/include/zephyr/logging/log_msg.h'
Lines executed:100.00% of 5
No branches
Calls executed:100.00% of 1
Creating 'log_msg.h##79b8d5e6c50f02645efdf4e980ac5492.gcov'

Lines executed:83.33% of 48
<<, stderr was:
<<
(DEBUG) Check if ring_buf.c##c3c0ed58b39750c7cccd6ce1eba0c573.gcov is included...
(DEBUG) Check if log_msg.h##79b8d5e6c50f02645efdf4e980ac5492.gcov is included...
(DEBUG) Finding source file corresponding to a gcov data file
  gcov_fname   /home/afmondra/zephyr-course/app/modules/ring_buf/log_msg.h##79b8d5e6c50f02645efdf4e980ac5492.gcov
  current_dir  /home/afmondra/zephyr-course/app/modules/ring_buf
  root         /home/afmondra/zephyr-course/app/modules/ring_buf
  starting_dir /home/afmondra/zephyr-course
  obj_dir      None
  gcda_fname   ../../../twister-out/native_sim_native/host/homework.unit.ring_buf/CMakeFiles/app.dir/home/afmondra/zephyr-course/app/modules/ring_buf/src/ring_buf.c.gcda
  --> fname    /home/afmondra/deps/zephyr/include/zephyr/logging/log_msg.h
(DEBUG) Check if /home/afmondra/deps/zephyr/include/zephyr/logging/log_msg.h is included...
(DEBUG)   No filter matched.
(DEBUG) Finding source file corresponding to a gcov data file
  gcov_fname   /home/afmondra/zephyr-course/app/modules/ring_buf/ring_buf.c##c3c0ed58b39750c7cccd6ce1eba0c573.gcov
  current_dir  /home/afmondra/zephyr-course/app/modules/ring_buf
  root         /home/afmondra/zephyr-course/app/modules/ring_buf
  starting_dir /home/afmondra/zephyr-course
  obj_dir      None
  gcda_fname   ../../../twister-out/native_sim_native/host/homework.unit.ring_buf/CMakeFiles/app.dir/home/afmondra/zephyr-course/app/modules/ring_buf/src/ring_buf.c.gcda
  --> fname    /home/afmondra/zephyr-course/app/modules/ring_buf/src/ring_buf.c
(DEBUG) Check if /home/afmondra/zephyr-course/app/modules/ring_buf/src/ring_buf.c is included...
(DEBUG)   No filter matched.
(DEBUG) Processing file: /home/afmondra/zephyr-course/twister-out/native_sim_native/host/homework.unit.ring_buf/CMakeFiles/app.dir/src/test_ring_buf.c.gcda
(DEBUG) Running gcov: 'gcov /home/afmondra/zephyr-course/twister-out/native_sim_native/host/homework.unit.ring_buf/CMakeFiles/app.dir/src/test_ring_buf.c.gcda --branch-counts --branch-probabilities --all-blocks --demangled-names --hash-filenames --object-directory ../../../twister-out/native_sim_native/host/homework.unit.ring_buf/CMakeFiles/app.dir/src' in '/home/afmondra/zephyr-course/app/modules/ring_buf'
(DEBUG) GCOV return code was 0, stdout was:
File '/home/afmondra/zephyr-course/tests/ring_buf/src/test_ring_buf.c'
Lines executed:100.00% of 117
Branches executed:100.00% of 64
Taken at least once:50.00% of 64
Calls executed:100.00% of 56
Creating 'test_ring_buf.c##e2e60867299916005160c382771a39fc.gcov'

File '/home/afmondra/deps/zephyr/subsys/testsuite/ztest/include/zephyr/ztest_assert.h'
Lines executed:30.00% of 10
Branches executed:100.00% of 2
Taken at least once:50.00% of 2
Calls executed:0.00% of 5
Creating 'ztest_assert.h##93dbf91b01b58334adcb149232e58c35.gcov'

Lines executed:94.49% of 127
<<, stderr was:
<<
(DEBUG) Check if test_ring_buf.c##e2e60867299916005160c382771a39fc.gcov is included...
(DEBUG) Check if ztest_assert.h##93dbf91b01b58334adcb149232e58c35.gcov is included...
(DEBUG) Finding source file corresponding to a gcov data file
  gcov_fname   /home/afmondra/zephyr-course/app/modules/ring_buf/ztest_assert.h##93dbf91b01b58334adcb149232e58c35.gcov
  current_dir  /home/afmondra/zephyr-course/app/modules/ring_buf
  root         /home/afmondra/zephyr-course/app/modules/ring_buf
  starting_dir /home/afmondra/zephyr-course
  obj_dir      None
  gcda_fname   ../../../twister-out/native_sim_native/host/homework.unit.ring_buf/CMakeFiles/app.dir/src/test_ring_buf.c.gcda
  --> fname    /home/afmondra/deps/zephyr/subsys/testsuite/ztest/include/zephyr/ztest_assert.h
(DEBUG) Check if /home/afmondra/deps/zephyr/subsys/testsuite/ztest/include/zephyr/ztest_assert.h is included...
(DEBUG)   No filter matched.
(DEBUG) Finding source file corresponding to a gcov data file
  gcov_fname   /home/afmondra/zephyr-course/app/modules/ring_buf/test_ring_buf.c##e2e60867299916005160c382771a39fc.gcov
  current_dir  /home/afmondra/zephyr-course/app/modules/ring_buf
  root         /home/afmondra/zephyr-course/app/modules/ring_buf
  starting_dir /home/afmondra/zephyr-course
  obj_dir      None
  gcda_fname   ../../../twister-out/native_sim_native/host/homework.unit.ring_buf/CMakeFiles/app.dir/src/test_ring_buf.c.gcda
  --> fname    /home/afmondra/zephyr-course/tests/ring_buf/src/test_ring_buf.c
(DEBUG) Check if /home/afmondra/zephyr-course/tests/ring_buf/src/test_ring_buf.c is included...
(DEBUG)   No filter matched.
(DEBUG) Processing file: /home/afmondra/zephyr-course/twister-out/native_sim_native/host/homework.unit.ring_buf/zephyr/CMakeFiles/offsets.dir/arch/posix/core/offsets/offsets.c.gcda
(DEBUG) Running gcov: 'gcov /home/afmondra/zephyr-course/twister-out/native_sim_native/host/homework.unit.ring_buf/zephyr/CMakeFiles/offsets.dir/arch/posix/core/offsets/offsets.c.gcda --branch-counts --branch-probabilities --all-blocks --demangled-names --hash-filenames --object-directory ../../../twister-out/native_sim_native/host/homework.unit.ring_buf/zephyr/CMakeFiles/offsets.dir/arch/posix/core/offsets' in '/home/afmondra/zephyr-course/app/modules/ring_buf'
(DEBUG) GCOV return code was 0, stdout was:
File '/home/afmondra/deps/zephyr/kernel/include/kernel_offsets.h'
Lines executed:0.00% of 16
No branches
Calls executed:0.00% of 15
Creating 'kernel_offsets.h##f2be9dd6c33a5e94dfb53df01c8c82e4.gcov'

File '/home/afmondra/deps/zephyr/arch/posix/core/offsets/offsets.c'
Lines executed:0.00% of 1
No branches
No calls
Creating 'offsets.c##919c8406c4a82d4ce636567bbaa81c6d.gcov'

Lines executed:0.00% of 17
<<, stderr was:
<<
(DEBUG) Check if kernel_offsets.h##f2be9dd6c33a5e94dfb53df01c8c82e4.gcov is included...
(DEBUG) Check if offsets.c##919c8406c4a82d4ce636567bbaa81c6d.gcov is included...
(DEBUG) Finding source file corresponding to a gcov data file
  gcov_fname   /home/afmondra/zephyr-course/app/modules/ring_buf/kernel_offsets.h##f2be9dd6c33a5e94dfb53df01c8c82e4.gcov
  current_dir  /home/afmondra/zephyr-course/app/modules/ring_buf
  root         /home/afmondra/zephyr-course/app/modules/ring_buf
  starting_dir /home/afmondra/zephyr-course
  obj_dir      None
  gcda_fname   ../../../twister-out/native_sim_native/host/homework.unit.ring_buf/zephyr/CMakeFiles/offsets.dir/arch/posix/core/offsets/offsets.c.gcda
  --> fname    /home/afmondra/deps/zephyr/kernel/include/kernel_offsets.h
(DEBUG) Check if /home/afmondra/deps/zephyr/kernel/include/kernel_offsets.h is included...
(DEBUG)   No filter matched.
(DEBUG) Finding source file corresponding to a gcov data file
  gcov_fname   /home/afmondra/zephyr-course/app/modules/ring_buf/offsets.c##919c8406c4a82d4ce636567bbaa81c6d.gcov
  current_dir  /home/afmondra/zephyr-course/app/modules/ring_buf
  root         /home/afmondra/zephyr-course/app/modules/ring_buf
  starting_dir /home/afmondra/zephyr-course
  obj_dir      None
  gcda_fname   ../../../twister-out/native_sim_native/host/homework.unit.ring_buf/zephyr/CMakeFiles/offsets.dir/arch/posix/core/offsets/offsets.c.gcda
  --> fname    /home/afmondra/deps/zephyr/arch/posix/core/offsets/offsets.c
(DEBUG) Check if /home/afmondra/deps/zephyr/arch/posix/core/offsets/offsets.c is included...
(DEBUG)   No filter matched.
(DEBUG) Processing file: /home/afmondra/zephyr-course/twister-out/native_sim_native/host/homework.unit.ring_buf/zephyr/CMakeFiles/zephyr.dir/lib/heap/heap.c.gcda
(DEBUG) Running gcov: 'gcov /home/afmondra/zephyr-course/twister-out/native_sim_native/host/homework.unit.ring_buf/zephyr/CMakeFiles/zephyr.dir/lib/heap/heap.c.gcda --branch-counts --branch-probabilities --all-blocks --demangled-names --hash-filenames --object-directory ../../../twister-out/native_sim_native/host/homework.unit.ring_buf/zephyr/CMakeFiles/zephyr.dir/lib/heap' in '/home/afmondra/zephyr-course/app/modules/ring_buf'
(DEBUG) GCOV return code was 0, stdout was:
File '/home/afmondra/deps/zephyr/lib/heap/heap.c'
Lines executed:0.00% of 228
Branches executed:0.00% of 92
Taken at least once:0.00% of 92
Calls executed:0.00% of 173
Creating 'heap.c##763fb21c12c1a63bd015e739dd89006f.gcov'

File '/home/afmondra/deps/zephyr/lib/heap/heap.h'
Lines executed:0.00% of 74
Branches executed:0.00% of 18
Taken at least once:0.00% of 18
Calls executed:0.00% of 26
Creating 'heap.h##265c1c210c56114429a7e0bcd66df756.gcov'

Lines executed:0.00% of 302
<<, stderr was:
<<
(DEBUG) Check if heap.c##763fb21c12c1a63bd015e739dd89006f.gcov is included...
(DEBUG) Check if heap.h##265c1c210c56114429a7e0bcd66df756.gcov is included...
(DEBUG) Finding source file corresponding to a gcov data file
  gcov_fname   /home/afmondra/zephyr-course/app/modules/ring_buf/heap.c##763fb21c12c1a63bd015e739dd89006f.gcov
  current_dir  /home/afmondra/zephyr-course/app/modules/ring_buf
  root         /home/afmondra/zephyr-course/app/modules/ring_buf
  starting_dir /home/afmondra/zephyr-course
  obj_dir      None
  gcda_fname   ../../../twister-out/native_sim_native/host/homework.unit.ring_buf/zephyr/CMakeFiles/zephyr.dir/lib/heap/heap.c.gcda
  --> fname    /home/afmondra/deps/zephyr/lib/heap/heap.c
(DEBUG) Check if /home/afmondra/deps/zephyr/lib/heap/heap.c is included...
(DEBUG)   No filter matched.
(DEBUG) Finding source file corresponding to a gcov data file
  gcov_fname   /home/afmondra/zephyr-course/app/modules/ring_buf/heap.h##265c1c210c56114429a7e0bcd66df756.gcov
  current_dir  /home/afmondra/zephyr-course/app/modules/ring_buf
  root         /home/afmondra/zephyr-course/app/modules/ring_buf
  starting_dir /home/afmondra/zephyr-course
  obj_dir      None
  gcda_fname   ../../../twister-out/native_sim_native/host/homework.unit.ring_buf/zephyr/CMakeFiles/zephyr.dir/lib/heap/heap.c.gcda
  --> fname    /home/afmondra/deps/zephyr/lib/heap/heap.h
(DEBUG) Check if /home/afmondra/deps/zephyr/lib/heap/heap.h is included...
(DEBUG)   No filter matched.
(DEBUG) Processing file: /home/afmondra/zephyr-course/twister-out/native_sim_native/host/homework.unit.ring_buf/zephyr/CMakeFiles/zephyr.dir/lib/os/assert.c.gcda
(DEBUG) Running gcov: 'gcov /home/afmondra/zephyr-course/twister-out/native_sim_native/host/homework.unit.ring_buf/zephyr/CMakeFiles/zephyr.dir/lib/os/assert.c.gcda --branch-counts --branch-probabilities --all-blocks --demangled-names --hash-filenames --object-directory ../../../twister-out/native_sim_native/host/homework.unit.ring_buf/zephyr/CMakeFiles/zephyr.dir/lib/os' in '/home/afmondra/zephyr-course/app/modules/ring_buf'
(DEBUG) GCOV return code was 0, stdout was:
File '/home/afmondra/deps/zephyr/lib/os/assert.c'
Lines executed:0.00% of 8
No branches
Calls executed:0.00% of 3
Creating 'assert.c##ddb61ee2a53fc218c87a5c76e2e39145.gcov'

Lines executed:0.00% of 8
<<, stderr was:
<<
(DEBUG) Check if assert.c##ddb61ee2a53fc218c87a5c76e2e39145.gcov is included...
(DEBUG) Finding source file corresponding to a gcov data file
  gcov_fname   /home/afmondra/zephyr-course/app/modules/ring_buf/assert.c##ddb61ee2a53fc218c87a5c76e2e39145.gcov
  current_dir  /home/afmondra/zephyr-course/app/modules/ring_buf
  root         /home/afmondra/zephyr-course/app/modules/ring_buf
  starting_dir /home/afmondra/zephyr-course
  obj_dir      None
  gcda_fname   ../../../twister-out/native_sim_native/host/homework.unit.ring_buf/zephyr/CMakeFiles/zephyr.dir/lib/os/assert.c.gcda
  --> fname    /home/afmondra/deps/zephyr/lib/os/assert.c
(DEBUG) Check if /home/afmondra/deps/zephyr/lib/os/assert.c is included...
(DEBUG)   No filter matched.
(DEBUG) Processing file: /home/afmondra/zephyr-course/twister-out/native_sim_native/host/homework.unit.ring_buf/zephyr/CMakeFiles/zephyr.dir/lib/os/cbprintf.c.gcda
(DEBUG) Running gcov: 'gcov /home/afmondra/zephyr-course/twister-out/native_sim_native/host/homework.unit.ring_buf/zephyr/CMakeFiles/zephyr.dir/lib/os/cbprintf.c.gcda --branch-counts --branch-probabilities --all-blocks --demangled-names --hash-filenames --object-directory ../../../twister-out/native_sim_native/host/homework.unit.ring_buf/zephyr/CMakeFiles/zephyr.dir/lib/os' in '/home/afmondra/zephyr-course/app/modules/ring_buf'
(DEBUG) GCOV return code was 0, stdout was:
File '/home/afmondra/deps/zephyr/lib/os/cbprintf.c'
Lines executed:0.00% of 5
No branches
Calls executed:0.00% of 1
Creating 'cbprintf.c##d2acbdcae6033e9d633a393f33813cbb.gcov'

File '/home/afmondra/deps/zephyr/include/zephyr/sys/cbprintf.h'
Lines executed:0.00% of 2
No branches
Calls executed:0.00% of 1
Creating 'cbprintf.h##6402aeb47d2652c3cb4e31c4b006bbe5.gcov'

Lines executed:0.00% of 7
<<, stderr was:
<<
(DEBUG) Check if cbprintf.c##d2acbdcae6033e9d633a393f33813cbb.gcov is included...
(DEBUG) Check if cbprintf.h##6402aeb47d2652c3cb4e31c4b006bbe5.gcov is included...
(DEBUG) Finding source file corresponding to a gcov data file
  gcov_fname   /home/afmondra/zephyr-course/app/modules/ring_buf/cbprintf.h##6402aeb47d2652c3cb4e31c4b006bbe5.gcov
  current_dir  /home/afmondra/zephyr-course/app/modules/ring_buf
  root         /home/afmondra/zephyr-course/app/modules/ring_buf
  starting_dir /home/afmondra/zephyr-course
  obj_dir      None
  gcda_fname   ../../../twister-out/native_sim_native/host/homework.unit.ring_buf/zephyr/CMakeFiles/zephyr.dir/lib/os/cbprintf.c.gcda
  --> fname    /home/afmondra/deps/zephyr/include/zephyr/sys/cbprintf.h
(DEBUG) Check if /home/afmondra/deps/zephyr/include/zephyr/sys/cbprintf.h is included...
(DEBUG)   No filter matched.
(DEBUG) Finding source file corresponding to a gcov data file
  gcov_fname   /home/afmondra/zephyr-course/app/modules/ring_buf/cbprintf.c##d2acbdcae6033e9d633a393f33813cbb.gcov
  current_dir  /home/afmondra/zephyr-course/app/modules/ring_buf
  root         /home/afmondra/zephyr-course/app/modules/ring_buf
  starting_dir /home/afmondra/zephyr-course
  obj_dir      None
  gcda_fname   ../../../twister-out/native_sim_native/host/homework.unit.ring_buf/zephyr/CMakeFiles/zephyr.dir/lib/os/cbprintf.c.gcda
  --> fname    /home/afmondra/deps/zephyr/lib/os/cbprintf.c
(DEBUG) Check if /home/afmondra/deps/zephyr/lib/os/cbprintf.c is included...
(DEBUG)   No filter matched.
(DEBUG) Processing file: /home/afmondra/zephyr-course/twister-out/native_sim_native/host/homework.unit.ring_buf/zephyr/CMakeFiles/zephyr.dir/lib/os/cbprintf_complete.c.gcda
(DEBUG) Running gcov: 'gcov /home/afmondra/zephyr-course/twister-out/native_sim_native/host/homework.unit.ring_buf/zephyr/CMakeFiles/zephyr.dir/lib/os/cbprintf_complete.c.gcda --branch-counts --branch-probabilities --all-blocks --demangled-names --hash-filenames --object-directory ../../../twister-out/native_sim_native/host/homework.unit.ring_buf/zephyr/CMakeFiles/zephyr.dir/lib/os' in '/home/afmondra/zephyr-course/app/modules/ring_buf'
(DEBUG) GCOV return code was 0, stdout was:
File '/home/afmondra/deps/zephyr/lib/os/cbprintf_complete.c'
Lines executed:34.45% of 566
Branches executed:50.31% of 324
Taken at least once:28.40% of 324
Calls executed:35.42% of 48
Creating 'cbprintf_complete.c##0a46f54ab9b125623241e0c3f8ed02a2.gcov'

Lines executed:34.45% of 566
<<, stderr was:
<<
(DEBUG) Check if cbprintf_complete.c##0a46f54ab9b125623241e0c3f8ed02a2.gcov is included...
(DEBUG) Finding source file corresponding to a gcov data file
  gcov_fname   /home/afmondra/zephyr-course/app/modules/ring_buf/cbprintf_complete.c##0a46f54ab9b125623241e0c3f8ed02a2.gcov
  current_dir  /home/afmondra/zephyr-course/app/modules/ring_buf
  root         /home/afmondra/zephyr-course/app/modules/ring_buf
  starting_dir /home/afmondra/zephyr-course
  obj_dir      None
  gcda_fname   ../../../twister-out/native_sim_native/host/homework.unit.ring_buf/zephyr/CMakeFiles/zephyr.dir/lib/os/cbprintf_complete.c.gcda
  --> fname    /home/afmondra/deps/zephyr/lib/os/cbprintf_complete.c
(DEBUG) Check if /home/afmondra/deps/zephyr/lib/os/cbprintf_complete.c is included...
(DEBUG)   No filter matched.
(DEBUG) Processing file: /home/afmondra/zephyr-course/twister-out/native_sim_native/host/homework.unit.ring_buf/zephyr/CMakeFiles/zephyr.dir/lib/os/cbprintf_packaged.c.gcda
(DEBUG) Running gcov: 'gcov /home/afmondra/zephyr-course/twister-out/native_sim_native/host/homework.unit.ring_buf/zephyr/CMakeFiles/zephyr.dir/lib/os/cbprintf_packaged.c.gcda --branch-counts --branch-probabilities --all-blocks --demangled-names --hash-filenames --object-directory ../../../twister-out/native_sim_native/host/homework.unit.ring_buf/zephyr/CMakeFiles/zephyr.dir/lib/os' in '/home/afmondra/zephyr-course/app/modules/ring_buf'
(DEBUG) GCOV return code was 0, stdout was:
File '/home/afmondra/deps/zephyr/lib/os/cbprintf_packaged.c'
Lines executed:33.61% of 366
Branches executed:33.62% of 235
Taken at least once:22.55% of 235
Calls executed:8.22% of 73
Creating 'cbprintf_packaged.c##fe678edbf69fb987eff2d0d9f8b01c6b.gcov'

File '/home/afmondra/deps/zephyr/include/zephyr/logging/log_msg.h'
Lines executed:0.00% of 5
No branches
Calls executed:0.00% of 1
Creating 'log_msg.h##79b8d5e6c50f02645efdf4e980ac5492.gcov'

File '/home/afmondra/deps/zephyr/include/zephyr/linker/utils.h'
Lines executed:100.00% of 2
No branches
No calls
Creating 'utils.h##83a47ad183929abdb679146836e3826e.gcov'

Lines executed:33.51% of 373
<<, stderr was:
<<
(DEBUG) Check if cbprintf_packaged.c##fe678edbf69fb987eff2d0d9f8b01c6b.gcov is included...
(DEBUG) Check if log_msg.h##79b8d5e6c50f02645efdf4e980ac5492.gcov is included...
(DEBUG) Check if utils.h##83a47ad183929abdb679146836e3826e.gcov is included...
(DEBUG) Finding source file corresponding to a gcov data file
  gcov_fname   /home/afmondra/zephyr-course/app/modules/ring_buf/utils.h##83a47ad183929abdb679146836e3826e.gcov
  current_dir  /home/afmondra/zephyr-course/app/modules/ring_buf
  root         /home/afmondra/zephyr-course/app/modules/ring_buf
  starting_dir /home/afmondra/zephyr-course
  obj_dir      None
  gcda_fname   ../../../twister-out/native_sim_native/host/homework.unit.ring_buf/zephyr/CMakeFiles/zephyr.dir/lib/os/cbprintf_packaged.c.gcda
  --> fname    /home/afmondra/deps/zephyr/include/zephyr/linker/utils.h
(DEBUG) Check if /home/afmondra/deps/zephyr/include/zephyr/linker/utils.h is included...
(DEBUG)   No filter matched.
(DEBUG) Finding source file corresponding to a gcov data file
  gcov_fname   /home/afmondra/zephyr-course/app/modules/ring_buf/log_msg.h##79b8d5e6c50f02645efdf4e980ac5492.gcov
  current_dir  /home/afmondra/zephyr-course/app/modules/ring_buf
  root         /home/afmondra/zephyr-course/app/modules/ring_buf
  starting_dir /home/afmondra/zephyr-course
  obj_dir      None
  gcda_fname   ../../../twister-out/native_sim_native/host/homework.unit.ring_buf/zephyr/CMakeFiles/zephyr.dir/lib/os/cbprintf_packaged.c.gcda
  --> fname    /home/afmondra/deps/zephyr/include/zephyr/logging/log_msg.h
(DEBUG) Check if /home/afmondra/deps/zephyr/include/zephyr/logging/log_msg.h is included...
(DEBUG)   No filter matched.
(DEBUG) Finding source file corresponding to a gcov data file
  gcov_fname   /home/afmondra/zephyr-course/app/modules/ring_buf/cbprintf_packaged.c##fe678edbf69fb987eff2d0d9f8b01c6b.gcov
  current_dir  /home/afmondra/zephyr-course/app/modules/ring_buf
  root         /home/afmondra/zephyr-course/app/modules/ring_buf
  starting_dir /home/afmondra/zephyr-course
  obj_dir      None
  gcda_fname   ../../../twister-out/native_sim_native/host/homework.unit.ring_buf/zephyr/CMakeFiles/zephyr.dir/lib/os/cbprintf_packaged.c.gcda
  --> fname    /home/afmondra/deps/zephyr/lib/os/cbprintf_packaged.c
(DEBUG) Check if /home/afmondra/deps/zephyr/lib/os/cbprintf_packaged.c is included...
(DEBUG)   No filter matched.
(DEBUG) Processing file: /home/afmondra/zephyr-course/twister-out/native_sim_native/host/homework.unit.ring_buf/zephyr/CMakeFiles/zephyr.dir/lib/os/clock.c.gcda
(DEBUG) Running gcov: 'gcov /home/afmondra/zephyr-course/twister-out/native_sim_native/host/homework.unit.ring_buf/zephyr/CMakeFiles/zephyr.dir/lib/os/clock.c.gcda --branch-counts --branch-probabilities --all-blocks --demangled-names --hash-filenames --object-directory ../../../twister-out/native_sim_native/host/homework.unit.ring_buf/zephyr/CMakeFiles/zephyr.dir/lib/os' in '/home/afmondra/zephyr-course/app/modules/ring_buf'
(DEBUG) GCOV return code was 0, stdout was:
File '/home/afmondra/deps/zephyr/lib/os/clock.c'
Lines executed:9.46% of 74
Branches executed:5.41% of 37
Taken at least once:5.41% of 37
Calls executed:8.51% of 47
Creating 'clock.c##3060d44414f1906ce41523ccab019169.gcov'

File '/home/afmondra/deps/zephyr/include/zephyr/sys/timeutil.h'
Lines executed:0.00% of 51
Branches executed:0.00% of 74
Taken at least once:0.00% of 74
Calls executed:0.00% of 35
Creating 'timeutil.h##4d20bee1c8c4ca0ec3fe6c4ac6f83ccf.gcov'

File '/home/afmondra/zephyr-course/twister-out/native_sim_native/host/homework.unit.ring_buf/zephyr/include/generated/zephyr/syscalls/kernel.h'
Lines executed:0.00% of 6
No branches
Calls executed:0.00% of 4
Creating 'kernel.h##13f2e6a4c33f57e7946f4cdd024701bf.gcov'

File '/home/afmondra/deps/zephyr/include/zephyr/spinlock.h'
Lines executed:100.00% of 18
Branches executed:100.00% of 6
Taken at least once:50.00% of 6
Calls executed:31.82% of 22
Creating 'spinlock.h##0907215eaec88fd477ba521e3409787d.gcov'

File '/home/afmondra/zephyr-course/twister-out/native_sim_native/host/homework.unit.ring_buf/zephyr/include/generated/zephyr/syscalls/clock.h'
Lines executed:0.00% of 4
No branches
Calls executed:0.00% of 2
Creating 'clock.h##cf6889b86f429d3aed5be774a9d2dda0.gcov'

File '/home/afmondra/deps/zephyr/include/zephyr/arch/posix/arch.h'
Lines executed:100.00% of 5
No branches
Calls executed:100.00% of 2
Creating 'arch.h##eee3095deeb51a158c6bb5ded542fa59.gcov'

Lines executed:18.99% of 158
<<, stderr was:
<<
(DEBUG) Check if clock.c##3060d44414f1906ce41523ccab019169.gcov is included...
(DEBUG) Check if timeutil.h##4d20bee1c8c4ca0ec3fe6c4ac6f83ccf.gcov is included...
(DEBUG) Check if kernel.h##13f2e6a4c33f57e7946f4cdd024701bf.gcov is included...
(DEBUG) Check if spinlock.h##0907215eaec88fd477ba521e3409787d.gcov is included...
(DEBUG) Check if clock.h##cf6889b86f429d3aed5be774a9d2dda0.gcov is included...
(DEBUG) Check if arch.h##eee3095deeb51a158c6bb5ded542fa59.gcov is included...
(DEBUG) Finding source file corresponding to a gcov data file
  gcov_fname   /home/afmondra/zephyr-course/app/modules/ring_buf/arch.h##eee3095deeb51a158c6bb5ded542fa59.gcov
  current_dir  /home/afmondra/zephyr-course/app/modules/ring_buf
  root         /home/afmondra/zephyr-course/app/modules/ring_buf
  starting_dir /home/afmondra/zephyr-course
  obj_dir      None
  gcda_fname   ../../../twister-out/native_sim_native/host/homework.unit.ring_buf/zephyr/CMakeFiles/zephyr.dir/lib/os/clock.c.gcda
  --> fname    /home/afmondra/deps/zephyr/include/zephyr/arch/posix/arch.h
(DEBUG) Check if /home/afmondra/deps/zephyr/include/zephyr/arch/posix/arch.h is included...
(DEBUG)   No filter matched.
(DEBUG) Finding source file corresponding to a gcov data file
  gcov_fname   /home/afmondra/zephyr-course/app/modules/ring_buf/kernel.h##13f2e6a4c33f57e7946f4cdd024701bf.gcov
  current_dir  /home/afmondra/zephyr-course/app/modules/ring_buf
  root         /home/afmondra/zephyr-course/app/modules/ring_buf
  starting_dir /home/afmondra/zephyr-course
  obj_dir      None
  gcda_fname   ../../../twister-out/native_sim_native/host/homework.unit.ring_buf/zephyr/CMakeFiles/zephyr.dir/lib/os/clock.c.gcda
  --> fname    /home/afmondra/zephyr-course/twister-out/native_sim_native/host/homework.unit.ring_buf/zephyr/include/generated/zephyr/syscalls/kernel.h
(DEBUG) Check if /home/afmondra/zephyr-course/twister-out/native_sim_native/host/homework.unit.ring_buf/zephyr/include/generated/zephyr/syscalls/kernel.h is included...
(DEBUG)   No filter matched.
(DEBUG) Finding source file corresponding to a gcov data file
  gcov_fname   /home/afmondra/zephyr-course/app/modules/ring_buf/spinlock.h##0907215eaec88fd477ba521e3409787d.gcov
  current_dir  /home/afmondra/zephyr-course/app/modules/ring_buf
  root         /home/afmondra/zephyr-course/app/modules/ring_buf
  starting_dir /home/afmondra/zephyr-course
  obj_dir      None
  gcda_fname   ../../../twister-out/native_sim_native/host/homework.unit.ring_buf/zephyr/CMakeFiles/zephyr.dir/lib/os/clock.c.gcda
  --> fname    /home/afmondra/deps/zephyr/include/zephyr/spinlock.h
(DEBUG) Check if /home/afmondra/deps/zephyr/include/zephyr/spinlock.h is included...
(DEBUG)   No filter matched.
(DEBUG) Finding source file corresponding to a gcov data file
  gcov_fname   /home/afmondra/zephyr-course/app/modules/ring_buf/clock.c##3060d44414f1906ce41523ccab019169.gcov
  current_dir  /home/afmondra/zephyr-course/app/modules/ring_buf
  root         /home/afmondra/zephyr-course/app/modules/ring_buf
  starting_dir /home/afmondra/zephyr-course
  obj_dir      None
  gcda_fname   ../../../twister-out/native_sim_native/host/homework.unit.ring_buf/zephyr/CMakeFiles/zephyr.dir/lib/os/clock.c.gcda
  --> fname    /home/afmondra/deps/zephyr/lib/os/clock.c
(DEBUG) Check if /home/afmondra/deps/zephyr/lib/os/clock.c is included...
(DEBUG)   No filter matched.
(DEBUG) Finding source file corresponding to a gcov data file
  gcov_fname   /home/afmondra/zephyr-course/app/modules/ring_buf/timeutil.h##4d20bee1c8c4ca0ec3fe6c4ac6f83ccf.gcov
  current_dir  /home/afmondra/zephyr-course/app/modules/ring_buf
  root         /home/afmondra/zephyr-course/app/modules/ring_buf
  starting_dir /home/afmondra/zephyr-course
  obj_dir      None
  gcda_fname   ../../../twister-out/native_sim_native/host/homework.unit.ring_buf/zephyr/CMakeFiles/zephyr.dir/lib/os/clock.c.gcda
  --> fname    /home/afmondra/deps/zephyr/include/zephyr/sys/timeutil.h
(DEBUG) Check if /home/afmondra/deps/zephyr/include/zephyr/sys/timeutil.h is included...
(DEBUG)   No filter matched.
(DEBUG) Finding source file corresponding to a gcov data file
  gcov_fname   /home/afmondra/zephyr-course/app/modules/ring_buf/clock.h##cf6889b86f429d3aed5be774a9d2dda0.gcov
  current_dir  /home/afmondra/zephyr-course/app/modules/ring_buf
  root         /home/afmondra/zephyr-course/app/modules/ring_buf
  starting_dir /home/afmondra/zephyr-course
  obj_dir      None
  gcda_fname   ../../../twister-out/native_sim_native/host/homework.unit.ring_buf/zephyr/CMakeFiles/zephyr.dir/lib/os/clock.c.gcda
  --> fname    /home/afmondra/zephyr-course/twister-out/native_sim_native/host/homework.unit.ring_buf/zephyr/include/generated/zephyr/syscalls/clock.h
(DEBUG) Check if /home/afmondra/zephyr-course/twister-out/native_sim_native/host/homework.unit.ring_buf/zephyr/include/generated/zephyr/syscalls/clock.h is included...
(DEBUG)   No filter matched.
(DEBUG) Processing file: /home/afmondra/zephyr-course/twister-out/native_sim_native/host/homework.unit.ring_buf/zephyr/CMakeFiles/zephyr.dir/lib/os/printk.c.gcda
(DEBUG) Running gcov: 'gcov /home/afmondra/zephyr-course/twister-out/native_sim_native/host/homework.unit.ring_buf/zephyr/CMakeFiles/zephyr.dir/lib/os/printk.c.gcda --branch-counts --branch-probabilities --all-blocks --demangled-names --hash-filenames --object-directory ../../../twister-out/native_sim_native/host/homework.unit.ring_buf/zephyr/CMakeFiles/zephyr.dir/lib/os' in '/home/afmondra/zephyr-course/app/modules/ring_buf'
(DEBUG) GCOV return code was 0, stdout was:
File '/home/afmondra/deps/zephyr/lib/os/printk.c'
Lines executed:20.75% of 53
Branches executed:0.00% of 12
Taken at least once:0.00% of 12
Calls executed:25.00% of 8
Creating 'printk.c##950abd5bccc859df0d3850f54a08d487.gcov'

File '/home/afmondra/deps/zephyr/include/zephyr/sys/cbprintf.h'
Lines executed:0.00% of 2
No branches
Calls executed:0.00% of 1
Creating 'cbprintf.h##6402aeb47d2652c3cb4e31c4b006bbe5.gcov'

File '/home/afmondra/zephyr-course/twister-out/native_sim_native/host/homework.unit.ring_buf/zephyr/include/generated/zephyr/syscalls/kernel.h'
Lines executed:0.00% of 4
No branches
Calls executed:0.00% of 2
Creating 'kernel.h##13f2e6a4c33f57e7946f4cdd024701bf.gcov'

Lines executed:18.64% of 59
<<, stderr was:
<<
(DEBUG) Check if printk.c##950abd5bccc859df0d3850f54a08d487.gcov is included...
(DEBUG) Check if cbprintf.h##6402aeb47d2652c3cb4e31c4b006bbe5.gcov is included...
(DEBUG) Check if kernel.h##13f2e6a4c33f57e7946f4cdd024701bf.gcov is included...
(DEBUG) Finding source file corresponding to a gcov data file
  gcov_fname   /home/afmondra/zephyr-course/app/modules/ring_buf/cbprintf.h##6402aeb47d2652c3cb4e31c4b006bbe5.gcov
  current_dir  /home/afmondra/zephyr-course/app/modules/ring_buf
  root         /home/afmondra/zephyr-course/app/modules/ring_buf
  starting_dir /home/afmondra/zephyr-course
  obj_dir      None
  gcda_fname   ../../../twister-out/native_sim_native/host/homework.unit.ring_buf/zephyr/CMakeFiles/zephyr.dir/lib/os/printk.c.gcda
  --> fname    /home/afmondra/deps/zephyr/include/zephyr/sys/cbprintf.h
(DEBUG) Check if /home/afmondra/deps/zephyr/include/zephyr/sys/cbprintf.h is included...
(DEBUG)   No filter matched.
(DEBUG) Finding source file corresponding to a gcov data file
  gcov_fname   /home/afmondra/zephyr-course/app/modules/ring_buf/kernel.h##13f2e6a4c33f57e7946f4cdd024701bf.gcov
  current_dir  /home/afmondra/zephyr-course/app/modules/ring_buf
  root         /home/afmondra/zephyr-course/app/modules/ring_buf
  starting_dir /home/afmondra/zephyr-course
  obj_dir      None
  gcda_fname   ../../../twister-out/native_sim_native/host/homework.unit.ring_buf/zephyr/CMakeFiles/zephyr.dir/lib/os/printk.c.gcda
  --> fname    /home/afmondra/zephyr-course/twister-out/native_sim_native/host/homework.unit.ring_buf/zephyr/include/generated/zephyr/syscalls/kernel.h
(DEBUG) Check if /home/afmondra/zephyr-course/twister-out/native_sim_native/host/homework.unit.ring_buf/zephyr/include/generated/zephyr/syscalls/kernel.h is included...
(DEBUG)   No filter matched.
(DEBUG) Finding source file corresponding to a gcov data file
  gcov_fname   /home/afmondra/zephyr-course/app/modules/ring_buf/printk.c##950abd5bccc859df0d3850f54a08d487.gcov
  current_dir  /home/afmondra/zephyr-course/app/modules/ring_buf
  root         /home/afmondra/zephyr-course/app/modules/ring_buf
  starting_dir /home/afmondra/zephyr-course
  obj_dir      None
  gcda_fname   ../../../twister-out/native_sim_native/host/homework.unit.ring_buf/zephyr/CMakeFiles/zephyr.dir/lib/os/printk.c.gcda
  --> fname    /home/afmondra/deps/zephyr/lib/os/printk.c
(DEBUG) Check if /home/afmondra/deps/zephyr/lib/os/printk.c is included...
(DEBUG)   No filter matched.
(DEBUG) Processing file: /home/afmondra/zephyr-course/twister-out/native_sim_native/host/homework.unit.ring_buf/zephyr/CMakeFiles/zephyr.dir/lib/os/sem.c.gcda
(DEBUG) Running gcov: 'gcov /home/afmondra/zephyr-course/twister-out/native_sim_native/host/homework.unit.ring_buf/zephyr/CMakeFiles/zephyr.dir/lib/os/sem.c.gcda --branch-counts --branch-probabilities --all-blocks --demangled-names --hash-filenames --object-directory ../../../twister-out/native_sim_native/host/homework.unit.ring_buf/zephyr/CMakeFiles/zephyr.dir/lib/os' in '/home/afmondra/zephyr-course/app/modules/ring_buf'
(DEBUG) GCOV return code was 0, stdout was:
File '/home/afmondra/deps/zephyr/lib/os/sem.c'
Lines executed:0.00% of 14
Branches executed:0.00% of 4
Taken at least once:0.00% of 4
Calls executed:0.00% of 4
Creating 'sem.c##89f7242c2bdb155bdad671c5d6d1d9e4.gcov'

File '/home/afmondra/zephyr-course/twister-out/native_sim_native/host/homework.unit.ring_buf/zephyr/include/generated/zephyr/syscalls/kernel.h'
Lines executed:0.00% of 13
No branches
Calls executed:0.00% of 8
Creating 'kernel.h##13f2e6a4c33f57e7946f4cdd024701bf.gcov'

File '/home/afmondra/deps/zephyr/include/zephyr/kernel.h'
Lines executed:0.00% of 2
No branches
No calls
Creating 'kernel.h##6b0baf6c49afefbfab07edb7166fdce2.gcov'

Lines executed:0.00% of 29
<<, stderr was:
<<
(DEBUG) Check if sem.c##89f7242c2bdb155bdad671c5d6d1d9e4.gcov is included...
(DEBUG) Check if kernel.h##13f2e6a4c33f57e7946f4cdd024701bf.gcov is included...
(DEBUG) Check if kernel.h##6b0baf6c49afefbfab07edb7166fdce2.gcov is included...
(DEBUG) Finding source file corresponding to a gcov data file
  gcov_fname   /home/afmondra/zephyr-course/app/modules/ring_buf/kernel.h##6b0baf6c49afefbfab07edb7166fdce2.gcov
  current_dir  /home/afmondra/zephyr-course/app/modules/ring_buf
  root         /home/afmondra/zephyr-course/app/modules/ring_buf
  starting_dir /home/afmondra/zephyr-course
  obj_dir      None
  gcda_fname   ../../../twister-out/native_sim_native/host/homework.unit.ring_buf/zephyr/CMakeFiles/zephyr.dir/lib/os/sem.c.gcda
  --> fname    /home/afmondra/deps/zephyr/include/zephyr/kernel.h
(DEBUG) Check if /home/afmondra/deps/zephyr/include/zephyr/kernel.h is included...
(DEBUG)   No filter matched.
(DEBUG) Finding source file corresponding to a gcov data file
  gcov_fname   /home/afmondra/zephyr-course/app/modules/ring_buf/kernel.h##13f2e6a4c33f57e7946f4cdd024701bf.gcov
  current_dir  /home/afmondra/zephyr-course/app/modules/ring_buf
  root         /home/afmondra/zephyr-course/app/modules/ring_buf
  starting_dir /home/afmondra/zephyr-course
  obj_dir      None
  gcda_fname   ../../../twister-out/native_sim_native/host/homework.unit.ring_buf/zephyr/CMakeFiles/zephyr.dir/lib/os/sem.c.gcda
  --> fname    /home/afmondra/zephyr-course/twister-out/native_sim_native/host/homework.unit.ring_buf/zephyr/include/generated/zephyr/syscalls/kernel.h
(DEBUG) Check if /home/afmondra/zephyr-course/twister-out/native_sim_native/host/homework.unit.ring_buf/zephyr/include/generated/zephyr/syscalls/kernel.h is included...
(DEBUG)   No filter matched.
(DEBUG) Finding source file corresponding to a gcov data file
  gcov_fname   /home/afmondra/zephyr-course/app/modules/ring_buf/sem.c##89f7242c2bdb155bdad671c5d6d1d9e4.gcov
  current_dir  /home/afmondra/zephyr-course/app/modules/ring_buf
  root         /home/afmondra/zephyr-course/app/modules/ring_buf
  starting_dir /home/afmondra/zephyr-course
  obj_dir      None
  gcda_fname   ../../../twister-out/native_sim_native/host/homework.unit.ring_buf/zephyr/CMakeFiles/zephyr.dir/lib/os/sem.c.gcda
  --> fname    /home/afmondra/deps/zephyr/lib/os/sem.c
(DEBUG) Check if /home/afmondra/deps/zephyr/lib/os/sem.c is included...
(DEBUG)   No filter matched.
(DEBUG) Processing file: /home/afmondra/zephyr-course/twister-out/native_sim_native/host/homework.unit.ring_buf/zephyr/CMakeFiles/zephyr.dir/lib/os/thread_entry.c.gcda
(DEBUG) Running gcov: 'gcov /home/afmondra/zephyr-course/twister-out/native_sim_native/host/homework.unit.ring_buf/zephyr/CMakeFiles/zephyr.dir/lib/os/thread_entry.c.gcda --branch-counts --branch-probabilities --all-blocks --demangled-names --hash-filenames --object-directory ../../../twister-out/native_sim_native/host/homework.unit.ring_buf/zephyr/CMakeFiles/zephyr.dir/lib/os' in '/home/afmondra/zephyr-course/app/modules/ring_buf'
(DEBUG) GCOV return code was 0, stdout was:
File '/home/afmondra/deps/zephyr/lib/os/thread_entry.c'
Lines executed:75.00% of 4
No branches
Calls executed:66.67% of 3
Creating 'thread_entry.c##ea52a23d8dd2da61885f62d47228e9f2.gcov'

File '/home/afmondra/zephyr-course/twister-out/native_sim_native/host/homework.unit.ring_buf/zephyr/include/generated/zephyr/syscalls/kernel.h'
Lines executed:85.71% of 7
No branches
Calls executed:100.00% of 4
Creating 'kernel.h##13f2e6a4c33f57e7946f4cdd024701bf.gcov'

File '/home/afmondra/deps/zephyr/include/zephyr/kernel.h'
Lines executed:100.00% of 2
No branches
No calls
Creating 'kernel.h##6b0baf6c49afefbfab07edb7166fdce2.gcov'

Lines executed:84.62% of 13
<<, stderr was:
<<
(DEBUG) Check if thread_entry.c##ea52a23d8dd2da61885f62d47228e9f2.gcov is included...
(DEBUG) Check if kernel.h##13f2e6a4c33f57e7946f4cdd024701bf.gcov is included...
(DEBUG) Check if kernel.h##6b0baf6c49afefbfab07edb7166fdce2.gcov is included...
(DEBUG) Finding source file corresponding to a gcov data file
  gcov_fname   /home/afmondra/zephyr-course/app/modules/ring_buf/kernel.h##6b0baf6c49afefbfab07edb7166fdce2.gcov
  current_dir  /home/afmondra/zephyr-course/app/modules/ring_buf
  root         /home/afmondra/zephyr-course/app/modules/ring_buf
  starting_dir /home/afmondra/zephyr-course
  obj_dir      None
  gcda_fname   ../../../twister-out/native_sim_native/host/homework.unit.ring_buf/zephyr/CMakeFiles/zephyr.dir/lib/os/thread_entry.c.gcda
  --> fname    /home/afmondra/deps/zephyr/include/zephyr/kernel.h
(DEBUG) Check if /home/afmondra/deps/zephyr/include/zephyr/kernel.h is included...
(DEBUG)   No filter matched.
(DEBUG) Finding source file corresponding to a gcov data file
  gcov_fname   /home/afmondra/zephyr-course/app/modules/ring_buf/kernel.h##13f2e6a4c33f57e7946f4cdd024701bf.gcov
  current_dir  /home/afmondra/zephyr-course/app/modules/ring_buf
  root         /home/afmondra/zephyr-course/app/modules/ring_buf
  starting_dir /home/afmondra/zephyr-course
  obj_dir      None
  gcda_fname   ../../../twister-out/native_sim_native/host/homework.unit.ring_buf/zephyr/CMakeFiles/zephyr.dir/lib/os/thread_entry.c.gcda
  --> fname    /home/afmondra/zephyr-course/twister-out/native_sim_native/host/homework.unit.ring_buf/zephyr/include/generated/zephyr/syscalls/kernel.h
(DEBUG) Check if /home/afmondra/zephyr-course/twister-out/native_sim_native/host/homework.unit.ring_buf/zephyr/include/generated/zephyr/syscalls/kernel.h is included...
(DEBUG)   No filter matched.
(DEBUG) Finding source file corresponding to a gcov data file
  gcov_fname   /home/afmondra/zephyr-course/app/modules/ring_buf/thread_entry.c##ea52a23d8dd2da61885f62d47228e9f2.gcov
  current_dir  /home/afmondra/zephyr-course/app/modules/ring_buf
  root         /home/afmondra/zephyr-course/app/modules/ring_buf
  starting_dir /home/afmondra/zephyr-course
  obj_dir      None
  gcda_fname   ../../../twister-out/native_sim_native/host/homework.unit.ring_buf/zephyr/CMakeFiles/zephyr.dir/lib/os/thread_entry.c.gcda
  --> fname    /home/afmondra/deps/zephyr/lib/os/thread_entry.c
(DEBUG) Check if /home/afmondra/deps/zephyr/lib/os/thread_entry.c is included...
(DEBUG)   No filter matched.
(DEBUG) Processing file: /home/afmondra/zephyr-course/twister-out/native_sim_native/host/homework.unit.ring_buf/zephyr/CMakeFiles/zephyr.dir/lib/utils/bitarray.c.gcda
(DEBUG) Running gcov: 'gcov /home/afmondra/zephyr-course/twister-out/native_sim_native/host/homework.unit.ring_buf/zephyr/CMakeFiles/zephyr.dir/lib/utils/bitarray.c.gcda --branch-counts --branch-probabilities --all-blocks --demangled-names --hash-filenames --object-directory ../../../twister-out/native_sim_native/host/homework.unit.ring_buf/zephyr/CMakeFiles/zephyr.dir/lib/utils' in '/home/afmondra/zephyr-course/app/modules/ring_buf'
(DEBUG) GCOV return code was 0, stdout was:
File '/home/afmondra/deps/zephyr/lib/utils/bitarray.c'
Lines executed:0.00% of 356
Branches executed:0.00% of 210
Taken at least once:0.00% of 210
Calls executed:0.00% of 163
Creating 'bitarray.c##91a50df99d309354579b83daeb292267.gcov'

File '/home/afmondra/deps/zephyr/include/zephyr/spinlock.h'
Lines executed:0.00% of 15
Branches executed:0.00% of 4
Taken at least once:0.00% of 4
Calls executed:0.00% of 17
Creating 'spinlock.h##0907215eaec88fd477ba521e3409787d.gcov'

File '/home/afmondra/deps/zephyr/include/zephyr/arch/posix/arch.h'
Lines executed:0.00% of 5
No branches
Calls executed:0.00% of 2
Creating 'arch.h##eee3095deeb51a158c6bb5ded542fa59.gcov'

File '/home/afmondra/deps/zephyr/include/zephyr/arch/common/ffs.h'
Lines executed:0.00% of 2
No branches
No calls
Creating 'ffs.h##02cb700c2d2989e592aad9863e5709d2.gcov'

Lines executed:0.00% of 378
<<, stderr was:
<<
(DEBUG) Check if bitarray.c##91a50df99d309354579b83daeb292267.gcov is included...
(DEBUG) Check if spinlock.h##0907215eaec88fd477ba521e3409787d.gcov is included...
(DEBUG) Check if arch.h##eee3095deeb51a158c6bb5ded542fa59.gcov is included...
(DEBUG) Check if ffs.h##02cb700c2d2989e592aad9863e5709d2.gcov is included...
(DEBUG) Finding source file corresponding to a gcov data file
  gcov_fname   /home/afmondra/zephyr-course/app/modules/ring_buf/arch.h##eee3095deeb51a158c6bb5ded542fa59.gcov
  current_dir  /home/afmondra/zephyr-course/app/modules/ring_buf
  root         /home/afmondra/zephyr-course/app/modules/ring_buf
  starting_dir /home/afmondra/zephyr-course
  obj_dir      None
  gcda_fname   ../../../twister-out/native_sim_native/host/homework.unit.ring_buf/zephyr/CMakeFiles/zephyr.dir/lib/utils/bitarray.c.gcda
  --> fname    /home/afmondra/deps/zephyr/include/zephyr/arch/posix/arch.h
(DEBUG) Check if /home/afmondra/deps/zephyr/include/zephyr/arch/posix/arch.h is included...
(DEBUG)   No filter matched.
(DEBUG) Finding source file corresponding to a gcov data file
  gcov_fname   /home/afmondra/zephyr-course/app/modules/ring_buf/spinlock.h##0907215eaec88fd477ba521e3409787d.gcov
  current_dir  /home/afmondra/zephyr-course/app/modules/ring_buf
  root         /home/afmondra/zephyr-course/app/modules/ring_buf
  starting_dir /home/afmondra/zephyr-course
  obj_dir      None
  gcda_fname   ../../../twister-out/native_sim_native/host/homework.unit.ring_buf/zephyr/CMakeFiles/zephyr.dir/lib/utils/bitarray.c.gcda
  --> fname    /home/afmondra/deps/zephyr/include/zephyr/spinlock.h
(DEBUG) Check if /home/afmondra/deps/zephyr/include/zephyr/spinlock.h is included...
(DEBUG)   No filter matched.
(DEBUG) Finding source file corresponding to a gcov data file
  gcov_fname   /home/afmondra/zephyr-course/app/modules/ring_buf/bitarray.c##91a50df99d309354579b83daeb292267.gcov
  current_dir  /home/afmondra/zephyr-course/app/modules/ring_buf
  root         /home/afmondra/zephyr-course/app/modules/ring_buf
  starting_dir /home/afmondra/zephyr-course
  obj_dir      None
  gcda_fname   ../../../twister-out/native_sim_native/host/homework.unit.ring_buf/zephyr/CMakeFiles/zephyr.dir/lib/utils/bitarray.c.gcda
  --> fname    /home/afmondra/deps/zephyr/lib/utils/bitarray.c
(DEBUG) Check if /home/afmondra/deps/zephyr/lib/utils/bitarray.c is included...
(DEBUG)   No filter matched.
(DEBUG) Finding source file corresponding to a gcov data file
  gcov_fname   /home/afmondra/zephyr-course/app/modules/ring_buf/ffs.h##02cb700c2d2989e592aad9863e5709d2.gcov
  current_dir  /home/afmondra/zephyr-course/app/modules/ring_buf
  root         /home/afmondra/zephyr-course/app/modules/ring_buf
  starting_dir /home/afmondra/zephyr-course
  obj_dir      None
  gcda_fname   ../../../twister-out/native_sim_native/host/homework.unit.ring_buf/zephyr/CMakeFiles/zephyr.dir/lib/utils/bitarray.c.gcda
  --> fname    /home/afmondra/deps/zephyr/include/zephyr/arch/common/ffs.h
(DEBUG) Check if /home/afmondra/deps/zephyr/include/zephyr/arch/common/ffs.h is included...
(DEBUG)   No filter matched.
(DEBUG) Processing file: /home/afmondra/zephyr-course/twister-out/native_sim_native/host/homework.unit.ring_buf/zephyr/CMakeFiles/zephyr.dir/lib/utils/dec.c.gcda
(DEBUG) Running gcov: 'gcov /home/afmondra/zephyr-course/twister-out/native_sim_native/host/homework.unit.ring_buf/zephyr/CMakeFiles/zephyr.dir/lib/utils/dec.c.gcda --branch-counts --branch-probabilities --all-blocks --demangled-names --hash-filenames --object-directory ../../../twister-out/native_sim_native/host/homework.unit.ring_buf/zephyr/CMakeFiles/zephyr.dir/lib/utils' in '/home/afmondra/zephyr-course/app/modules/ring_buf'
(DEBUG) GCOV return code was 0, stdout was:
File '/home/afmondra/deps/zephyr/lib/utils/dec.c'
Lines executed:0.00% of 15
Branches executed:0.00% of 12
Taken at least once:0.00% of 12
No calls
Creating 'dec.c##73a412463a1245a0a6f09e44896498e0.gcov'

Lines executed:0.00% of 15
<<, stderr was:
<<
(DEBUG) Check if dec.c##73a412463a1245a0a6f09e44896498e0.gcov is included...
(DEBUG) Finding source file corresponding to a gcov data file
  gcov_fname   /home/afmondra/zephyr-course/app/modules/ring_buf/dec.c##73a412463a1245a0a6f09e44896498e0.gcov
  current_dir  /home/afmondra/zephyr-course/app/modules/ring_buf
  root         /home/afmondra/zephyr-course/app/modules/ring_buf
  starting_dir /home/afmondra/zephyr-course
  obj_dir      None
  gcda_fname   ../../../twister-out/native_sim_native/host/homework.unit.ring_buf/zephyr/CMakeFiles/zephyr.dir/lib/utils/dec.c.gcda
  --> fname    /home/afmondra/deps/zephyr/lib/utils/dec.c
(DEBUG) Check if /home/afmondra/deps/zephyr/lib/utils/dec.c is included...
(DEBUG)   No filter matched.
(DEBUG) Processing file: /home/afmondra/zephyr-course/twister-out/native_sim_native/host/homework.unit.ring_buf/zephyr/CMakeFiles/zephyr.dir/lib/utils/hex.c.gcda
(DEBUG) Running gcov: 'gcov /home/afmondra/zephyr-course/twister-out/native_sim_native/host/homework.unit.ring_buf/zephyr/CMakeFiles/zephyr.dir/lib/utils/hex.c.gcda --branch-counts --branch-probabilities --all-blocks --demangled-names --hash-filenames --object-directory ../../../twister-out/native_sim_native/host/homework.unit.ring_buf/zephyr/CMakeFiles/zephyr.dir/lib/utils' in '/home/afmondra/zephyr-course/app/modules/ring_buf'
(DEBUG) GCOV return code was 0, stdout was:
File '/home/afmondra/deps/zephyr/lib/utils/hex.c'
Lines executed:0.00% of 41
Branches executed:0.00% of 32
Taken at least once:0.00% of 32
Calls executed:0.00% of 5
Creating 'hex.c##4a3d74d2ef2c8cfe567cf5e2a834fc69.gcov'

Lines executed:0.00% of 41
<<, stderr was:
<<
(DEBUG) Check if hex.c##4a3d74d2ef2c8cfe567cf5e2a834fc69.gcov is included...
(DEBUG) Finding source file corresponding to a gcov data file
  gcov_fname   /home/afmondra/zephyr-course/app/modules/ring_buf/hex.c##4a3d74d2ef2c8cfe567cf5e2a834fc69.gcov
  current_dir  /home/afmondra/zephyr-course/app/modules/ring_buf
  root         /home/afmondra/zephyr-course/app/modules/ring_buf
  starting_dir /home/afmondra/zephyr-course
  obj_dir      None
  gcda_fname   ../../../twister-out/native_sim_native/host/homework.unit.ring_buf/zephyr/CMakeFiles/zephyr.dir/lib/utils/hex.c.gcda
  --> fname    /home/afmondra/deps/zephyr/lib/utils/hex.c
(DEBUG) Check if /home/afmondra/deps/zephyr/lib/utils/hex.c is included...
(DEBUG)   No filter matched.
(DEBUG) Processing file: /home/afmondra/zephyr-course/twister-out/native_sim_native/host/homework.unit.ring_buf/zephyr/CMakeFiles/zephyr.dir/lib/utils/rb.c.gcda
(DEBUG) Running gcov: 'gcov /home/afmondra/zephyr-course/twister-out/native_sim_native/host/homework.unit.ring_buf/zephyr/CMakeFiles/zephyr.dir/lib/utils/rb.c.gcda --branch-counts --branch-probabilities --all-blocks --demangled-names --hash-filenames --object-directory ../../../twister-out/native_sim_native/host/homework.unit.ring_buf/zephyr/CMakeFiles/zephyr.dir/lib/utils' in '/home/afmondra/zephyr-course/app/modules/ring_buf'
(DEBUG) GCOV return code was 0, stdout was:
File '/home/afmondra/deps/zephyr/lib/utils/rb.c'
Lines executed:0.00% of 240
Branches executed:0.00% of 106
Taken at least once:0.00% of 106
Calls executed:0.00% of 121
Creating 'rb.c##d8567dc07418b8466bb36467afff7a11.gcov'

Lines executed:0.00% of 240
<<, stderr was:
<<
(DEBUG) Check if rb.c##d8567dc07418b8466bb36467afff7a11.gcov is included...
(DEBUG) Finding source file corresponding to a gcov data file
  gcov_fname   /home/afmondra/zephyr-course/app/modules/ring_buf/rb.c##d8567dc07418b8466bb36467afff7a11.gcov
  current_dir  /home/afmondra/zephyr-course/app/modules/ring_buf
  root         /home/afmondra/zephyr-course/app/modules/ring_buf
  starting_dir /home/afmondra/zephyr-course
  obj_dir      None
  gcda_fname   ../../../twister-out/native_sim_native/host/homework.unit.ring_buf/zephyr/CMakeFiles/zephyr.dir/lib/utils/rb.c.gcda
  --> fname    /home/afmondra/deps/zephyr/lib/utils/rb.c
(DEBUG) Check if /home/afmondra/deps/zephyr/lib/utils/rb.c is included...
(DEBUG)   No filter matched.
(DEBUG) Processing file: /home/afmondra/zephyr-course/twister-out/native_sim_native/host/homework.unit.ring_buf/zephyr/CMakeFiles/zephyr.dir/lib/utils/ring_buffer.c.gcda
(DEBUG) Running gcov: 'gcov /home/afmondra/zephyr-course/twister-out/native_sim_native/host/homework.unit.ring_buf/zephyr/CMakeFiles/zephyr.dir/lib/utils/ring_buffer.c.gcda --branch-counts --branch-probabilities --all-blocks --demangled-names --hash-filenames --object-directory ../../../twister-out/native_sim_native/host/homework.unit.ring_buf/zephyr/CMakeFiles/zephyr.dir/lib/utils' in '/home/afmondra/zephyr-course/app/modules/ring_buf'
(DEBUG) GCOV return code was 0, stdout was:
File '/home/afmondra/deps/zephyr/lib/utils/ring_buffer.c'
Lines executed:0.00% of 113
Branches executed:0.00% of 56
Taken at least once:0.00% of 56
Calls executed:0.00% of 51
Creating 'ring_buffer.c##892da59c5a3ff75a7341c7dc1d98d30d.gcov'

File '/home/afmondra/deps/zephyr/include/zephyr/sys/ring_buffer.h'
Lines executed:0.00% of 18
No branches
Calls executed:0.00% of 6
Creating 'ring_buffer.h##80f1a8383da5b8a85ed4c0a79bfacac8.gcov'

Lines executed:0.00% of 131
<<, stderr was:
<<
(DEBUG) Check if ring_buffer.c##892da59c5a3ff75a7341c7dc1d98d30d.gcov is included...
(DEBUG) Check if ring_buffer.h##80f1a8383da5b8a85ed4c0a79bfacac8.gcov is included...
(DEBUG) Finding source file corresponding to a gcov data file
  gcov_fname   /home/afmondra/zephyr-course/app/modules/ring_buf/ring_buffer.h##80f1a8383da5b8a85ed4c0a79bfacac8.gcov
  current_dir  /home/afmondra/zephyr-course/app/modules/ring_buf
  root         /home/afmondra/zephyr-course/app/modules/ring_buf
  starting_dir /home/afmondra/zephyr-course
  obj_dir      None
  gcda_fname   ../../../twister-out/native_sim_native/host/homework.unit.ring_buf/zephyr/CMakeFiles/zephyr.dir/lib/utils/ring_buffer.c.gcda
  --> fname    /home/afmondra/deps/zephyr/include/zephyr/sys/ring_buffer.h
(DEBUG) Check if /home/afmondra/deps/zephyr/include/zephyr/sys/ring_buffer.h is included...
(DEBUG)   No filter matched.
(DEBUG) Finding source file corresponding to a gcov data file
  gcov_fname   /home/afmondra/zephyr-course/app/modules/ring_buf/ring_buffer.c##892da59c5a3ff75a7341c7dc1d98d30d.gcov
  current_dir  /home/afmondra/zephyr-course/app/modules/ring_buf
  root         /home/afmondra/zephyr-course/app/modules/ring_buf
  starting_dir /home/afmondra/zephyr-course
  obj_dir      None
  gcda_fname   ../../../twister-out/native_sim_native/host/homework.unit.ring_buf/zephyr/CMakeFiles/zephyr.dir/lib/utils/ring_buffer.c.gcda
  --> fname    /home/afmondra/deps/zephyr/lib/utils/ring_buffer.c
(DEBUG) Check if /home/afmondra/deps/zephyr/lib/utils/ring_buffer.c is included...
(DEBUG)   No filter matched.
(DEBUG) Processing file: /home/afmondra/zephyr-course/twister-out/native_sim_native/host/homework.unit.ring_buf/zephyr/CMakeFiles/zephyr.dir/lib/utils/timeutil.c.gcda
(DEBUG) Running gcov: 'gcov /home/afmondra/zephyr-course/twister-out/native_sim_native/host/homework.unit.ring_buf/zephyr/CMakeFiles/zephyr.dir/lib/utils/timeutil.c.gcda --branch-counts --branch-probabilities --all-blocks --demangled-names --hash-filenames --object-directory ../../../twister-out/native_sim_native/host/homework.unit.ring_buf/zephyr/CMakeFiles/zephyr.dir/lib/utils' in '/home/afmondra/zephyr-course/app/modules/ring_buf'
(DEBUG) GCOV return code was 0, stdout was:
File '/home/afmondra/deps/zephyr/lib/utils/timeutil.c'
Lines executed:0.00% of 86
Branches executed:0.00% of 48
Taken at least once:0.00% of 48
Calls executed:0.00% of 2
Creating 'timeutil.c##b9a196a5da354c0e3f0ff7c4c146d752.gcov'

Lines executed:0.00% of 86
<<, stderr was:
<<
(DEBUG) Check if timeutil.c##b9a196a5da354c0e3f0ff7c4c146d752.gcov is included...
(DEBUG) Finding source file corresponding to a gcov data file
  gcov_fname   /home/afmondra/zephyr-course/app/modules/ring_buf/timeutil.c##b9a196a5da354c0e3f0ff7c4c146d752.gcov
  current_dir  /home/afmondra/zephyr-course/app/modules/ring_buf
  root         /home/afmondra/zephyr-course/app/modules/ring_buf
  starting_dir /home/afmondra/zephyr-course
  obj_dir      None
  gcda_fname   ../../../twister-out/native_sim_native/host/homework.unit.ring_buf/zephyr/CMakeFiles/zephyr.dir/lib/utils/timeutil.c.gcda
  --> fname    /home/afmondra/deps/zephyr/lib/utils/timeutil.c
(DEBUG) Check if /home/afmondra/deps/zephyr/lib/utils/timeutil.c is included...
(DEBUG)   No filter matched.
(DEBUG) Processing file: /home/afmondra/zephyr-course/twister-out/native_sim_native/host/homework.unit.ring_buf/zephyr/CMakeFiles/zephyr.dir/misc/generated/configs.c.gcda
(DEBUG) Running gcov: 'gcov /home/afmondra/zephyr-course/twister-out/native_sim_native/host/homework.unit.ring_buf/zephyr/CMakeFiles/zephyr.dir/misc/generated/configs.c.gcda --branch-counts --branch-probabilities --all-blocks --demangled-names --hash-filenames --object-directory ../../../twister-out/native_sim_native/host/homework.unit.ring_buf/zephyr/CMakeFiles/zephyr.dir/misc/generated' in '/home/afmondra/zephyr-course/app/modules/ring_buf'
(DEBUG) GCOV return code was 0, stdout was:
File '/home/afmondra/zephyr-course/twister-out/native_sim_native/host/homework.unit.ring_buf/zephyr/misc/generated/configs.c'
Lines executed:0.00% of 249
No branches
Calls executed:0.00% of 247
Creating 'configs.c##a75e03ea69cf40220ec52e4a9957de05.gcov'

Lines executed:0.00% of 249
<<, stderr was:
<<
(DEBUG) Check if configs.c##a75e03ea69cf40220ec52e4a9957de05.gcov is included...
(DEBUG) Finding source file corresponding to a gcov data file
  gcov_fname   /home/afmondra/zephyr-course/app/modules/ring_buf/configs.c##a75e03ea69cf40220ec52e4a9957de05.gcov
  current_dir  /home/afmondra/zephyr-course/app/modules/ring_buf
  root         /home/afmondra/zephyr-course/app/modules/ring_buf
  starting_dir /home/afmondra/zephyr-course
  obj_dir      None
  gcda_fname   ../../../twister-out/native_sim_native/host/homework.unit.ring_buf/zephyr/CMakeFiles/zephyr.dir/misc/generated/configs.c.gcda
  --> fname    /home/afmondra/zephyr-course/twister-out/native_sim_native/host/homework.unit.ring_buf/zephyr/misc/generated/configs.c
(DEBUG) Check if /home/afmondra/zephyr-course/twister-out/native_sim_native/host/homework.unit.ring_buf/zephyr/misc/generated/configs.c is included...
(DEBUG)   No filter matched.
(DEBUG) Processing file: /home/afmondra/zephyr-course/twister-out/native_sim_native/host/homework.unit.ring_buf/zephyr/CMakeFiles/zephyr.dir/subsys/logging/backends/log_backend_native_posix.c.gcda
(DEBUG) Running gcov: 'gcov /home/afmondra/zephyr-course/twister-out/native_sim_native/host/homework.unit.ring_buf/zephyr/CMakeFiles/zephyr.dir/subsys/logging/backends/log_backend_native_posix.c.gcda --branch-counts --branch-probabilities --all-blocks --demangled-names --hash-filenames --object-directory ../../../twister-out/native_sim_native/host/homework.unit.ring_buf/zephyr/CMakeFiles/zephyr.dir/subsys/logging/backends' in '/home/afmondra/zephyr-course/app/modules/ring_buf'
(DEBUG) GCOV return code was 0, stdout was:
File '/home/afmondra/deps/zephyr/subsys/logging/backends/log_backend_native_posix.c'
Lines executed:78.12% of 32
Branches executed:100.00% of 10
Taken at least once:90.00% of 10
Calls executed:85.71% of 7
Creating 'log_backend_native_posix.c##b1723dbd17957c5598d1829ae41d10cf.gcov'

File '/home/afmondra/deps/zephyr/include/zephyr/logging/log_backend_std.h'
Lines executed:100.00% of 5
No branches
No calls
Creating 'log_backend_std.h##5fc1f880c8a0358df04a05a2479a45ab.gcov'

File '/home/afmondra/deps/zephyr/include/zephyr/logging/log_output.h'
Lines executed:72.73% of 11
Branches executed:100.00% of 2
Taken at least once:50.00% of 2
Calls executed:50.00% of 2
Creating 'log_output.h##ac8df7d944a44602a20edd5e942e0b5d.gcov'

Lines executed:79.17% of 48
<<, stderr was:
<<
(DEBUG) Check if log_backend_native_posix.c##b1723dbd17957c5598d1829ae41d10cf.gcov is included...
(DEBUG) Check if log_backend_std.h##5fc1f880c8a0358df04a05a2479a45ab.gcov is included...
(DEBUG) Check if log_output.h##ac8df7d944a44602a20edd5e942e0b5d.gcov is included...
(DEBUG) Finding source file corresponding to a gcov data file
  gcov_fname   /home/afmondra/zephyr-course/app/modules/ring_buf/log_output.h##ac8df7d944a44602a20edd5e942e0b5d.gcov
  current_dir  /home/afmondra/zephyr-course/app/modules/ring_buf
  root         /home/afmondra/zephyr-course/app/modules/ring_buf
  starting_dir /home/afmondra/zephyr-course
  obj_dir      None
  gcda_fname   ../../../twister-out/native_sim_native/host/homework.unit.ring_buf/zephyr/CMakeFiles/zephyr.dir/subsys/logging/backends/log_backend_native_posix.c.gcda
  --> fname    /home/afmondra/deps/zephyr/include/zephyr/logging/log_output.h
(DEBUG) Check if /home/afmondra/deps/zephyr/include/zephyr/logging/log_output.h is included...
(DEBUG)   No filter matched.
(DEBUG) Finding source file corresponding to a gcov data file
  gcov_fname   /home/afmondra/zephyr-course/app/modules/ring_buf/log_backend_native_posix.c##b1723dbd17957c5598d1829ae41d10cf.gcov
  current_dir  /home/afmondra/zephyr-course/app/modules/ring_buf
  root         /home/afmondra/zephyr-course/app/modules/ring_buf
  starting_dir /home/afmondra/zephyr-course
  obj_dir      None
  gcda_fname   ../../../twister-out/native_sim_native/host/homework.unit.ring_buf/zephyr/CMakeFiles/zephyr.dir/subsys/logging/backends/log_backend_native_posix.c.gcda
  --> fname    /home/afmondra/deps/zephyr/subsys/logging/backends/log_backend_native_posix.c
(DEBUG) Check if /home/afmondra/deps/zephyr/subsys/logging/backends/log_backend_native_posix.c is included...
(DEBUG)   No filter matched.
(DEBUG) Finding source file corresponding to a gcov data file
  gcov_fname   /home/afmondra/zephyr-course/app/modules/ring_buf/log_backend_std.h##5fc1f880c8a0358df04a05a2479a45ab.gcov
  current_dir  /home/afmondra/zephyr-course/app/modules/ring_buf
  root         /home/afmondra/zephyr-course/app/modules/ring_buf
  starting_dir /home/afmondra/zephyr-course
  obj_dir      None
  gcda_fname   ../../../twister-out/native_sim_native/host/homework.unit.ring_buf/zephyr/CMakeFiles/zephyr.dir/subsys/logging/backends/log_backend_native_posix.c.gcda
  --> fname    /home/afmondra/deps/zephyr/include/zephyr/logging/log_backend_std.h
(DEBUG) Check if /home/afmondra/deps/zephyr/include/zephyr/logging/log_backend_std.h is included...
(DEBUG)   No filter matched.
(DEBUG) Processing file: /home/afmondra/zephyr-course/twister-out/native_sim_native/host/homework.unit.ring_buf/zephyr/CMakeFiles/zephyr.dir/subsys/logging/log_cache.c.gcda
(DEBUG) Running gcov: 'gcov /home/afmondra/zephyr-course/twister-out/native_sim_native/host/homework.unit.ring_buf/zephyr/CMakeFiles/zephyr.dir/subsys/logging/log_cache.c.gcda --branch-counts --branch-probabilities --all-blocks --demangled-names --hash-filenames --object-directory ../../../twister-out/native_sim_native/host/homework.unit.ring_buf/zephyr/CMakeFiles/zephyr.dir/subsys/logging' in '/home/afmondra/zephyr-course/app/modules/ring_buf'
(DEBUG) GCOV return code was 0, stdout was:
File '/home/afmondra/deps/zephyr/subsys/logging/log_cache.c'
Lines executed:0.00% of 46
Branches executed:0.00% of 20
Taken at least once:0.00% of 20
Calls executed:0.00% of 15
Creating 'log_cache.c##e9a5b358968b40cf4ab6a2a0ac381c03.gcov'

File '/home/afmondra/deps/zephyr/include/zephyr/sys/slist.h'
Lines executed:0.00% of 27
Branches executed:0.00% of 16
Taken at least once:0.00% of 16
Calls executed:0.00% of 34
Creating 'slist.h##51ca74fb21b66782a830f7008bf83ae6.gcov'

Lines executed:0.00% of 73
<<, stderr was:
<<
(DEBUG) Check if log_cache.c##e9a5b358968b40cf4ab6a2a0ac381c03.gcov is included...
(DEBUG) Check if slist.h##51ca74fb21b66782a830f7008bf83ae6.gcov is included...
(DEBUG) Finding source file corresponding to a gcov data file
  gcov_fname   /home/afmondra/zephyr-course/app/modules/ring_buf/log_cache.c##e9a5b358968b40cf4ab6a2a0ac381c03.gcov
  current_dir  /home/afmondra/zephyr-course/app/modules/ring_buf
  root         /home/afmondra/zephyr-course/app/modules/ring_buf
  starting_dir /home/afmondra/zephyr-course
  obj_dir      None
  gcda_fname   ../../../twister-out/native_sim_native/host/homework.unit.ring_buf/zephyr/CMakeFiles/zephyr.dir/subsys/logging/log_cache.c.gcda
  --> fname    /home/afmondra/deps/zephyr/subsys/logging/log_cache.c
(DEBUG) Check if /home/afmondra/deps/zephyr/subsys/logging/log_cache.c is included...
(DEBUG)   No filter matched.
(DEBUG) Finding source file corresponding to a gcov data file
  gcov_fname   /home/afmondra/zephyr-course/app/modules/ring_buf/slist.h##51ca74fb21b66782a830f7008bf83ae6.gcov
  current_dir  /home/afmondra/zephyr-course/app/modules/ring_buf
  root         /home/afmondra/zephyr-course/app/modules/ring_buf
  starting_dir /home/afmondra/zephyr-course
  obj_dir      None
  gcda_fname   ../../../twister-out/native_sim_native/host/homework.unit.ring_buf/zephyr/CMakeFiles/zephyr.dir/subsys/logging/log_cache.c.gcda
  --> fname    /home/afmondra/deps/zephyr/include/zephyr/sys/slist.h
(DEBUG) Check if /home/afmondra/deps/zephyr/include/zephyr/sys/slist.h is included...
(DEBUG)   No filter matched.
(DEBUG) Processing file: /home/afmondra/zephyr-course/twister-out/native_sim_native/host/homework.unit.ring_buf/zephyr/CMakeFiles/zephyr.dir/subsys/logging/log_core.c.gcda
(DEBUG) Running gcov: 'gcov /home/afmondra/zephyr-course/twister-out/native_sim_native/host/homework.unit.ring_buf/zephyr/CMakeFiles/zephyr.dir/subsys/logging/log_core.c.gcda --branch-counts --branch-probabilities --all-blocks --demangled-names --hash-filenames --object-directory ../../../twister-out/native_sim_native/host/homework.unit.ring_buf/zephyr/CMakeFiles/zephyr.dir/subsys/logging' in '/home/afmondra/zephyr-course/app/modules/ring_buf'
(DEBUG) GCOV return code was 0, stdout was:
File '/home/afmondra/deps/zephyr/subsys/logging/log_core.c'
Lines executed:29.05% of 241
Branches executed:33.93% of 112
Taken at least once:21.43% of 112
Calls executed:17.74% of 124
Creating 'log_core.c##567d33d06bb5b091af6b074936da912d.gcov'

File '/home/afmondra/zephyr-course/twister-out/native_sim_native/host/homework.unit.ring_buf/zephyr/include/generated/zephyr/syscalls/log_ctrl.h'
Lines executed:0.00% of 3
No branches
Calls executed:0.00% of 2
Creating 'log_ctrl.h##8befabee49c2404b5c100c5517bc0db3.gcov'

File '/home/afmondra/deps/zephyr/include/zephyr/logging/log_backend.h'
Lines executed:58.49% of 53
Branches executed:52.94% of 34
Taken at least once:26.47% of 34
Calls executed:4.44% of 45
Creating 'log_backend.h##fbf4fab3999fe84dd63c0ed5d25c7ec5.gcov'

File '/home/afmondra/zephyr-course/twister-out/native_sim_native/host/homework.unit.ring_buf/zephyr/include/generated/zephyr/syscalls/kernel.h'
Lines executed:0.00% of 20
No branches
Calls executed:0.00% of 12
Creating 'kernel.h##13f2e6a4c33f57e7946f4cdd024701bf.gcov'

File '/home/afmondra/deps/zephyr/include/zephyr/kernel.h'
Lines executed:20.00% of 10
No branches
Calls executed:25.00% of 4
Creating 'kernel.h##6b0baf6c49afefbfab07edb7166fdce2.gcov'

File '/home/afmondra/deps/zephyr/include/zephyr/spinlock.h'
Lines executed:0.00% of 15
Branches executed:0.00% of 4
Taken at least once:0.00% of 4
Calls executed:0.00% of 17
Creating 'spinlock.h##0907215eaec88fd477ba521e3409787d.gcov'

File '/home/afmondra/deps/zephyr/include/zephyr/logging/log_msg.h'
Lines executed:22.22% of 9
No branches
Calls executed:0.00% of 1
Creating 'log_msg.h##79b8d5e6c50f02645efdf4e980ac5492.gcov'

File '/home/afmondra/deps/zephyr/include/zephyr/arch/posix/arch.h'
Lines executed:28.57% of 7
No branches
Calls executed:33.33% of 3
Creating 'arch.h##eee3095deeb51a158c6bb5ded542fa59.gcov'

File '/home/afmondra/deps/zephyr/include/zephyr/sys/atomic_builtin.h'
Lines executed:40.00% of 10
No branches
Calls executed:50.00% of 2
Creating 'atomic_builtin.h##5a1afcde079e82d74743a534723e9a69.gcov'

Lines executed:30.16% of 368
<<, stderr was:
<<
(DEBUG) Check if log_core.c##567d33d06bb5b091af6b074936da912d.gcov is included...
(DEBUG) Check if log_ctrl.h##8befabee49c2404b5c100c5517bc0db3.gcov is included...
(DEBUG) Check if log_backend.h##fbf4fab3999fe84dd63c0ed5d25c7ec5.gcov is included...
(DEBUG) Check if kernel.h##13f2e6a4c33f57e7946f4cdd024701bf.gcov is included...
(DEBUG) Check if kernel.h##6b0baf6c49afefbfab07edb7166fdce2.gcov is included...
(DEBUG) Check if spinlock.h##0907215eaec88fd477ba521e3409787d.gcov is included...
(DEBUG) Check if log_msg.h##79b8d5e6c50f02645efdf4e980ac5492.gcov is included...
(DEBUG) Check if arch.h##eee3095deeb51a158c6bb5ded542fa59.gcov is included...
(DEBUG) Check if atomic_builtin.h##5a1afcde079e82d74743a534723e9a69.gcov is included...
(DEBUG) Finding source file corresponding to a gcov data file
  gcov_fname   /home/afmondra/zephyr-course/app/modules/ring_buf/atomic_builtin.h##5a1afcde079e82d74743a534723e9a69.gcov
  current_dir  /home/afmondra/zephyr-course/app/modules/ring_buf
  root         /home/afmondra/zephyr-course/app/modules/ring_buf
  starting_dir /home/afmondra/zephyr-course
  obj_dir      None
  gcda_fname   ../../../twister-out/native_sim_native/host/homework.unit.ring_buf/zephyr/CMakeFiles/zephyr.dir/subsys/logging/log_core.c.gcda
  --> fname    /home/afmondra/deps/zephyr/include/zephyr/sys/atomic_builtin.h
(DEBUG) Check if /home/afmondra/deps/zephyr/include/zephyr/sys/atomic_builtin.h is included...
(DEBUG)   No filter matched.
(DEBUG) Finding source file corresponding to a gcov data file
  gcov_fname   /home/afmondra/zephyr-course/app/modules/ring_buf/arch.h##eee3095deeb51a158c6bb5ded542fa59.gcov
  current_dir  /home/afmondra/zephyr-course/app/modules/ring_buf
  root         /home/afmondra/zephyr-course/app/modules/ring_buf
  starting_dir /home/afmondra/zephyr-course
  obj_dir      None
  gcda_fname   ../../../twister-out/native_sim_native/host/homework.unit.ring_buf/zephyr/CMakeFiles/zephyr.dir/subsys/logging/log_core.c.gcda
  --> fname    /home/afmondra/deps/zephyr/include/zephyr/arch/posix/arch.h
(DEBUG) Check if /home/afmondra/deps/zephyr/include/zephyr/arch/posix/arch.h is included...
(DEBUG)   No filter matched.
(DEBUG) Finding source file corresponding to a gcov data file
  gcov_fname   /home/afmondra/zephyr-course/app/modules/ring_buf/kernel.h##13f2e6a4c33f57e7946f4cdd024701bf.gcov
  current_dir  /home/afmondra/zephyr-course/app/modules/ring_buf
  root         /home/afmondra/zephyr-course/app/modules/ring_buf
  starting_dir /home/afmondra/zephyr-course
  obj_dir      None
  gcda_fname   ../../../twister-out/native_sim_native/host/homework.unit.ring_buf/zephyr/CMakeFiles/zephyr.dir/subsys/logging/log_core.c.gcda
  --> fname    /home/afmondra/zephyr-course/twister-out/native_sim_native/host/homework.unit.ring_buf/zephyr/include/generated/zephyr/syscalls/kernel.h
(DEBUG) Check if /home/afmondra/zephyr-course/twister-out/native_sim_native/host/homework.unit.ring_buf/zephyr/include/generated/zephyr/syscalls/kernel.h is included...
(DEBUG)   No filter matched.
(DEBUG) Finding source file corresponding to a gcov data file
  gcov_fname   /home/afmondra/zephyr-course/app/modules/ring_buf/spinlock.h##0907215eaec88fd477ba521e3409787d.gcov
  current_dir  /home/afmondra/zephyr-course/app/modules/ring_buf
  root         /home/afmondra/zephyr-course/app/modules/ring_buf
  starting_dir /home/afmondra/zephyr-course
  obj_dir      None
  gcda_fname   ../../../twister-out/native_sim_native/host/homework.unit.ring_buf/zephyr/CMakeFiles/zephyr.dir/subsys/logging/log_core.c.gcda
  --> fname    /home/afmondra/deps/zephyr/include/zephyr/spinlock.h
(DEBUG) Check if /home/afmondra/deps/zephyr/include/zephyr/spinlock.h is included...
(DEBUG)   No filter matched.
(DEBUG) Finding source file corresponding to a gcov data file
  gcov_fname   /home/afmondra/zephyr-course/app/modules/ring_buf/log_backend.h##fbf4fab3999fe84dd63c0ed5d25c7ec5.gcov
  current_dir  /home/afmondra/zephyr-course/app/modules/ring_buf
  root         /home/afmondra/zephyr-course/app/modules/ring_buf
  starting_dir /home/afmondra/zephyr-course
  obj_dir      None
  gcda_fname   ../../../twister-out/native_sim_native/host/homework.unit.ring_buf/zephyr/CMakeFiles/zephyr.dir/subsys/logging/log_core.c.gcda
  --> fname    /home/afmondra/deps/zephyr/include/zephyr/logging/log_backend.h
(DEBUG) Check if /home/afmondra/deps/zephyr/include/zephyr/logging/log_backend.h is included...
(DEBUG)   No filter matched.
(DEBUG) Finding source file corresponding to a gcov data file
  gcov_fname   /home/afmondra/zephyr-course/app/modules/ring_buf/kernel.h##6b0baf6c49afefbfab07edb7166fdce2.gcov
  current_dir  /home/afmondra/zephyr-course/app/modules/ring_buf
  root         /home/afmondra/zephyr-course/app/modules/ring_buf
  starting_dir /home/afmondra/zephyr-course
  obj_dir      None
  gcda_fname   ../../../twister-out/native_sim_native/host/homework.unit.ring_buf/zephyr/CMakeFiles/zephyr.dir/subsys/logging/log_core.c.gcda
  --> fname    /home/afmondra/deps/zephyr/include/zephyr/kernel.h
(DEBUG) Check if /home/afmondra/deps/zephyr/include/zephyr/kernel.h is included...
(DEBUG)   No filter matched.
(DEBUG) Finding source file corresponding to a gcov data file
  gcov_fname   /home/afmondra/zephyr-course/app/modules/ring_buf/log_ctrl.h##8befabee49c2404b5c100c5517bc0db3.gcov
  current_dir  /home/afmondra/zephyr-course/app/modules/ring_buf
  root         /home/afmondra/zephyr-course/app/modules/ring_buf
  starting_dir /home/afmondra/zephyr-course
  obj_dir      None
  gcda_fname   ../../../twister-out/native_sim_native/host/homework.unit.ring_buf/zephyr/CMakeFiles/zephyr.dir/subsys/logging/log_core.c.gcda
  --> fname    /home/afmondra/zephyr-course/twister-out/native_sim_native/host/homework.unit.ring_buf/zephyr/include/generated/zephyr/syscalls/log_ctrl.h
(DEBUG) Check if /home/afmondra/zephyr-course/twister-out/native_sim_native/host/homework.unit.ring_buf/zephyr/include/generated/zephyr/syscalls/log_ctrl.h is included...
(DEBUG)   No filter matched.
(DEBUG) Finding source file corresponding to a gcov data file
  gcov_fname   /home/afmondra/zephyr-course/app/modules/ring_buf/log_core.c##567d33d06bb5b091af6b074936da912d.gcov
  current_dir  /home/afmondra/zephyr-course/app/modules/ring_buf
  root         /home/afmondra/zephyr-course/app/modules/ring_buf
  starting_dir /home/afmondra/zephyr-course
  obj_dir      None
  gcda_fname   ../../../twister-out/native_sim_native/host/homework.unit.ring_buf/zephyr/CMakeFiles/zephyr.dir/subsys/logging/log_core.c.gcda
  --> fname    /home/afmondra/deps/zephyr/subsys/logging/log_core.c
(DEBUG) Check if /home/afmondra/deps/zephyr/subsys/logging/log_core.c is included...
(DEBUG)   No filter matched.
(DEBUG) Finding source file corresponding to a gcov data file
  gcov_fname   /home/afmondra/zephyr-course/app/modules/ring_buf/log_msg.h##79b8d5e6c50f02645efdf4e980ac5492.gcov
  current_dir  /home/afmondra/zephyr-course/app/modules/ring_buf
  root         /home/afmondra/zephyr-course/app/modules/ring_buf
  starting_dir /home/afmondra/zephyr-course
  obj_dir      None
  gcda_fname   ../../../twister-out/native_sim_native/host/homework.unit.ring_buf/zephyr/CMakeFiles/zephyr.dir/subsys/logging/log_core.c.gcda
  --> fname    /home/afmondra/deps/zephyr/include/zephyr/logging/log_msg.h
(DEBUG) Check if /home/afmondra/deps/zephyr/include/zephyr/logging/log_msg.h is included...
(DEBUG)   No filter matched.
(DEBUG) Processing file: /home/afmondra/zephyr-course/twister-out/native_sim_native/host/homework.unit.ring_buf/zephyr/CMakeFiles/zephyr.dir/subsys/logging/log_mgmt.c.gcda
(DEBUG) Running gcov: 'gcov /home/afmondra/zephyr-course/twister-out/native_sim_native/host/homework.unit.ring_buf/zephyr/CMakeFiles/zephyr.dir/subsys/logging/log_mgmt.c.gcda --branch-counts --branch-probabilities --all-blocks --demangled-names --hash-filenames --object-directory ../../../twister-out/native_sim_native/host/homework.unit.ring_buf/zephyr/CMakeFiles/zephyr.dir/subsys/logging' in '/home/afmondra/zephyr-course/app/modules/ring_buf'
(DEBUG) GCOV return code was 0, stdout was:
File '/home/afmondra/deps/zephyr/subsys/logging/log_mgmt.c'
Lines executed:8.62% of 174
Branches executed:6.12% of 98
Taken at least once:3.06% of 98
Calls executed:5.69% of 123
Creating 'log_mgmt.c##0b8765d4cbb4b1ef5770228cc5a135b8.gcov'

File '/home/afmondra/deps/zephyr/include/zephyr/logging/log_link.h'
Lines executed:0.00% of 25
Branches executed:0.00% of 20
Taken at least once:0.00% of 20
Calls executed:0.00% of 41
Creating 'log_link.h##9f17e84d57b8a6dde4a9dbb5bb8b5066.gcov'

File '/home/afmondra/zephyr-course/twister-out/native_sim_native/host/homework.unit.ring_buf/zephyr/include/generated/zephyr/syscalls/log_ctrl.h'
Lines executed:0.00% of 3
No branches
Calls executed:0.00% of 2
Creating 'log_ctrl.h##8befabee49c2404b5c100c5517bc0db3.gcov'

File '/home/afmondra/deps/zephyr/include/zephyr/logging/log_backend.h'
Lines executed:33.33% of 15
Branches executed:25.00% of 8
Taken at least once:12.50% of 8
Calls executed:0.00% of 16
Creating 'log_backend.h##fbf4fab3999fe84dd63c0ed5d25c7ec5.gcov'

File '/home/afmondra/deps/zephyr/include/zephyr/logging/log_internal.h'
Lines executed:66.67% of 6
No branches
Calls executed:100.00% of 1
Creating 'log_internal.h##4dc47fcad645e625ac51a5b3ba0538f8.gcov'

File '/home/afmondra/deps/zephyr/include/zephyr/logging/log_core.h'
Lines executed:100.00% of 2
No branches
No calls
Creating 'log_core.h##eafcd9b0f17405e72ae89238c087d516.gcov'

Lines executed:11.56% of 225
<<, stderr was:
<<
(DEBUG) Check if log_mgmt.c##0b8765d4cbb4b1ef5770228cc5a135b8.gcov is included...
(DEBUG) Check if log_link.h##9f17e84d57b8a6dde4a9dbb5bb8b5066.gcov is included...
(DEBUG) Check if log_ctrl.h##8befabee49c2404b5c100c5517bc0db3.gcov is included...
(DEBUG) Check if log_backend.h##fbf4fab3999fe84dd63c0ed5d25c7ec5.gcov is included...
(DEBUG) Check if log_internal.h##4dc47fcad645e625ac51a5b3ba0538f8.gcov is included...
(DEBUG) Check if log_core.h##eafcd9b0f17405e72ae89238c087d516.gcov is included...
(DEBUG) Finding source file corresponding to a gcov data file
  gcov_fname   /home/afmondra/zephyr-course/app/modules/ring_buf/log_link.h##9f17e84d57b8a6dde4a9dbb5bb8b5066.gcov
  current_dir  /home/afmondra/zephyr-course/app/modules/ring_buf
  root         /home/afmondra/zephyr-course/app/modules/ring_buf
  starting_dir /home/afmondra/zephyr-course
  obj_dir      None
  gcda_fname   ../../../twister-out/native_sim_native/host/homework.unit.ring_buf/zephyr/CMakeFiles/zephyr.dir/subsys/logging/log_mgmt.c.gcda
  --> fname    /home/afmondra/deps/zephyr/include/zephyr/logging/log_link.h
(DEBUG) Check if /home/afmondra/deps/zephyr/include/zephyr/logging/log_link.h is included...
(DEBUG)   No filter matched.
(DEBUG) Finding source file corresponding to a gcov data file
  gcov_fname   /home/afmondra/zephyr-course/app/modules/ring_buf/log_mgmt.c##0b8765d4cbb4b1ef5770228cc5a135b8.gcov
  current_dir  /home/afmondra/zephyr-course/app/modules/ring_buf
  root         /home/afmondra/zephyr-course/app/modules/ring_buf
  starting_dir /home/afmondra/zephyr-course
  obj_dir      None
  gcda_fname   ../../../twister-out/native_sim_native/host/homework.unit.ring_buf/zephyr/CMakeFiles/zephyr.dir/subsys/logging/log_mgmt.c.gcda
  --> fname    /home/afmondra/deps/zephyr/subsys/logging/log_mgmt.c
(DEBUG) Check if /home/afmondra/deps/zephyr/subsys/logging/log_mgmt.c is included...
(DEBUG)   No filter matched.
(DEBUG) Finding source file corresponding to a gcov data file
  gcov_fname   /home/afmondra/zephyr-course/app/modules/ring_buf/log_backend.h##fbf4fab3999fe84dd63c0ed5d25c7ec5.gcov
  current_dir  /home/afmondra/zephyr-course/app/modules/ring_buf
  root         /home/afmondra/zephyr-course/app/modules/ring_buf
  starting_dir /home/afmondra/zephyr-course
  obj_dir      None
  gcda_fname   ../../../twister-out/native_sim_native/host/homework.unit.ring_buf/zephyr/CMakeFiles/zephyr.dir/subsys/logging/log_mgmt.c.gcda
  --> fname    /home/afmondra/deps/zephyr/include/zephyr/logging/log_backend.h
(DEBUG) Check if /home/afmondra/deps/zephyr/include/zephyr/logging/log_backend.h is included...
(DEBUG)   No filter matched.
(DEBUG) Finding source file corresponding to a gcov data file
  gcov_fname   /home/afmondra/zephyr-course/app/modules/ring_buf/log_internal.h##4dc47fcad645e625ac51a5b3ba0538f8.gcov
  current_dir  /home/afmondra/zephyr-course/app/modules/ring_buf
  root         /home/afmondra/zephyr-course/app/modules/ring_buf
  starting_dir /home/afmondra/zephyr-course
  obj_dir      None
  gcda_fname   ../../../twister-out/native_sim_native/host/homework.unit.ring_buf/zephyr/CMakeFiles/zephyr.dir/subsys/logging/log_mgmt.c.gcda
  --> fname    /home/afmondra/deps/zephyr/include/zephyr/logging/log_internal.h
(DEBUG) Check if /home/afmondra/deps/zephyr/include/zephyr/logging/log_internal.h is included...
(DEBUG)   No filter matched.
(DEBUG) Finding source file corresponding to a gcov data file
  gcov_fname   /home/afmondra/zephyr-course/app/modules/ring_buf/log_ctrl.h##8befabee49c2404b5c100c5517bc0db3.gcov
  current_dir  /home/afmondra/zephyr-course/app/modules/ring_buf
  root         /home/afmondra/zephyr-course/app/modules/ring_buf
  starting_dir /home/afmondra/zephyr-course
  obj_dir      None
  gcda_fname   ../../../twister-out/native_sim_native/host/homework.unit.ring_buf/zephyr/CMakeFiles/zephyr.dir/subsys/logging/log_mgmt.c.gcda
  --> fname    /home/afmondra/zephyr-course/twister-out/native_sim_native/host/homework.unit.ring_buf/zephyr/include/generated/zephyr/syscalls/log_ctrl.h
(DEBUG) Check if /home/afmondra/zephyr-course/twister-out/native_sim_native/host/homework.unit.ring_buf/zephyr/include/generated/zephyr/syscalls/log_ctrl.h is included...
(DEBUG)   No filter matched.
(DEBUG) Finding source file corresponding to a gcov data file
  gcov_fname   /home/afmondra/zephyr-course/app/modules/ring_buf/log_core.h##eafcd9b0f17405e72ae89238c087d516.gcov
  current_dir  /home/afmondra/zephyr-course/app/modules/ring_buf
  root         /home/afmondra/zephyr-course/app/modules/ring_buf
  starting_dir /home/afmondra/zephyr-course
  obj_dir      None
  gcda_fname   ../../../twister-out/native_sim_native/host/homework.unit.ring_buf/zephyr/CMakeFiles/zephyr.dir/subsys/logging/log_mgmt.c.gcda
  --> fname    /home/afmondra/deps/zephyr/include/zephyr/logging/log_core.h
(DEBUG) Check if /home/afmondra/deps/zephyr/include/zephyr/logging/log_core.h is included...
(DEBUG)   No filter matched.
(DEBUG) Processing file: /home/afmondra/zephyr-course/twister-out/native_sim_native/host/homework.unit.ring_buf/zephyr/CMakeFiles/zephyr.dir/subsys/logging/log_msg.c.gcda
(DEBUG) Running gcov: 'gcov /home/afmondra/zephyr-course/twister-out/native_sim_native/host/homework.unit.ring_buf/zephyr/CMakeFiles/zephyr.dir/subsys/logging/log_msg.c.gcda --branch-counts --branch-probabilities --all-blocks --demangled-names --hash-filenames --object-directory ../../../twister-out/native_sim_native/host/homework.unit.ring_buf/zephyr/CMakeFiles/zephyr.dir/subsys/logging' in '/home/afmondra/zephyr-course/app/modules/ring_buf'
(DEBUG) GCOV return code was 0, stdout was:
File '/home/afmondra/deps/zephyr/subsys/logging/log_msg.c'
Lines executed:34.62% of 78
Branches executed:50.00% of 40
Taken at least once:27.50% of 40
Calls executed:22.22% of 36
Creating 'log_msg.c##e369016869e95819e6846077e2c11c76.gcov'

File '/home/afmondra/deps/zephyr/include/zephyr/logging/log_internal.h'
Lines executed:100.00% of 2
No branches
No calls
Creating 'log_internal.h##4dc47fcad645e625ac51a5b3ba0538f8.gcov'

File '/home/afmondra/deps/zephyr/include/zephyr/logging/log_core.h'
Lines executed:100.00% of 4
No branches
Calls executed:100.00% of 1
Creating 'log_core.h##eafcd9b0f17405e72ae89238c087d516.gcov'

File '/home/afmondra/deps/zephyr/include/zephyr/logging/log_msg.h'
Lines executed:36.36% of 11
No branches
Calls executed:0.00% of 1
Creating 'log_msg.h##79b8d5e6c50f02645efdf4e980ac5492.gcov'

File '/home/afmondra/deps/zephyr/include/zephyr/sys/cbprintf.h'
Lines executed:0.00% of 12
Branches executed:0.00% of 6
Taken at least once:0.00% of 6
Calls executed:0.00% of 1
Creating 'cbprintf.h##6402aeb47d2652c3cb4e31c4b006bbe5.gcov'

Lines executed:34.58% of 107
<<, stderr was:
<<
(DEBUG) Check if log_msg.c##e369016869e95819e6846077e2c11c76.gcov is included...
(DEBUG) Check if log_internal.h##4dc47fcad645e625ac51a5b3ba0538f8.gcov is included...
(DEBUG) Check if log_core.h##eafcd9b0f17405e72ae89238c087d516.gcov is included...
(DEBUG) Check if log_msg.h##79b8d5e6c50f02645efdf4e980ac5492.gcov is included...
(DEBUG) Check if cbprintf.h##6402aeb47d2652c3cb4e31c4b006bbe5.gcov is included...
(DEBUG) Finding source file corresponding to a gcov data file
  gcov_fname   /home/afmondra/zephyr-course/app/modules/ring_buf/log_msg.c##e369016869e95819e6846077e2c11c76.gcov
  current_dir  /home/afmondra/zephyr-course/app/modules/ring_buf
  root         /home/afmondra/zephyr-course/app/modules/ring_buf
  starting_dir /home/afmondra/zephyr-course
  obj_dir      None
  gcda_fname   ../../../twister-out/native_sim_native/host/homework.unit.ring_buf/zephyr/CMakeFiles/zephyr.dir/subsys/logging/log_msg.c.gcda
  --> fname    /home/afmondra/deps/zephyr/subsys/logging/log_msg.c
(DEBUG) Check if /home/afmondra/deps/zephyr/subsys/logging/log_msg.c is included...
(DEBUG)   No filter matched.
(DEBUG) Finding source file corresponding to a gcov data file
  gcov_fname   /home/afmondra/zephyr-course/app/modules/ring_buf/log_internal.h##4dc47fcad645e625ac51a5b3ba0538f8.gcov
  current_dir  /home/afmondra/zephyr-course/app/modules/ring_buf
  root         /home/afmondra/zephyr-course/app/modules/ring_buf
  starting_dir /home/afmondra/zephyr-course
  obj_dir      None
  gcda_fname   ../../../twister-out/native_sim_native/host/homework.unit.ring_buf/zephyr/CMakeFiles/zephyr.dir/subsys/logging/log_msg.c.gcda
  --> fname    /home/afmondra/deps/zephyr/include/zephyr/logging/log_internal.h
(DEBUG) Check if /home/afmondra/deps/zephyr/include/zephyr/logging/log_internal.h is included...
(DEBUG)   No filter matched.
(DEBUG) Finding source file corresponding to a gcov data file
  gcov_fname   /home/afmondra/zephyr-course/app/modules/ring_buf/cbprintf.h##6402aeb47d2652c3cb4e31c4b006bbe5.gcov
  current_dir  /home/afmondra/zephyr-course/app/modules/ring_buf
  root         /home/afmondra/zephyr-course/app/modules/ring_buf
  starting_dir /home/afmondra/zephyr-course
  obj_dir      None
  gcda_fname   ../../../twister-out/native_sim_native/host/homework.unit.ring_buf/zephyr/CMakeFiles/zephyr.dir/subsys/logging/log_msg.c.gcda
  --> fname    /home/afmondra/deps/zephyr/include/zephyr/sys/cbprintf.h
(DEBUG) Check if /home/afmondra/deps/zephyr/include/zephyr/sys/cbprintf.h is included...
(DEBUG)   No filter matched.
(DEBUG) Finding source file corresponding to a gcov data file
  gcov_fname   /home/afmondra/zephyr-course/app/modules/ring_buf/log_msg.h##79b8d5e6c50f02645efdf4e980ac5492.gcov
  current_dir  /home/afmondra/zephyr-course/app/modules/ring_buf
  root         /home/afmondra/zephyr-course/app/modules/ring_buf
  starting_dir /home/afmondra/zephyr-course
  obj_dir      None
  gcda_fname   ../../../twister-out/native_sim_native/host/homework.unit.ring_buf/zephyr/CMakeFiles/zephyr.dir/subsys/logging/log_msg.c.gcda
  --> fname    /home/afmondra/deps/zephyr/include/zephyr/logging/log_msg.h
(DEBUG) Check if /home/afmondra/deps/zephyr/include/zephyr/logging/log_msg.h is included...
(DEBUG)   No filter matched.
(DEBUG) Finding source file corresponding to a gcov data file
  gcov_fname   /home/afmondra/zephyr-course/app/modules/ring_buf/log_core.h##eafcd9b0f17405e72ae89238c087d516.gcov
  current_dir  /home/afmondra/zephyr-course/app/modules/ring_buf
  root         /home/afmondra/zephyr-course/app/modules/ring_buf
  starting_dir /home/afmondra/zephyr-course
  obj_dir      None
  gcda_fname   ../../../twister-out/native_sim_native/host/homework.unit.ring_buf/zephyr/CMakeFiles/zephyr.dir/subsys/logging/log_msg.c.gcda
  --> fname    /home/afmondra/deps/zephyr/include/zephyr/logging/log_core.h
(DEBUG) Check if /home/afmondra/deps/zephyr/include/zephyr/logging/log_core.h is included...
(DEBUG)   No filter matched.
(DEBUG) Processing file: /home/afmondra/zephyr-course/twister-out/native_sim_native/host/homework.unit.ring_buf/zephyr/CMakeFiles/zephyr.dir/subsys/logging/log_output.c.gcda
(DEBUG) Running gcov: 'gcov /home/afmondra/zephyr-course/twister-out/native_sim_native/host/homework.unit.ring_buf/zephyr/CMakeFiles/zephyr.dir/subsys/logging/log_output.c.gcda --branch-counts --branch-probabilities --all-blocks --demangled-names --hash-filenames --object-directory ../../../twister-out/native_sim_native/host/homework.unit.ring_buf/zephyr/CMakeFiles/zephyr.dir/subsys/logging' in '/home/afmondra/zephyr-course/app/modules/ring_buf'
(DEBUG) GCOV return code was 0, stdout was:
File '/home/afmondra/deps/zephyr/subsys/logging/log_output.c'
Lines executed:55.73% of 192
Branches executed:56.82% of 88
Taken at least once:34.09% of 88
Calls executed:46.88% of 64
Creating 'log_output.c##652208d83e49dfb9a74f668cb60a56ee.gcov'

File '/home/afmondra/deps/zephyr/include/zephyr/logging/log_output.h'
Lines executed:72.73% of 11
Branches executed:100.00% of 2
Taken at least once:50.00% of 2
Calls executed:50.00% of 2
Creating 'log_output.h##ac8df7d944a44602a20edd5e942e0b5d.gcov'

File '/home/afmondra/deps/zephyr/include/zephyr/logging/log_msg.h'
Lines executed:100.00% of 14
No branches
No calls
Creating 'log_msg.h##79b8d5e6c50f02645efdf4e980ac5492.gcov'

File '/home/afmondra/deps/zephyr/include/zephyr/sys/cbprintf.h'
Lines executed:100.00% of 4
No branches
Calls executed:100.00% of 2
Creating 'cbprintf.h##6402aeb47d2652c3cb4e31c4b006bbe5.gcov'

Lines executed:60.18% of 221
<<, stderr was:
<<
(DEBUG) Check if log_output.c##652208d83e49dfb9a74f668cb60a56ee.gcov is included...
(DEBUG) Check if log_output.h##ac8df7d944a44602a20edd5e942e0b5d.gcov is included...
(DEBUG) Check if log_msg.h##79b8d5e6c50f02645efdf4e980ac5492.gcov is included...
(DEBUG) Check if cbprintf.h##6402aeb47d2652c3cb4e31c4b006bbe5.gcov is included...
(DEBUG) Finding source file corresponding to a gcov data file
  gcov_fname   /home/afmondra/zephyr-course/app/modules/ring_buf/log_msg.h##79b8d5e6c50f02645efdf4e980ac5492.gcov
  current_dir  /home/afmondra/zephyr-course/app/modules/ring_buf
  root         /home/afmondra/zephyr-course/app/modules/ring_buf
  starting_dir /home/afmondra/zephyr-course
  obj_dir      None
  gcda_fname   ../../../twister-out/native_sim_native/host/homework.unit.ring_buf/zephyr/CMakeFiles/zephyr.dir/subsys/logging/log_output.c.gcda
  --> fname    /home/afmondra/deps/zephyr/include/zephyr/logging/log_msg.h
(DEBUG) Check if /home/afmondra/deps/zephyr/include/zephyr/logging/log_msg.h is included...
(DEBUG)   No filter matched.
(DEBUG) Finding source file corresponding to a gcov data file
  gcov_fname   /home/afmondra/zephyr-course/app/modules/ring_buf/cbprintf.h##6402aeb47d2652c3cb4e31c4b006bbe5.gcov
  current_dir  /home/afmondra/zephyr-course/app/modules/ring_buf
  root         /home/afmondra/zephyr-course/app/modules/ring_buf
  starting_dir /home/afmondra/zephyr-course
  obj_dir      None
  gcda_fname   ../../../twister-out/native_sim_native/host/homework.unit.ring_buf/zephyr/CMakeFiles/zephyr.dir/subsys/logging/log_output.c.gcda
  --> fname    /home/afmondra/deps/zephyr/include/zephyr/sys/cbprintf.h
(DEBUG) Check if /home/afmondra/deps/zephyr/include/zephyr/sys/cbprintf.h is included...
(DEBUG)   No filter matched.
(DEBUG) Finding source file corresponding to a gcov data file
  gcov_fname   /home/afmondra/zephyr-course/app/modules/ring_buf/log_output.h##ac8df7d944a44602a20edd5e942e0b5d.gcov
  current_dir  /home/afmondra/zephyr-course/app/modules/ring_buf
  root         /home/afmondra/zephyr-course/app/modules/ring_buf
  starting_dir /home/afmondra/zephyr-course
  obj_dir      None
  gcda_fname   ../../../twister-out/native_sim_native/host/homework.unit.ring_buf/zephyr/CMakeFiles/zephyr.dir/subsys/logging/log_output.c.gcda
  --> fname    /home/afmondra/deps/zephyr/include/zephyr/logging/log_output.h
(DEBUG) Check if /home/afmondra/deps/zephyr/include/zephyr/logging/log_output.h is included...
(DEBUG)   No filter matched.
(DEBUG) Finding source file corresponding to a gcov data file
  gcov_fname   /home/afmondra/zephyr-course/app/modules/ring_buf/log_output.c##652208d83e49dfb9a74f668cb60a56ee.gcov
  current_dir  /home/afmondra/zephyr-course/app/modules/ring_buf
  root         /home/afmondra/zephyr-course/app/modules/ring_buf
  starting_dir /home/afmondra/zephyr-course
  obj_dir      None
  gcda_fname   ../../../twister-out/native_sim_native/host/homework.unit.ring_buf/zephyr/CMakeFiles/zephyr.dir/subsys/logging/log_output.c.gcda
  --> fname    /home/afmondra/deps/zephyr/subsys/logging/log_output.c
(DEBUG) Check if /home/afmondra/deps/zephyr/subsys/logging/log_output.c is included...
(DEBUG)   No filter matched.
(DEBUG) Processing file: /home/afmondra/zephyr-course/twister-out/native_sim_native/host/homework.unit.ring_buf/zephyr/CMakeFiles/zephyr.dir/subsys/tracing/tracing_none.c.gcda
(DEBUG) Running gcov: 'gcov /home/afmondra/zephyr-course/twister-out/native_sim_native/host/homework.unit.ring_buf/zephyr/CMakeFiles/zephyr.dir/subsys/tracing/tracing_none.c.gcda --branch-counts --branch-probabilities --all-blocks --demangled-names --hash-filenames --object-directory ../../../twister-out/native_sim_native/host/homework.unit.ring_buf/zephyr/CMakeFiles/zephyr.dir/subsys/tracing' in '/home/afmondra/zephyr-course/app/modules/ring_buf'
(DEBUG) GCOV return code was 0, stdout was:
File '/home/afmondra/deps/zephyr/subsys/tracing/tracing_none.c'
Lines executed:0.00% of 7
No branches
No calls
Creating 'tracing_none.c##1d9117e3aebca912a52c4f4a103e3001.gcov'

Lines executed:0.00% of 7
<<, stderr was:
<<
(DEBUG) Check if tracing_none.c##1d9117e3aebca912a52c4f4a103e3001.gcov is included...
(DEBUG) Finding source file corresponding to a gcov data file
  gcov_fname   /home/afmondra/zephyr-course/app/modules/ring_buf/tracing_none.c##1d9117e3aebca912a52c4f4a103e3001.gcov
  current_dir  /home/afmondra/zephyr-course/app/modules/ring_buf
  root         /home/afmondra/zephyr-course/app/modules/ring_buf
  starting_dir /home/afmondra/zephyr-course
  obj_dir      None
  gcda_fname   ../../../twister-out/native_sim_native/host/homework.unit.ring_buf/zephyr/CMakeFiles/zephyr.dir/subsys/tracing/tracing_none.c.gcda
  --> fname    /home/afmondra/deps/zephyr/subsys/tracing/tracing_none.c
(DEBUG) Check if /home/afmondra/deps/zephyr/subsys/tracing/tracing_none.c is included...
(DEBUG)   No filter matched.
(DEBUG) Processing file: /home/afmondra/zephyr-course/twister-out/native_sim_native/host/homework.unit.ring_buf/zephyr/CMakeFiles/zephyr_pre0.dir/misc/empty_file.c.gcno
(DEBUG) Running gcov: 'gcov /home/afmondra/zephyr-course/twister-out/native_sim_native/host/homework.unit.ring_buf/zephyr/CMakeFiles/zephyr_pre0.dir/misc/empty_file.c.gcno --branch-counts --branch-probabilities --all-blocks --demangled-names --hash-filenames --object-directory ../../../twister-out/native_sim_native/host/homework.unit.ring_buf/zephyr/CMakeFiles/zephyr_pre0.dir/misc' in '/home/afmondra/zephyr-course/app/modules/ring_buf'
(DEBUG) GCOV return code was 0, stdout was:
No executable lines
<<, stderr was:
../../../twister-out/native_sim_native/host/homework.unit.ring_buf/zephyr/CMakeFiles/zephyr_pre0.dir/misc/empty_file.c.gcno:no functions found
../../../twister-out/native_sim_native/host/homework.unit.ring_buf/zephyr/CMakeFiles/zephyr_pre0.dir/misc/empty_file.c.gcda:cannot open data file, assuming not executed
<<
(DEBUG) Processing file: /home/afmondra/zephyr-course/twister-out/native_sim_native/host/homework.unit.ring_buf/zephyr/NSI/common/src/main.gcda
(DEBUG) Running gcov: 'gcov /home/afmondra/zephyr-course/twister-out/native_sim_native/host/homework.unit.ring_buf/zephyr/NSI/common/src/main.gcda --branch-counts --branch-probabilities --all-blocks --demangled-names --hash-filenames --object-directory ../../../twister-out/native_sim_native/host/homework.unit.ring_buf/zephyr/NSI/common/src' in '/home/afmondra/zephyr-course/app/modules/ring_buf'
(DEBUG) GCOV return code was 0, stdout was:
File '/home/afmondra/deps/zephyr/scripts/native_simulator/common/src/main.c'
Lines executed:77.14% of 35
Branches executed:75.00% of 8
Taken at least once:75.00% of 8
Calls executed:77.27% of 22
Creating 'main.c##a66bdadb72d9fca7857f006765470620.gcov'

File '/home/afmondra/deps/zephyr/scripts/native_simulator/common/src/include/nsi_hw_scheduler.h'
Lines executed:0.00% of 2
No branches
No calls
Creating 'nsi_hw_scheduler.h##b0743ea65c6d77c614682a7835996174.gcov'

Lines executed:72.97% of 37
<<, stderr was:
<<
(DEBUG) Check if main.c##a66bdadb72d9fca7857f006765470620.gcov is included...
(DEBUG) Check if nsi_hw_scheduler.h##b0743ea65c6d77c614682a7835996174.gcov is included...
(DEBUG) Finding source file corresponding to a gcov data file
  gcov_fname   /home/afmondra/zephyr-course/app/modules/ring_buf/main.c##a66bdadb72d9fca7857f006765470620.gcov
  current_dir  /home/afmondra/zephyr-course/app/modules/ring_buf
  root         /home/afmondra/zephyr-course/app/modules/ring_buf
  starting_dir /home/afmondra/zephyr-course
  obj_dir      None
  gcda_fname   ../../../twister-out/native_sim_native/host/homework.unit.ring_buf/zephyr/NSI/common/src/main.gcda
  --> fname    /home/afmondra/deps/zephyr/scripts/native_simulator/common/src/main.c
(DEBUG) Check if /home/afmondra/deps/zephyr/scripts/native_simulator/common/src/main.c is included...
(DEBUG)   No filter matched.
(DEBUG) Finding source file corresponding to a gcov data file
  gcov_fname   /home/afmondra/zephyr-course/app/modules/ring_buf/nsi_hw_scheduler.h##b0743ea65c6d77c614682a7835996174.gcov
  current_dir  /home/afmondra/zephyr-course/app/modules/ring_buf
  root         /home/afmondra/zephyr-course/app/modules/ring_buf
  starting_dir /home/afmondra/zephyr-course
  obj_dir      None
  gcda_fname   ../../../twister-out/native_sim_native/host/homework.unit.ring_buf/zephyr/NSI/common/src/main.gcda
  --> fname    /home/afmondra/deps/zephyr/scripts/native_simulator/common/src/include/nsi_hw_scheduler.h
(DEBUG) Check if /home/afmondra/deps/zephyr/scripts/native_simulator/common/src/include/nsi_hw_scheduler.h is included...
(DEBUG)   No filter matched.
(DEBUG) Processing file: /home/afmondra/zephyr-course/twister-out/native_sim_native/host/homework.unit.ring_buf/zephyr/NSI/common/src/nce.gcda
(DEBUG) Running gcov: 'gcov /home/afmondra/zephyr-course/twister-out/native_sim_native/host/homework.unit.ring_buf/zephyr/NSI/common/src/nce.gcda --branch-counts --branch-probabilities --all-blocks --demangled-names --hash-filenames --object-directory ../../../twister-out/native_sim_native/host/homework.unit.ring_buf/zephyr/NSI/common/src' in '/home/afmondra/zephyr-course/app/modules/ring_buf'
(DEBUG) GCOV return code was 0, stdout was:
File '/home/afmondra/deps/zephyr/scripts/native_simulator/common/src/nce.c'
Lines executed:66.67% of 54
Branches executed:72.73% of 22
Taken at least once:40.91% of 22
Calls executed:72.00% of 25
Creating 'nce.c##a6ff38d1130d0f2fbd410ce4965f4fe3.gcov'

File '/home/afmondra/deps/zephyr/scripts/native_simulator/common/src/nsi_safe_call.h'
Lines executed:75.00% of 4
Branches executed:100.00% of 2
Taken at least once:50.00% of 2
Calls executed:0.00% of 1
Creating 'nsi_safe_call.h##130d29f07b4bd33b1e6cb9a391bbf974.gcov'

Lines executed:67.24% of 58
<<, stderr was:
<<
(DEBUG) Check if nce.c##a6ff38d1130d0f2fbd410ce4965f4fe3.gcov is included...
(DEBUG) Check if nsi_safe_call.h##130d29f07b4bd33b1e6cb9a391bbf974.gcov is included...
(DEBUG) Finding source file corresponding to a gcov data file
  gcov_fname   /home/afmondra/zephyr-course/app/modules/ring_buf/nce.c##a6ff38d1130d0f2fbd410ce4965f4fe3.gcov
  current_dir  /home/afmondra/zephyr-course/app/modules/ring_buf
  root         /home/afmondra/zephyr-course/app/modules/ring_buf
  starting_dir /home/afmondra/zephyr-course
  obj_dir      None
  gcda_fname   ../../../twister-out/native_sim_native/host/homework.unit.ring_buf/zephyr/NSI/common/src/nce.gcda
  --> fname    /home/afmondra/deps/zephyr/scripts/native_simulator/common/src/nce.c
(DEBUG) Check if /home/afmondra/deps/zephyr/scripts/native_simulator/common/src/nce.c is included...
(DEBUG)   No filter matched.
(DEBUG) Finding source file corresponding to a gcov data file
  gcov_fname   /home/afmondra/zephyr-course/app/modules/ring_buf/nsi_safe_call.h##130d29f07b4bd33b1e6cb9a391bbf974.gcov
  current_dir  /home/afmondra/zephyr-course/app/modules/ring_buf
  root         /home/afmondra/zephyr-course/app/modules/ring_buf
  starting_dir /home/afmondra/zephyr-course
  obj_dir      None
  gcda_fname   ../../../twister-out/native_sim_native/host/homework.unit.ring_buf/zephyr/NSI/common/src/nce.gcda
  --> fname    /home/afmondra/deps/zephyr/scripts/native_simulator/common/src/nsi_safe_call.h
(DEBUG) Check if /home/afmondra/deps/zephyr/scripts/native_simulator/common/src/nsi_safe_call.h is included...
(DEBUG)   No filter matched.
(DEBUG) Processing file: /home/afmondra/zephyr-course/twister-out/native_sim_native/host/homework.unit.ring_buf/zephyr/NSI/common/src/nct.gcda
(DEBUG) Running gcov: 'gcov /home/afmondra/zephyr-course/twister-out/native_sim_native/host/homework.unit.ring_buf/zephyr/NSI/common/src/nct.gcda --branch-counts --branch-probabilities --all-blocks --demangled-names --hash-filenames --object-directory ../../../twister-out/native_sim_native/host/homework.unit.ring_buf/zephyr/NSI/common/src' in '/home/afmondra/zephyr-course/app/modules/ring_buf'
(DEBUG) GCOV return code was 0, stdout was:
File '/home/afmondra/deps/zephyr/scripts/native_simulator/common/src/nct.c'
Lines executed:82.35% of 136
Branches executed:95.45% of 44
Taken at least once:65.91% of 44
Calls executed:72.73% of 44
Creating 'nct.c##370bd7ae743a6d487fc52eb800b78758.gcov'

File '/home/afmondra/deps/zephyr/scripts/native_simulator/common/src/nsi_safe_call.h'
Lines executed:75.00% of 4
Branches executed:100.00% of 2
Taken at least once:50.00% of 2
Calls executed:0.00% of 1
Creating 'nsi_safe_call.h##130d29f07b4bd33b1e6cb9a391bbf974.gcov'

Lines executed:82.14% of 140
<<, stderr was:
<<
(DEBUG) Check if nct.c##370bd7ae743a6d487fc52eb800b78758.gcov is included...
(DEBUG) Check if nsi_safe_call.h##130d29f07b4bd33b1e6cb9a391bbf974.gcov is included...
(DEBUG) Finding source file corresponding to a gcov data file
  gcov_fname   /home/afmondra/zephyr-course/app/modules/ring_buf/nsi_safe_call.h##130d29f07b4bd33b1e6cb9a391bbf974.gcov
  current_dir  /home/afmondra/zephyr-course/app/modules/ring_buf
  root         /home/afmondra/zephyr-course/app/modules/ring_buf
  starting_dir /home/afmondra/zephyr-course
  obj_dir      None
  gcda_fname   ../../../twister-out/native_sim_native/host/homework.unit.ring_buf/zephyr/NSI/common/src/nct.gcda
  --> fname    /home/afmondra/deps/zephyr/scripts/native_simulator/common/src/nsi_safe_call.h
(DEBUG) Check if /home/afmondra/deps/zephyr/scripts/native_simulator/common/src/nsi_safe_call.h is included...
(DEBUG)   No filter matched.
(DEBUG) Finding source file corresponding to a gcov data file
  gcov_fname   /home/afmondra/zephyr-course/app/modules/ring_buf/nct.c##370bd7ae743a6d487fc52eb800b78758.gcov
  current_dir  /home/afmondra/zephyr-course/app/modules/ring_buf
  root         /home/afmondra/zephyr-course/app/modules/ring_buf
  starting_dir /home/afmondra/zephyr-course
  obj_dir      None
  gcda_fname   ../../../twister-out/native_sim_native/host/homework.unit.ring_buf/zephyr/NSI/common/src/nct.gcda
  --> fname    /home/afmondra/deps/zephyr/scripts/native_simulator/common/src/nct.c
(DEBUG) Check if /home/afmondra/deps/zephyr/scripts/native_simulator/common/src/nct.c is included...
(DEBUG)   No filter matched.
(DEBUG) Processing file: /home/afmondra/zephyr-course/twister-out/native_sim_native/host/homework.unit.ring_buf/zephyr/NSI/common/src/nsi_cpu_ctrl.gcda
(DEBUG) Running gcov: 'gcov /home/afmondra/zephyr-course/twister-out/native_sim_native/host/homework.unit.ring_buf/zephyr/NSI/common/src/nsi_cpu_ctrl.gcda --branch-counts --branch-probabilities --all-blocks --demangled-names --hash-filenames --object-directory ../../../twister-out/native_sim_native/host/homework.unit.ring_buf/zephyr/NSI/common/src' in '/home/afmondra/zephyr-course/app/modules/ring_buf'
(DEBUG) GCOV return code was 0, stdout was:
File '/home/afmondra/deps/zephyr/scripts/native_simulator/common/src/nsi_cpu_ctrl.c'
Lines executed:26.32% of 19
Branches executed:40.00% of 10
Taken at least once:20.00% of 10
Calls executed:20.00% of 5
Creating 'nsi_cpu_ctrl.c##0575523e9565d4b0ad90f6407849be25.gcov'

Lines executed:26.32% of 19
<<, stderr was:
<<
(DEBUG) Check if nsi_cpu_ctrl.c##0575523e9565d4b0ad90f6407849be25.gcov is included...
(DEBUG) Finding source file corresponding to a gcov data file
  gcov_fname   /home/afmondra/zephyr-course/app/modules/ring_buf/nsi_cpu_ctrl.c##0575523e9565d4b0ad90f6407849be25.gcov
  current_dir  /home/afmondra/zephyr-course/app/modules/ring_buf
  root         /home/afmondra/zephyr-course/app/modules/ring_buf
  starting_dir /home/afmondra/zephyr-course
  obj_dir      None
  gcda_fname   ../../../twister-out/native_sim_native/host/homework.unit.ring_buf/zephyr/NSI/common/src/nsi_cpu_ctrl.gcda
  --> fname    /home/afmondra/deps/zephyr/scripts/native_simulator/common/src/nsi_cpu_ctrl.c
(DEBUG) Check if /home/afmondra/deps/zephyr/scripts/native_simulator/common/src/nsi_cpu_ctrl.c is included...
(DEBUG)   No filter matched.
(DEBUG) Processing file: /home/afmondra/zephyr-course/twister-out/native_sim_native/host/homework.unit.ring_buf/zephyr/NSI/common/src/nsi_cpun_if.gcda
(DEBUG) Running gcov: 'gcov /home/afmondra/zephyr-course/twister-out/native_sim_native/host/homework.unit.ring_buf/zephyr/NSI/common/src/nsi_cpun_if.gcda --branch-counts --branch-probabilities --all-blocks --demangled-names --hash-filenames --object-directory ../../../twister-out/native_sim_native/host/homework.unit.ring_buf/zephyr/NSI/common/src' in '/home/afmondra/zephyr-course/app/modules/ring_buf'
(DEBUG) GCOV return code was 0, stdout was:
File '/home/afmondra/deps/zephyr/scripts/native_simulator/common/src/nsi_cpun_if.c'
Lines executed:57.14% of 7
No branches
Calls executed:57.14% of 7
Creating 'nsi_cpun_if.c##60b41120481dbfaeecca94d4e70f55c6.gcov'

Lines executed:57.14% of 7
<<, stderr was:
<<
(DEBUG) Check if nsi_cpun_if.c##60b41120481dbfaeecca94d4e70f55c6.gcov is included...
(DEBUG) Finding source file corresponding to a gcov data file
  gcov_fname   /home/afmondra/zephyr-course/app/modules/ring_buf/nsi_cpun_if.c##60b41120481dbfaeecca94d4e70f55c6.gcov
  current_dir  /home/afmondra/zephyr-course/app/modules/ring_buf
  root         /home/afmondra/zephyr-course/app/modules/ring_buf
  starting_dir /home/afmondra/zephyr-course
  obj_dir      None
  gcda_fname   ../../../twister-out/native_sim_native/host/homework.unit.ring_buf/zephyr/NSI/common/src/nsi_cpun_if.gcda
  --> fname    /home/afmondra/deps/zephyr/scripts/native_simulator/common/src/nsi_cpun_if.c
(DEBUG) Check if /home/afmondra/deps/zephyr/scripts/native_simulator/common/src/nsi_cpun_if.c is included...
(DEBUG)   No filter matched.
(DEBUG) Processing file: /home/afmondra/zephyr-course/twister-out/native_sim_native/host/homework.unit.ring_buf/zephyr/NSI/common/src/nsi_errno.gcda
(DEBUG) Running gcov: 'gcov /home/afmondra/zephyr-course/twister-out/native_sim_native/host/homework.unit.ring_buf/zephyr/NSI/common/src/nsi_errno.gcda --branch-counts --branch-probabilities --all-blocks --demangled-names --hash-filenames --object-directory ../../../twister-out/native_sim_native/host/homework.unit.ring_buf/zephyr/NSI/common/src' in '/home/afmondra/zephyr-course/app/modules/ring_buf'
(DEBUG) GCOV return code was 0, stdout was:
File '/home/afmondra/deps/zephyr/scripts/native_simulator/common/src/nsi_errno.c'
Lines executed:0.00% of 14
Branches executed:0.00% of 8
Taken at least once:0.00% of 8
Calls executed:0.00% of 3
Creating 'nsi_errno.c##91827706d24dfd9ad75a54edc90b9ab6.gcov'

Lines executed:0.00% of 14
<<, stderr was:
<<
(DEBUG) Check if nsi_errno.c##91827706d24dfd9ad75a54edc90b9ab6.gcov is included...
(DEBUG) Finding source file corresponding to a gcov data file
  gcov_fname   /home/afmondra/zephyr-course/app/modules/ring_buf/nsi_errno.c##91827706d24dfd9ad75a54edc90b9ab6.gcov
  current_dir  /home/afmondra/zephyr-course/app/modules/ring_buf
  root         /home/afmondra/zephyr-course/app/modules/ring_buf
  starting_dir /home/afmondra/zephyr-course
  obj_dir      None
  gcda_fname   ../../../twister-out/native_sim_native/host/homework.unit.ring_buf/zephyr/NSI/common/src/nsi_errno.gcda
  --> fname    /home/afmondra/deps/zephyr/scripts/native_simulator/common/src/nsi_errno.c
(DEBUG) Check if /home/afmondra/deps/zephyr/scripts/native_simulator/common/src/nsi_errno.c is included...
(DEBUG)   No filter matched.
(DEBUG) Processing file: /home/afmondra/zephyr-course/twister-out/native_sim_native/host/homework.unit.ring_buf/zephyr/NSI/common/src/nsi_host_trampolines.gcda
(DEBUG) Running gcov: 'gcov /home/afmondra/zephyr-course/twister-out/native_sim_native/host/homework.unit.ring_buf/zephyr/NSI/common/src/nsi_host_trampolines.gcda --branch-counts --branch-probabilities --all-blocks --demangled-names --hash-filenames --object-directory ../../../twister-out/native_sim_native/host/homework.unit.ring_buf/zephyr/NSI/common/src' in '/home/afmondra/zephyr-course/app/modules/ring_buf'
(DEBUG) GCOV return code was 0, stdout was:
File '/home/afmondra/deps/zephyr/scripts/native_simulator/common/src/nsi_host_trampolines.c'
Lines executed:0.00% of 28
No branches
Calls executed:0.00% of 9
Creating 'nsi_host_trampolines.c##dea49c13794100292b02c42914cb3d04.gcov'

Lines executed:0.00% of 28
<<, stderr was:
<<
(DEBUG) Check if nsi_host_trampolines.c##dea49c13794100292b02c42914cb3d04.gcov is included...
(DEBUG) Finding source file corresponding to a gcov data file
  gcov_fname   /home/afmondra/zephyr-course/app/modules/ring_buf/nsi_host_trampolines.c##dea49c13794100292b02c42914cb3d04.gcov
  current_dir  /home/afmondra/zephyr-course/app/modules/ring_buf
  root         /home/afmondra/zephyr-course/app/modules/ring_buf
  starting_dir /home/afmondra/zephyr-course
  obj_dir      None
  gcda_fname   ../../../twister-out/native_sim_native/host/homework.unit.ring_buf/zephyr/NSI/common/src/nsi_host_trampolines.gcda
  --> fname    /home/afmondra/deps/zephyr/scripts/native_simulator/common/src/nsi_host_trampolines.c
(DEBUG) Check if /home/afmondra/deps/zephyr/scripts/native_simulator/common/src/nsi_host_trampolines.c is included...
(DEBUG)   No filter matched.
(DEBUG) Processing file: /home/afmondra/zephyr-course/twister-out/native_sim_native/host/homework.unit.ring_buf/zephyr/NSI/common/src/nsi_hw_scheduler.gcda
(DEBUG) Running gcov: 'gcov /home/afmondra/zephyr-course/twister-out/native_sim_native/host/homework.unit.ring_buf/zephyr/NSI/common/src/nsi_hw_scheduler.gcda --branch-counts --branch-probabilities --all-blocks --demangled-names --hash-filenames --object-directory ../../../twister-out/native_sim_native/host/homework.unit.ring_buf/zephyr/NSI/common/src' in '/home/afmondra/zephyr-course/app/modules/ring_buf'
(DEBUG) GCOV return code was 0, stdout was:
File '/home/afmondra/deps/zephyr/scripts/native_simulator/common/src/nsi_hw_scheduler.c'
Lines executed:43.48% of 46
Branches executed:33.33% of 12
Taken at least once:25.00% of 12
Calls executed:53.33% of 15
Creating 'nsi_hw_scheduler.c##27ef12a0b8ff15de3510280551b90dae.gcov'

File '/home/afmondra/deps/zephyr/scripts/native_simulator/common/src/nsi_safe_call.h'
Lines executed:75.00% of 4
Branches executed:100.00% of 2
Taken at least once:50.00% of 2
Calls executed:0.00% of 1
Creating 'nsi_safe_call.h##130d29f07b4bd33b1e6cb9a391bbf974.gcov'

Lines executed:46.00% of 50
<<, stderr was:
<<
(DEBUG) Check if nsi_hw_scheduler.c##27ef12a0b8ff15de3510280551b90dae.gcov is included...
(DEBUG) Check if nsi_safe_call.h##130d29f07b4bd33b1e6cb9a391bbf974.gcov is included...
(DEBUG) Finding source file corresponding to a gcov data file
  gcov_fname   /home/afmondra/zephyr-course/app/modules/ring_buf/nsi_hw_scheduler.c##27ef12a0b8ff15de3510280551b90dae.gcov
  current_dir  /home/afmondra/zephyr-course/app/modules/ring_buf
  root         /home/afmondra/zephyr-course/app/modules/ring_buf
  starting_dir /home/afmondra/zephyr-course
  obj_dir      None
  gcda_fname   ../../../twister-out/native_sim_native/host/homework.unit.ring_buf/zephyr/NSI/common/src/nsi_hw_scheduler.gcda
  --> fname    /home/afmondra/deps/zephyr/scripts/native_simulator/common/src/nsi_hw_scheduler.c
(DEBUG) Check if /home/afmondra/deps/zephyr/scripts/native_simulator/common/src/nsi_hw_scheduler.c is included...
(DEBUG)   No filter matched.
(DEBUG) Finding source file corresponding to a gcov data file
  gcov_fname   /home/afmondra/zephyr-course/app/modules/ring_buf/nsi_safe_call.h##130d29f07b4bd33b1e6cb9a391bbf974.gcov
  current_dir  /home/afmondra/zephyr-course/app/modules/ring_buf
  root         /home/afmondra/zephyr-course/app/modules/ring_buf
  starting_dir /home/afmondra/zephyr-course
  obj_dir      None
  gcda_fname   ../../../twister-out/native_sim_native/host/homework.unit.ring_buf/zephyr/NSI/common/src/nsi_hw_scheduler.gcda
  --> fname    /home/afmondra/deps/zephyr/scripts/native_simulator/common/src/nsi_safe_call.h
(DEBUG) Check if /home/afmondra/deps/zephyr/scripts/native_simulator/common/src/nsi_safe_call.h is included...
(DEBUG)   No filter matched.
(DEBUG) Processing file: /home/afmondra/zephyr-course/twister-out/native_sim_native/host/homework.unit.ring_buf/zephyr/NSI/common/src/nsi_tasks.gcda
(DEBUG) Running gcov: 'gcov /home/afmondra/zephyr-course/twister-out/native_sim_native/host/homework.unit.ring_buf/zephyr/NSI/common/src/nsi_tasks.gcda --branch-counts --branch-probabilities --all-blocks --demangled-names --hash-filenames --object-directory ../../../twister-out/native_sim_native/host/homework.unit.ring_buf/zephyr/NSI/common/src' in '/home/afmondra/zephyr-course/app/modules/ring_buf'
(DEBUG) GCOV return code was 0, stdout was:
File '/home/afmondra/deps/zephyr/scripts/native_simulator/common/src/nsi_tasks.c'
Lines executed:100.00% of 6
Branches executed:100.00% of 4
Taken at least once:75.00% of 4
Calls executed:100.00% of 1
Creating 'nsi_tasks.c##fbfdc9b78d50a106e2a86f6ec8448ef7.gcov'

Lines executed:100.00% of 6
<<, stderr was:
<<
(DEBUG) Check if nsi_tasks.c##fbfdc9b78d50a106e2a86f6ec8448ef7.gcov is included...
(DEBUG) Finding source file corresponding to a gcov data file
  gcov_fname   /home/afmondra/zephyr-course/app/modules/ring_buf/nsi_tasks.c##fbfdc9b78d50a106e2a86f6ec8448ef7.gcov
  current_dir  /home/afmondra/zephyr-course/app/modules/ring_buf
  root         /home/afmondra/zephyr-course/app/modules/ring_buf
  starting_dir /home/afmondra/zephyr-course
  obj_dir      None
  gcda_fname   ../../../twister-out/native_sim_native/host/homework.unit.ring_buf/zephyr/NSI/common/src/nsi_tasks.gcda
  --> fname    /home/afmondra/deps/zephyr/scripts/native_simulator/common/src/nsi_tasks.c
(DEBUG) Check if /home/afmondra/deps/zephyr/scripts/native_simulator/common/src/nsi_tasks.c is included...
(DEBUG)   No filter matched.
(DEBUG) Processing file: /home/afmondra/zephyr-course/twister-out/native_sim_native/host/homework.unit.ring_buf/zephyr/NSI/common/src/nsi_trace_varg.gcda
(DEBUG) Running gcov: 'gcov /home/afmondra/zephyr-course/twister-out/native_sim_native/host/homework.unit.ring_buf/zephyr/NSI/common/src/nsi_trace_varg.gcda --branch-counts --branch-probabilities --all-blocks --demangled-names --hash-filenames --object-directory ../../../twister-out/native_sim_native/host/homework.unit.ring_buf/zephyr/NSI/common/src' in '/home/afmondra/zephyr-course/app/modules/ring_buf'
(DEBUG) GCOV return code was 0, stdout was:
File '/home/afmondra/deps/zephyr/scripts/native_simulator/common/src/nsi_trace_varg.c'
Lines executed:0.00% of 13
No branches
Calls executed:0.00% of 2
Creating 'nsi_trace_varg.c##7e77ae902282594d96485bdc10c13f13.gcov'

Lines executed:0.00% of 13
<<, stderr was:
<<
(DEBUG) Check if nsi_trace_varg.c##7e77ae902282594d96485bdc10c13f13.gcov is included...
(DEBUG) Finding source file corresponding to a gcov data file
  gcov_fname   /home/afmondra/zephyr-course/app/modules/ring_buf/nsi_trace_varg.c##7e77ae902282594d96485bdc10c13f13.gcov
  current_dir  /home/afmondra/zephyr-course/app/modules/ring_buf
  root         /home/afmondra/zephyr-course/app/modules/ring_buf
  starting_dir /home/afmondra/zephyr-course
  obj_dir      None
  gcda_fname   ../../../twister-out/native_sim_native/host/homework.unit.ring_buf/zephyr/NSI/common/src/nsi_trace_varg.gcda
  --> fname    /home/afmondra/deps/zephyr/scripts/native_simulator/common/src/nsi_trace_varg.c
(DEBUG) Check if /home/afmondra/deps/zephyr/scripts/native_simulator/common/src/nsi_trace_varg.c is included...
(DEBUG)   No filter matched.
(DEBUG) Processing file: /home/afmondra/zephyr-course/twister-out/native_sim_native/host/homework.unit.ring_buf/zephyr/NSI/common/src/nsi_weak_stubs.gcda
(DEBUG) Running gcov: 'gcov /home/afmondra/zephyr-course/twister-out/native_sim_native/host/homework.unit.ring_buf/zephyr/NSI/common/src/nsi_weak_stubs.gcda --branch-counts --branch-probabilities --all-blocks --demangled-names --hash-filenames --object-directory ../../../twister-out/native_sim_native/host/homework.unit.ring_buf/zephyr/NSI/common/src' in '/home/afmondra/zephyr-course/app/modules/ring_buf'
(DEBUG) GCOV return code was 0, stdout was:
File '/home/afmondra/deps/zephyr/scripts/native_simulator/common/src/nsi_weak_stubs.c'
Lines executed:0.00% of 122
No branches
Calls executed:0.00% of 17
Creating 'nsi_weak_stubs.c##433edc792007e50517175dd31b824bbc.gcov'

Lines executed:0.00% of 122
<<, stderr was:
<<
(DEBUG) Check if nsi_weak_stubs.c##433edc792007e50517175dd31b824bbc.gcov is included...
(DEBUG) Finding source file corresponding to a gcov data file
  gcov_fname   /home/afmondra/zephyr-course/app/modules/ring_buf/nsi_weak_stubs.c##433edc792007e50517175dd31b824bbc.gcov
  current_dir  /home/afmondra/zephyr-course/app/modules/ring_buf
  root         /home/afmondra/zephyr-course/app/modules/ring_buf
  starting_dir /home/afmondra/zephyr-course
  obj_dir      None
  gcda_fname   ../../../twister-out/native_sim_native/host/homework.unit.ring_buf/zephyr/NSI/common/src/nsi_weak_stubs.gcda
  --> fname    /home/afmondra/deps/zephyr/scripts/native_simulator/common/src/nsi_weak_stubs.c
(DEBUG) Check if /home/afmondra/deps/zephyr/scripts/native_simulator/common/src/nsi_weak_stubs.c is included...
(DEBUG)   No filter matched.
(DEBUG) Processing file: /home/afmondra/zephyr-course/twister-out/native_sim_native/host/homework.unit.ring_buf/zephyr/NSI/native/src/hw_counter.gcda
(DEBUG) Running gcov: 'gcov /home/afmondra/zephyr-course/twister-out/native_sim_native/host/homework.unit.ring_buf/zephyr/NSI/native/src/hw_counter.gcda --branch-counts --branch-probabilities --all-blocks --demangled-names --hash-filenames --object-directory ../../../twister-out/native_sim_native/host/homework.unit.ring_buf/zephyr/NSI/native/src' in '/home/afmondra/zephyr-course/app/modules/ring_buf'
(DEBUG) GCOV return code was 0, stdout was:
File '/home/afmondra/deps/zephyr/scripts/native_simulator/native/src/hw_counter.c'
Lines executed:18.60% of 43
Branches executed:0.00% of 6
Taken at least once:0.00% of 6
Calls executed:0.00% of 5
Creating 'hw_counter.c##4eb311649ff9cfd734faa17ff7412f27.gcov'

File '/home/afmondra/deps/zephyr/scripts/native_simulator/common/src/include/nsi_hw_scheduler.h'
Lines executed:0.00% of 2
No branches
No calls
Creating 'nsi_hw_scheduler.h##b0743ea65c6d77c614682a7835996174.gcov'

Lines executed:17.78% of 45
<<, stderr was:
<<
(DEBUG) Check if hw_counter.c##4eb311649ff9cfd734faa17ff7412f27.gcov is included...
(DEBUG) Check if nsi_hw_scheduler.h##b0743ea65c6d77c614682a7835996174.gcov is included...
(DEBUG) Finding source file corresponding to a gcov data file
  gcov_fname   /home/afmondra/zephyr-course/app/modules/ring_buf/hw_counter.c##4eb311649ff9cfd734faa17ff7412f27.gcov
  current_dir  /home/afmondra/zephyr-course/app/modules/ring_buf
  root         /home/afmondra/zephyr-course/app/modules/ring_buf
  starting_dir /home/afmondra/zephyr-course
  obj_dir      None
  gcda_fname   ../../../twister-out/native_sim_native/host/homework.unit.ring_buf/zephyr/NSI/native/src/hw_counter.gcda
  --> fname    /home/afmondra/deps/zephyr/scripts/native_simulator/native/src/hw_counter.c
(DEBUG) Check if /home/afmondra/deps/zephyr/scripts/native_simulator/native/src/hw_counter.c is included...
(DEBUG)   No filter matched.
(DEBUG) Finding source file corresponding to a gcov data file
  gcov_fname   /home/afmondra/zephyr-course/app/modules/ring_buf/nsi_hw_scheduler.h##b0743ea65c6d77c614682a7835996174.gcov
  current_dir  /home/afmondra/zephyr-course/app/modules/ring_buf
  root         /home/afmondra/zephyr-course/app/modules/ring_buf
  starting_dir /home/afmondra/zephyr-course
  obj_dir      None
  gcda_fname   ../../../twister-out/native_sim_native/host/homework.unit.ring_buf/zephyr/NSI/native/src/hw_counter.gcda
  --> fname    /home/afmondra/deps/zephyr/scripts/native_simulator/common/src/include/nsi_hw_scheduler.h
(DEBUG) Check if /home/afmondra/deps/zephyr/scripts/native_simulator/common/src/include/nsi_hw_scheduler.h is included...
(DEBUG)   No filter matched.
(DEBUG) Processing file: /home/afmondra/zephyr-course/twister-out/native_sim_native/host/homework.unit.ring_buf/zephyr/NSI/native/src/irq_ctrl.gcda
(DEBUG) Running gcov: 'gcov /home/afmondra/zephyr-course/twister-out/native_sim_native/host/homework.unit.ring_buf/zephyr/NSI/native/src/irq_ctrl.gcda --branch-counts --branch-probabilities --all-blocks --demangled-names --hash-filenames --object-directory ../../../twister-out/native_sim_native/host/homework.unit.ring_buf/zephyr/NSI/native/src' in '/home/afmondra/zephyr-course/app/modules/ring_buf'
(DEBUG) GCOV return code was 0, stdout was:
File '/home/afmondra/deps/zephyr/scripts/native_simulator/native/src/irq_ctrl.c'
Lines executed:20.20% of 99
Branches executed:29.41% of 34
Taken at least once:23.53% of 34
Calls executed:0.00% of 14
Creating 'irq_ctrl.c##ee98f4f774b13e6173327b0c8ca3a532.gcov'

File '/home/afmondra/deps/zephyr/scripts/native_simulator/common/src/include/nsi_hw_scheduler.h'
Lines executed:0.00% of 2
No branches
No calls
Creating 'nsi_hw_scheduler.h##b0743ea65c6d77c614682a7835996174.gcov'

File '/home/afmondra/deps/zephyr/scripts/native_simulator/common/src/nsi_internal.h'
Lines executed:0.00% of 2
No branches
No calls
Creating 'nsi_internal.h##872533a7e4a4c950546b0d3b8217c40a.gcov'

Lines executed:19.42% of 103
<<, stderr was:
<<
(DEBUG) Check if irq_ctrl.c##ee98f4f774b13e6173327b0c8ca3a532.gcov is included...
(DEBUG) Check if nsi_hw_scheduler.h##b0743ea65c6d77c614682a7835996174.gcov is included...
(DEBUG) Check if nsi_internal.h##872533a7e4a4c950546b0d3b8217c40a.gcov is included...
(DEBUG) Finding source file corresponding to a gcov data file
  gcov_fname   /home/afmondra/zephyr-course/app/modules/ring_buf/nsi_internal.h##872533a7e4a4c950546b0d3b8217c40a.gcov
  current_dir  /home/afmondra/zephyr-course/app/modules/ring_buf
  root         /home/afmondra/zephyr-course/app/modules/ring_buf
  starting_dir /home/afmondra/zephyr-course
  obj_dir      None
  gcda_fname   ../../../twister-out/native_sim_native/host/homework.unit.ring_buf/zephyr/NSI/native/src/irq_ctrl.gcda
  --> fname    /home/afmondra/deps/zephyr/scripts/native_simulator/common/src/nsi_internal.h
(DEBUG) Check if /home/afmondra/deps/zephyr/scripts/native_simulator/common/src/nsi_internal.h is included...
(DEBUG)   No filter matched.
(DEBUG) Finding source file corresponding to a gcov data file
  gcov_fname   /home/afmondra/zephyr-course/app/modules/ring_buf/irq_ctrl.c##ee98f4f774b13e6173327b0c8ca3a532.gcov
  current_dir  /home/afmondra/zephyr-course/app/modules/ring_buf
  root         /home/afmondra/zephyr-course/app/modules/ring_buf
  starting_dir /home/afmondra/zephyr-course
  obj_dir      None
  gcda_fname   ../../../twister-out/native_sim_native/host/homework.unit.ring_buf/zephyr/NSI/native/src/irq_ctrl.gcda
  --> fname    /home/afmondra/deps/zephyr/scripts/native_simulator/native/src/irq_ctrl.c
(DEBUG) Check if /home/afmondra/deps/zephyr/scripts/native_simulator/native/src/irq_ctrl.c is included...
(DEBUG)   No filter matched.
(DEBUG) Finding source file corresponding to a gcov data file
  gcov_fname   /home/afmondra/zephyr-course/app/modules/ring_buf/nsi_hw_scheduler.h##b0743ea65c6d77c614682a7835996174.gcov
  current_dir  /home/afmondra/zephyr-course/app/modules/ring_buf
  root         /home/afmondra/zephyr-course/app/modules/ring_buf
  starting_dir /home/afmondra/zephyr-course
  obj_dir      None
  gcda_fname   ../../../twister-out/native_sim_native/host/homework.unit.ring_buf/zephyr/NSI/native/src/irq_ctrl.gcda
  --> fname    /home/afmondra/deps/zephyr/scripts/native_simulator/common/src/include/nsi_hw_scheduler.h
(DEBUG) Check if /home/afmondra/deps/zephyr/scripts/native_simulator/common/src/include/nsi_hw_scheduler.h is included...
(DEBUG)   No filter matched.
(DEBUG) Processing file: /home/afmondra/zephyr-course/twister-out/native_sim_native/host/homework.unit.ring_buf/zephyr/NSI/native/src/native_rtc.gcda
(DEBUG) Running gcov: 'gcov /home/afmondra/zephyr-course/twister-out/native_sim_native/host/homework.unit.ring_buf/zephyr/NSI/native/src/native_rtc.gcda --branch-counts --branch-probabilities --all-blocks --demangled-names --hash-filenames --object-directory ../../../twister-out/native_sim_native/host/homework.unit.ring_buf/zephyr/NSI/native/src' in '/home/afmondra/zephyr-course/app/modules/ring_buf'
(DEBUG) GCOV return code was 0, stdout was:
File '/home/afmondra/deps/zephyr/scripts/native_simulator/native/src/native_rtc.c'
Lines executed:0.00% of 22
Branches executed:0.00% of 10
Taken at least once:0.00% of 10
Calls executed:0.00% of 8
Creating 'native_rtc.c##de6afbf7b5462065fcec2114472e24bd.gcov'

File '/home/afmondra/deps/zephyr/scripts/native_simulator/common/src/include/nsi_hw_scheduler.h'
Lines executed:0.00% of 2
No branches
No calls
Creating 'nsi_hw_scheduler.h##b0743ea65c6d77c614682a7835996174.gcov'

Lines executed:0.00% of 24
<<, stderr was:
<<
(DEBUG) Check if native_rtc.c##de6afbf7b5462065fcec2114472e24bd.gcov is included...
(DEBUG) Check if nsi_hw_scheduler.h##b0743ea65c6d77c614682a7835996174.gcov is included...
(DEBUG) Finding source file corresponding to a gcov data file
  gcov_fname   /home/afmondra/zephyr-course/app/modules/ring_buf/native_rtc.c##de6afbf7b5462065fcec2114472e24bd.gcov
  current_dir  /home/afmondra/zephyr-course/app/modules/ring_buf
  root         /home/afmondra/zephyr-course/app/modules/ring_buf
  starting_dir /home/afmondra/zephyr-course
  obj_dir      None
  gcda_fname   ../../../twister-out/native_sim_native/host/homework.unit.ring_buf/zephyr/NSI/native/src/native_rtc.gcda
  --> fname    /home/afmondra/deps/zephyr/scripts/native_simulator/native/src/native_rtc.c
(DEBUG) Check if /home/afmondra/deps/zephyr/scripts/native_simulator/native/src/native_rtc.c is included...
(DEBUG)   No filter matched.
(DEBUG) Finding source file corresponding to a gcov data file
  gcov_fname   /home/afmondra/zephyr-course/app/modules/ring_buf/nsi_hw_scheduler.h##b0743ea65c6d77c614682a7835996174.gcov
  current_dir  /home/afmondra/zephyr-course/app/modules/ring_buf
  root         /home/afmondra/zephyr-course/app/modules/ring_buf
  starting_dir /home/afmondra/zephyr-course
  obj_dir      None
  gcda_fname   ../../../twister-out/native_sim_native/host/homework.unit.ring_buf/zephyr/NSI/native/src/native_rtc.gcda
  --> fname    /home/afmondra/deps/zephyr/scripts/native_simulator/common/src/include/nsi_hw_scheduler.h
(DEBUG) Check if /home/afmondra/deps/zephyr/scripts/native_simulator/common/src/include/nsi_hw_scheduler.h is included...
(DEBUG)   No filter matched.
(DEBUG) Processing file: /home/afmondra/zephyr-course/twister-out/native_sim_native/host/homework.unit.ring_buf/zephyr/NSI/native/src/nsi_cmdline.gcda
(DEBUG) Running gcov: 'gcov /home/afmondra/zephyr-course/twister-out/native_sim_native/host/homework.unit.ring_buf/zephyr/NSI/native/src/nsi_cmdline.gcda --branch-counts --branch-probabilities --all-blocks --demangled-names --hash-filenames --object-directory ../../../twister-out/native_sim_native/host/homework.unit.ring_buf/zephyr/NSI/native/src' in '/home/afmondra/zephyr-course/app/modules/ring_buf'
(DEBUG) GCOV return code was 0, stdout was:
File '/home/afmondra/deps/zephyr/scripts/native_simulator/native/src/nsi_cmdline.c'
Lines executed:56.25% of 64
Branches executed:63.64% of 22
Taken at least once:40.91% of 22
Calls executed:27.27% of 11
Creating 'nsi_cmdline.c##865b572217af5787c92b663fc8d4efc9.gcov'

Lines executed:56.25% of 64
<<, stderr was:
<<
(DEBUG) Check if nsi_cmdline.c##865b572217af5787c92b663fc8d4efc9.gcov is included...
(DEBUG) Finding source file corresponding to a gcov data file
  gcov_fname   /home/afmondra/zephyr-course/app/modules/ring_buf/nsi_cmdline.c##865b572217af5787c92b663fc8d4efc9.gcov
  current_dir  /home/afmondra/zephyr-course/app/modules/ring_buf
  root         /home/afmondra/zephyr-course/app/modules/ring_buf
  starting_dir /home/afmondra/zephyr-course
  obj_dir      None
  gcda_fname   ../../../twister-out/native_sim_native/host/homework.unit.ring_buf/zephyr/NSI/native/src/nsi_cmdline.gcda
  --> fname    /home/afmondra/deps/zephyr/scripts/native_simulator/native/src/nsi_cmdline.c
(DEBUG) Check if /home/afmondra/deps/zephyr/scripts/native_simulator/native/src/nsi_cmdline.c is included...
(DEBUG)   No filter matched.
(DEBUG) Processing file: /home/afmondra/zephyr-course/twister-out/native_sim_native/host/homework.unit.ring_buf/zephyr/NSI/native/src/nsi_cmdline_common.gcda
(DEBUG) Running gcov: 'gcov /home/afmondra/zephyr-course/twister-out/native_sim_native/host/homework.unit.ring_buf/zephyr/NSI/native/src/nsi_cmdline_common.gcda --branch-counts --branch-probabilities --all-blocks --demangled-names --hash-filenames --object-directory ../../../twister-out/native_sim_native/host/homework.unit.ring_buf/zephyr/NSI/native/src' in '/home/afmondra/zephyr-course/app/modules/ring_buf'
(DEBUG) GCOV return code was 0, stdout was:
File '/home/afmondra/deps/zephyr/scripts/native_simulator/native/src/nsi_cmdline_common.c'
Lines executed:8.91% of 202
Branches executed:12.15% of 107
Taken at least once:6.54% of 107
Calls executed:0.00% of 32
Creating 'nsi_cmdline_common.c##7ca325a5ed488c09ab2c89881a1e74ea.gcov'

Lines executed:8.91% of 202
<<, stderr was:
<<
(DEBUG) Check if nsi_cmdline_common.c##7ca325a5ed488c09ab2c89881a1e74ea.gcov is included...
(DEBUG) Finding source file corresponding to a gcov data file
  gcov_fname   /home/afmondra/zephyr-course/app/modules/ring_buf/nsi_cmdline_common.c##7ca325a5ed488c09ab2c89881a1e74ea.gcov
  current_dir  /home/afmondra/zephyr-course/app/modules/ring_buf
  root         /home/afmondra/zephyr-course/app/modules/ring_buf
  starting_dir /home/afmondra/zephyr-course
  obj_dir      None
  gcda_fname   ../../../twister-out/native_sim_native/host/homework.unit.ring_buf/zephyr/NSI/native/src/nsi_cmdline_common.gcda
  --> fname    /home/afmondra/deps/zephyr/scripts/native_simulator/native/src/nsi_cmdline_common.c
(DEBUG) Check if /home/afmondra/deps/zephyr/scripts/native_simulator/native/src/nsi_cmdline_common.c is included...
(DEBUG)   No filter matched.
(DEBUG) Processing file: /home/afmondra/zephyr-course/twister-out/native_sim_native/host/homework.unit.ring_buf/zephyr/NSI/native/src/nsi_trace.gcda
(DEBUG) Running gcov: 'gcov /home/afmondra/zephyr-course/twister-out/native_sim_native/host/homework.unit.ring_buf/zephyr/NSI/native/src/nsi_trace.gcda --branch-counts --branch-probabilities --all-blocks --demangled-names --hash-filenames --object-directory ../../../twister-out/native_sim_native/host/homework.unit.ring_buf/zephyr/NSI/native/src' in '/home/afmondra/zephyr-course/app/modules/ring_buf'
(DEBUG) GCOV return code was 0, stdout was:
File '/home/afmondra/deps/zephyr/scripts/native_simulator/native/src/nsi_trace.c'
Lines executed:30.00% of 50
Branches executed:45.45% of 22
Taken at least once:22.73% of 22
Calls executed:26.67% of 15
Creating 'nsi_trace.c##66b6837020a42a0c0a26bb09954f0177.gcov'

Lines executed:30.00% of 50
<<, stderr was:
<<
(DEBUG) Check if nsi_trace.c##66b6837020a42a0c0a26bb09954f0177.gcov is included...
(DEBUG) Finding source file corresponding to a gcov data file
  gcov_fname   /home/afmondra/zephyr-course/app/modules/ring_buf/nsi_trace.c##66b6837020a42a0c0a26bb09954f0177.gcov
  current_dir  /home/afmondra/zephyr-course/app/modules/ring_buf
  root         /home/afmondra/zephyr-course/app/modules/ring_buf
  starting_dir /home/afmondra/zephyr-course
  obj_dir      None
  gcda_fname   ../../../twister-out/native_sim_native/host/homework.unit.ring_buf/zephyr/NSI/native/src/nsi_trace.gcda
  --> fname    /home/afmondra/deps/zephyr/scripts/native_simulator/native/src/nsi_trace.c
(DEBUG) Check if /home/afmondra/deps/zephyr/scripts/native_simulator/native/src/nsi_trace.c is included...
(DEBUG)   No filter matched.
(DEBUG) Processing file: /home/afmondra/zephyr-course/twister-out/native_sim_native/host/homework.unit.ring_buf/zephyr/NSI/native/src/timer_model.gcda
(DEBUG) Running gcov: 'gcov /home/afmondra/zephyr-course/twister-out/native_sim_native/host/homework.unit.ring_buf/zephyr/NSI/native/src/timer_model.gcda --branch-counts --branch-probabilities --all-blocks --demangled-names --hash-filenames --object-directory ../../../twister-out/native_sim_native/host/homework.unit.ring_buf/zephyr/NSI/native/src' in '/home/afmondra/zephyr-course/app/modules/ring_buf'
(DEBUG) GCOV return code was 0, stdout was:
File '/home/afmondra/deps/zephyr/scripts/native_simulator/native/src/timer_model.c'
Lines executed:19.12% of 136
Branches executed:18.18% of 22
Taken at least once:9.09% of 22
Calls executed:18.75% of 32
Creating 'timer_model.c##4c7c7bd2ca11ba98cf7887731d685746.gcov'

File '/home/afmondra/deps/zephyr/scripts/native_simulator/common/src/include/nsi_hw_scheduler.h'
Lines executed:100.00% of 2
No branches
No calls
Creating 'nsi_hw_scheduler.h##b0743ea65c6d77c614682a7835996174.gcov'

Lines executed:20.29% of 138
<<, stderr was:
<<
(DEBUG) Check if timer_model.c##4c7c7bd2ca11ba98cf7887731d685746.gcov is included...
(DEBUG) Check if nsi_hw_scheduler.h##b0743ea65c6d77c614682a7835996174.gcov is included...
(DEBUG) Finding source file corresponding to a gcov data file
  gcov_fname   /home/afmondra/zephyr-course/app/modules/ring_buf/timer_model.c##4c7c7bd2ca11ba98cf7887731d685746.gcov
  current_dir  /home/afmondra/zephyr-course/app/modules/ring_buf
  root         /home/afmondra/zephyr-course/app/modules/ring_buf
  starting_dir /home/afmondra/zephyr-course
  obj_dir      None
  gcda_fname   ../../../twister-out/native_sim_native/host/homework.unit.ring_buf/zephyr/NSI/native/src/timer_model.gcda
  --> fname    /home/afmondra/deps/zephyr/scripts/native_simulator/native/src/timer_model.c
(DEBUG) Check if /home/afmondra/deps/zephyr/scripts/native_simulator/native/src/timer_model.c is included...
(DEBUG)   No filter matched.
(DEBUG) Finding source file corresponding to a gcov data file
  gcov_fname   /home/afmondra/zephyr-course/app/modules/ring_buf/nsi_hw_scheduler.h##b0743ea65c6d77c614682a7835996174.gcov
  current_dir  /home/afmondra/zephyr-course/app/modules/ring_buf
  root         /home/afmondra/zephyr-course/app/modules/ring_buf
  starting_dir /home/afmondra/zephyr-course
  obj_dir      None
  gcda_fname   ../../../twister-out/native_sim_native/host/homework.unit.ring_buf/zephyr/NSI/native/src/timer_model.gcda
  --> fname    /home/afmondra/deps/zephyr/scripts/native_simulator/common/src/include/nsi_hw_scheduler.h
(DEBUG) Check if /home/afmondra/deps/zephyr/scripts/native_simulator/common/src/include/nsi_hw_scheduler.h is included...
(DEBUG)   No filter matched.
(DEBUG) Processing file: /home/afmondra/zephyr-course/twister-out/native_sim_native/host/homework.unit.ring_buf/zephyr/arch/arch/posix/core/CMakeFiles/arch__posix__core.dir/cpuhalt.c.gcda
(DEBUG) Running gcov: 'gcov /home/afmondra/zephyr-course/twister-out/native_sim_native/host/homework.unit.ring_buf/zephyr/arch/arch/posix/core/CMakeFiles/arch__posix__core.dir/cpuhalt.c.gcda --branch-counts --branch-probabilities --all-blocks --demangled-names --hash-filenames --object-directory ../../../twister-out/native_sim_native/host/homework.unit.ring_buf/zephyr/arch/arch/posix/core/CMakeFiles/arch__posix__core.dir' in '/home/afmondra/zephyr-course/app/modules/ring_buf'
(DEBUG) GCOV return code was 0, stdout was:
File '/home/afmondra/deps/zephyr/arch/posix/core/cpuhalt.c'
Lines executed:0.00% of 9
No branches
Calls executed:0.00% of 5
Creating 'cpuhalt.c##4c60f98387e27a1b00fb436cfd080153.gcov'

Lines executed:0.00% of 9
<<, stderr was:
<<
(DEBUG) Check if cpuhalt.c##4c60f98387e27a1b00fb436cfd080153.gcov is included...
(DEBUG) Finding source file corresponding to a gcov data file
  gcov_fname   /home/afmondra/zephyr-course/app/modules/ring_buf/cpuhalt.c##4c60f98387e27a1b00fb436cfd080153.gcov
  current_dir  /home/afmondra/zephyr-course/app/modules/ring_buf
  root         /home/afmondra/zephyr-course/app/modules/ring_buf
  starting_dir /home/afmondra/zephyr-course
  obj_dir      None
  gcda_fname   ../../../twister-out/native_sim_native/host/homework.unit.ring_buf/zephyr/arch/arch/posix/core/CMakeFiles/arch__posix__core.dir/cpuhalt.c.gcda
  --> fname    /home/afmondra/deps/zephyr/arch/posix/core/cpuhalt.c
(DEBUG) Check if /home/afmondra/deps/zephyr/arch/posix/core/cpuhalt.c is included...
(DEBUG)   No filter matched.
(DEBUG) Processing file: /home/afmondra/zephyr-course/twister-out/native_sim_native/host/homework.unit.ring_buf/zephyr/arch/arch/posix/core/CMakeFiles/arch__posix__core.dir/fatal.c.gcda
(DEBUG) Running gcov: 'gcov /home/afmondra/zephyr-course/twister-out/native_sim_native/host/homework.unit.ring_buf/zephyr/arch/arch/posix/core/CMakeFiles/arch__posix__core.dir/fatal.c.gcda --branch-counts --branch-probabilities --all-blocks --demangled-names --hash-filenames --object-directory ../../../twister-out/native_sim_native/host/homework.unit.ring_buf/zephyr/arch/arch/posix/core/CMakeFiles/arch__posix__core.dir' in '/home/afmondra/zephyr-course/app/modules/ring_buf'
(DEBUG) GCOV return code was 0, stdout was:
File '/home/afmondra/deps/zephyr/arch/posix/core/fatal.c'
Lines executed:0.00% of 3
No branches
Calls executed:0.00% of 2
Creating 'fatal.c##8e008b32d39324929e75779c350f07c6.gcov'

Lines executed:0.00% of 3
<<, stderr was:
<<
(DEBUG) Check if fatal.c##8e008b32d39324929e75779c350f07c6.gcov is included...
(DEBUG) Finding source file corresponding to a gcov data file
  gcov_fname   /home/afmondra/zephyr-course/app/modules/ring_buf/fatal.c##8e008b32d39324929e75779c350f07c6.gcov
  current_dir  /home/afmondra/zephyr-course/app/modules/ring_buf
  root         /home/afmondra/zephyr-course/app/modules/ring_buf
  starting_dir /home/afmondra/zephyr-course
  obj_dir      None
  gcda_fname   ../../../twister-out/native_sim_native/host/homework.unit.ring_buf/zephyr/arch/arch/posix/core/CMakeFiles/arch__posix__core.dir/fatal.c.gcda
  --> fname    /home/afmondra/deps/zephyr/arch/posix/core/fatal.c
(DEBUG) Check if /home/afmondra/deps/zephyr/arch/posix/core/fatal.c is included...
(DEBUG)   No filter matched.
(DEBUG) Processing file: /home/afmondra/zephyr-course/twister-out/native_sim_native/host/homework.unit.ring_buf/zephyr/arch/arch/posix/core/CMakeFiles/arch__posix__core.dir/irq.c.gcda
(DEBUG) Running gcov: 'gcov /home/afmondra/zephyr-course/twister-out/native_sim_native/host/homework.unit.ring_buf/zephyr/arch/arch/posix/core/CMakeFiles/arch__posix__core.dir/irq.c.gcda --branch-counts --branch-probabilities --all-blocks --demangled-names --hash-filenames --object-directory ../../../twister-out/native_sim_native/host/homework.unit.ring_buf/zephyr/arch/arch/posix/core/CMakeFiles/arch__posix__core.dir' in '/home/afmondra/zephyr-course/app/modules/ring_buf'
(DEBUG) GCOV return code was 0, stdout was:
File '/home/afmondra/deps/zephyr/arch/posix/core/irq.c'
Lines executed:37.50% of 8
No branches
Calls executed:33.33% of 3
Creating 'irq.c##00fe950aff5ea691a2afe8cb377fb361.gcov'

Lines executed:37.50% of 8
<<, stderr was:
<<
(DEBUG) Check if irq.c##00fe950aff5ea691a2afe8cb377fb361.gcov is included...
(DEBUG) Finding source file corresponding to a gcov data file
  gcov_fname   /home/afmondra/zephyr-course/app/modules/ring_buf/irq.c##00fe950aff5ea691a2afe8cb377fb361.gcov
  current_dir  /home/afmondra/zephyr-course/app/modules/ring_buf
  root         /home/afmondra/zephyr-course/app/modules/ring_buf
  starting_dir /home/afmondra/zephyr-course
  obj_dir      None
  gcda_fname   ../../../twister-out/native_sim_native/host/homework.unit.ring_buf/zephyr/arch/arch/posix/core/CMakeFiles/arch__posix__core.dir/irq.c.gcda
  --> fname    /home/afmondra/deps/zephyr/arch/posix/core/irq.c
(DEBUG) Check if /home/afmondra/deps/zephyr/arch/posix/core/irq.c is included...
(DEBUG)   No filter matched.
(DEBUG) Processing file: /home/afmondra/zephyr-course/twister-out/native_sim_native/host/homework.unit.ring_buf/zephyr/arch/arch/posix/core/CMakeFiles/arch__posix__core.dir/posix_core_nsi.c.gcda
(DEBUG) Running gcov: 'gcov /home/afmondra/zephyr-course/twister-out/native_sim_native/host/homework.unit.ring_buf/zephyr/arch/arch/posix/core/CMakeFiles/arch__posix__core.dir/posix_core_nsi.c.gcda --branch-counts --branch-probabilities --all-blocks --demangled-names --hash-filenames --object-directory ../../../twister-out/native_sim_native/host/homework.unit.ring_buf/zephyr/arch/arch/posix/core/CMakeFiles/arch__posix__core.dir' in '/home/afmondra/zephyr-course/app/modules/ring_buf'
(DEBUG) GCOV return code was 0, stdout was:
File '/home/afmondra/deps/zephyr/arch/posix/core/posix_core_nsi.c'
Lines executed:85.71% of 21
No branches
Calls executed:87.50% of 8
Creating 'posix_core_nsi.c##b6d22934dd6bacc5ef137ad65561ce65.gcov'

Lines executed:85.71% of 21
<<, stderr was:
<<
(DEBUG) Check if posix_core_nsi.c##b6d22934dd6bacc5ef137ad65561ce65.gcov is included...
(DEBUG) Finding source file corresponding to a gcov data file
  gcov_fname   /home/afmondra/zephyr-course/app/modules/ring_buf/posix_core_nsi.c##b6d22934dd6bacc5ef137ad65561ce65.gcov
  current_dir  /home/afmondra/zephyr-course/app/modules/ring_buf
  root         /home/afmondra/zephyr-course/app/modules/ring_buf
  starting_dir /home/afmondra/zephyr-course
  obj_dir      None
  gcda_fname   ../../../twister-out/native_sim_native/host/homework.unit.ring_buf/zephyr/arch/arch/posix/core/CMakeFiles/arch__posix__core.dir/posix_core_nsi.c.gcda
  --> fname    /home/afmondra/deps/zephyr/arch/posix/core/posix_core_nsi.c
(DEBUG) Check if /home/afmondra/deps/zephyr/arch/posix/core/posix_core_nsi.c is included...
(DEBUG)   No filter matched.
(DEBUG) Processing file: /home/afmondra/zephyr-course/twister-out/native_sim_native/host/homework.unit.ring_buf/zephyr/arch/arch/posix/core/CMakeFiles/arch__posix__core.dir/swap.c.gcda
(DEBUG) Running gcov: 'gcov /home/afmondra/zephyr-course/twister-out/native_sim_native/host/homework.unit.ring_buf/zephyr/arch/arch/posix/core/CMakeFiles/arch__posix__core.dir/swap.c.gcda --branch-counts --branch-probabilities --all-blocks --demangled-names --hash-filenames --object-directory ../../../twister-out/native_sim_native/host/homework.unit.ring_buf/zephyr/arch/arch/posix/core/CMakeFiles/arch__posix__core.dir' in '/home/afmondra/zephyr-course/app/modules/ring_buf'
(DEBUG) GCOV return code was 0, stdout was:
File '/home/afmondra/deps/zephyr/arch/posix/core/swap.c'
Lines executed:94.12% of 17
No branches
Calls executed:100.00% of 3
Creating 'swap.c##31510467961319c887089c9e22b8bceb.gcov'

File '/home/afmondra/deps/zephyr/include/zephyr/arch/posix/arch.h'
Lines executed:100.00% of 3
No branches
Calls executed:100.00% of 1
Creating 'arch.h##eee3095deeb51a158c6bb5ded542fa59.gcov'

Lines executed:95.00% of 20
<<, stderr was:
<<
(DEBUG) Check if swap.c##31510467961319c887089c9e22b8bceb.gcov is included...
(DEBUG) Check if arch.h##eee3095deeb51a158c6bb5ded542fa59.gcov is included...
(DEBUG) Finding source file corresponding to a gcov data file
  gcov_fname   /home/afmondra/zephyr-course/app/modules/ring_buf/arch.h##eee3095deeb51a158c6bb5ded542fa59.gcov
  current_dir  /home/afmondra/zephyr-course/app/modules/ring_buf
  root         /home/afmondra/zephyr-course/app/modules/ring_buf
  starting_dir /home/afmondra/zephyr-course
  obj_dir      None
  gcda_fname   ../../../twister-out/native_sim_native/host/homework.unit.ring_buf/zephyr/arch/arch/posix/core/CMakeFiles/arch__posix__core.dir/swap.c.gcda
  --> fname    /home/afmondra/deps/zephyr/include/zephyr/arch/posix/arch.h
(DEBUG) Check if /home/afmondra/deps/zephyr/include/zephyr/arch/posix/arch.h is included...
(DEBUG)   No filter matched.
(DEBUG) Finding source file corresponding to a gcov data file
  gcov_fname   /home/afmondra/zephyr-course/app/modules/ring_buf/swap.c##31510467961319c887089c9e22b8bceb.gcov
  current_dir  /home/afmondra/zephyr-course/app/modules/ring_buf
  root         /home/afmondra/zephyr-course/app/modules/ring_buf
  starting_dir /home/afmondra/zephyr-course
  obj_dir      None
  gcda_fname   ../../../twister-out/native_sim_native/host/homework.unit.ring_buf/zephyr/arch/arch/posix/core/CMakeFiles/arch__posix__core.dir/swap.c.gcda
  --> fname    /home/afmondra/deps/zephyr/arch/posix/core/swap.c
(DEBUG) Check if /home/afmondra/deps/zephyr/arch/posix/core/swap.c is included...
(DEBUG)   No filter matched.
(DEBUG) Processing file: /home/afmondra/zephyr-course/twister-out/native_sim_native/host/homework.unit.ring_buf/zephyr/arch/arch/posix/core/CMakeFiles/arch__posix__core.dir/thread.c.gcda
(DEBUG) Running gcov: 'gcov /home/afmondra/zephyr-course/twister-out/native_sim_native/host/homework.unit.ring_buf/zephyr/arch/arch/posix/core/CMakeFiles/arch__posix__core.dir/thread.c.gcda --branch-counts --branch-probabilities --all-blocks --demangled-names --hash-filenames --object-directory ../../../twister-out/native_sim_native/host/homework.unit.ring_buf/zephyr/arch/arch/posix/core/CMakeFiles/arch__posix__core.dir' in '/home/afmondra/zephyr-course/app/modules/ring_buf'
(DEBUG) GCOV return code was 0, stdout was:
File '/home/afmondra/deps/zephyr/arch/posix/core/thread.c'
Lines executed:85.37% of 41
Branches executed:100.00% of 12
Taken at least once:58.33% of 12
Calls executed:77.78% of 9
Creating 'thread.c##68dbc82c76f38251efbb1344ca59c422.gcov'

File '/home/afmondra/deps/zephyr/include/zephyr/arch/posix/arch.h'
Lines executed:100.00% of 2
No branches
Calls executed:100.00% of 1
Creating 'arch.h##eee3095deeb51a158c6bb5ded542fa59.gcov'

Lines executed:86.05% of 43
<<, stderr was:
<<
(DEBUG) Check if thread.c##68dbc82c76f38251efbb1344ca59c422.gcov is included...
(DEBUG) Check if arch.h##eee3095deeb51a158c6bb5ded542fa59.gcov is included...
(DEBUG) Finding source file corresponding to a gcov data file
  gcov_fname   /home/afmondra/zephyr-course/app/modules/ring_buf/arch.h##eee3095deeb51a158c6bb5ded542fa59.gcov
  current_dir  /home/afmondra/zephyr-course/app/modules/ring_buf
  root         /home/afmondra/zephyr-course/app/modules/ring_buf
  starting_dir /home/afmondra/zephyr-course
  obj_dir      None
  gcda_fname   ../../../twister-out/native_sim_native/host/homework.unit.ring_buf/zephyr/arch/arch/posix/core/CMakeFiles/arch__posix__core.dir/thread.c.gcda
  --> fname    /home/afmondra/deps/zephyr/include/zephyr/arch/posix/arch.h
(DEBUG) Check if /home/afmondra/deps/zephyr/include/zephyr/arch/posix/arch.h is included...
(DEBUG)   No filter matched.
(DEBUG) Finding source file corresponding to a gcov data file
  gcov_fname   /home/afmondra/zephyr-course/app/modules/ring_buf/thread.c##68dbc82c76f38251efbb1344ca59c422.gcov
  current_dir  /home/afmondra/zephyr-course/app/modules/ring_buf
  root         /home/afmondra/zephyr-course/app/modules/ring_buf
  starting_dir /home/afmondra/zephyr-course
  obj_dir      None
  gcda_fname   ../../../twister-out/native_sim_native/host/homework.unit.ring_buf/zephyr/arch/arch/posix/core/CMakeFiles/arch__posix__core.dir/thread.c.gcda
  --> fname    /home/afmondra/deps/zephyr/arch/posix/core/thread.c
(DEBUG) Check if /home/afmondra/deps/zephyr/arch/posix/core/thread.c is included...
(DEBUG)   No filter matched.
(DEBUG) Processing file: /home/afmondra/zephyr-course/twister-out/native_sim_native/host/homework.unit.ring_buf/zephyr/boards/native/native_sim/CMakeFiles/boards__native__native_sim.dir/cmdline.c.gcda
(DEBUG) Running gcov: 'gcov /home/afmondra/zephyr-course/twister-out/native_sim_native/host/homework.unit.ring_buf/zephyr/boards/native/native_sim/CMakeFiles/boards__native__native_sim.dir/cmdline.c.gcda --branch-counts --branch-probabilities --all-blocks --demangled-names --hash-filenames --object-directory ../../../twister-out/native_sim_native/host/homework.unit.ring_buf/zephyr/boards/native/native_sim/CMakeFiles/boards__native__native_sim.dir' in '/home/afmondra/zephyr-course/app/modules/ring_buf'
(DEBUG) GCOV return code was 0, stdout was:
File '/home/afmondra/deps/zephyr/boards/native/native_sim/cmdline.c'
Lines executed:33.33% of 9
No branches
Calls executed:33.33% of 3
Creating 'cmdline.c##fb73b77430854b8be0560922f5f5f79a.gcov'

Lines executed:33.33% of 9
<<, stderr was:
<<
(DEBUG) Check if cmdline.c##fb73b77430854b8be0560922f5f5f79a.gcov is included...
(DEBUG) Finding source file corresponding to a gcov data file
  gcov_fname   /home/afmondra/zephyr-course/app/modules/ring_buf/cmdline.c##fb73b77430854b8be0560922f5f5f79a.gcov
  current_dir  /home/afmondra/zephyr-course/app/modules/ring_buf
  root         /home/afmondra/zephyr-course/app/modules/ring_buf
  starting_dir /home/afmondra/zephyr-course
  obj_dir      None
  gcda_fname   ../../../twister-out/native_sim_native/host/homework.unit.ring_buf/zephyr/boards/native/native_sim/CMakeFiles/boards__native__native_sim.dir/cmdline.c.gcda
  --> fname    /home/afmondra/deps/zephyr/boards/native/native_sim/cmdline.c
(DEBUG) Check if /home/afmondra/deps/zephyr/boards/native/native_sim/cmdline.c is included...
(DEBUG)   No filter matched.
(DEBUG) Processing file: /home/afmondra/zephyr-course/twister-out/native_sim_native/host/homework.unit.ring_buf/zephyr/boards/native/native_sim/CMakeFiles/boards__native__native_sim.dir/cpu_wait.c.gcda
(DEBUG) Running gcov: 'gcov /home/afmondra/zephyr-course/twister-out/native_sim_native/host/homework.unit.ring_buf/zephyr/boards/native/native_sim/CMakeFiles/boards__native__native_sim.dir/cpu_wait.c.gcda --branch-counts --branch-probabilities --all-blocks --demangled-names --hash-filenames --object-directory ../../../twister-out/native_sim_native/host/homework.unit.ring_buf/zephyr/boards/native/native_sim/CMakeFiles/boards__native__native_sim.dir' in '/home/afmondra/zephyr-course/app/modules/ring_buf'
(DEBUG) GCOV return code was 0, stdout was:
File '/home/afmondra/deps/zephyr/boards/native/native_sim/cpu_wait.c'
Lines executed:0.00% of 15
Branches executed:0.00% of 4
Taken at least once:0.00% of 4
Calls executed:0.00% of 9
Creating 'cpu_wait.c##3deaa91fa6b5b20dcea91840e6173a07.gcov'

File '/home/afmondra/deps/zephyr/scripts/native_simulator/common/src/include/nsi_hw_scheduler.h'
Lines executed:0.00% of 2
No branches
No calls
Creating 'nsi_hw_scheduler.h##b0743ea65c6d77c614682a7835996174.gcov'

Lines executed:0.00% of 17
<<, stderr was:
<<
(DEBUG) Check if cpu_wait.c##3deaa91fa6b5b20dcea91840e6173a07.gcov is included...
(DEBUG) Check if nsi_hw_scheduler.h##b0743ea65c6d77c614682a7835996174.gcov is included...
(DEBUG) Finding source file corresponding to a gcov data file
  gcov_fname   /home/afmondra/zephyr-course/app/modules/ring_buf/cpu_wait.c##3deaa91fa6b5b20dcea91840e6173a07.gcov
  current_dir  /home/afmondra/zephyr-course/app/modules/ring_buf
  root         /home/afmondra/zephyr-course/app/modules/ring_buf
  starting_dir /home/afmondra/zephyr-course
  obj_dir      None
  gcda_fname   ../../../twister-out/native_sim_native/host/homework.unit.ring_buf/zephyr/boards/native/native_sim/CMakeFiles/boards__native__native_sim.dir/cpu_wait.c.gcda
  --> fname    /home/afmondra/deps/zephyr/boards/native/native_sim/cpu_wait.c
(DEBUG) Check if /home/afmondra/deps/zephyr/boards/native/native_sim/cpu_wait.c is included...
(DEBUG)   No filter matched.
(DEBUG) Finding source file corresponding to a gcov data file
  gcov_fname   /home/afmondra/zephyr-course/app/modules/ring_buf/nsi_hw_scheduler.h##b0743ea65c6d77c614682a7835996174.gcov
  current_dir  /home/afmondra/zephyr-course/app/modules/ring_buf
  root         /home/afmondra/zephyr-course/app/modules/ring_buf
  starting_dir /home/afmondra/zephyr-course
  obj_dir      None
  gcda_fname   ../../../twister-out/native_sim_native/host/homework.unit.ring_buf/zephyr/boards/native/native_sim/CMakeFiles/boards__native__native_sim.dir/cpu_wait.c.gcda
  --> fname    /home/afmondra/deps/zephyr/scripts/native_simulator/common/src/include/nsi_hw_scheduler.h
(DEBUG) Check if /home/afmondra/deps/zephyr/scripts/native_simulator/common/src/include/nsi_hw_scheduler.h is included...
(DEBUG)   No filter matched.
(DEBUG) Processing file: /home/afmondra/zephyr-course/twister-out/native_sim_native/host/homework.unit.ring_buf/zephyr/boards/native/native_sim/CMakeFiles/boards__native__native_sim.dir/irq_handler.c.gcda
(DEBUG) Running gcov: 'gcov /home/afmondra/zephyr-course/twister-out/native_sim_native/host/homework.unit.ring_buf/zephyr/boards/native/native_sim/CMakeFiles/boards__native__native_sim.dir/irq_handler.c.gcda --branch-counts --branch-probabilities --all-blocks --demangled-names --hash-filenames --object-directory ../../../twister-out/native_sim_native/host/homework.unit.ring_buf/zephyr/boards/native/native_sim/CMakeFiles/boards__native__native_sim.dir' in '/home/afmondra/zephyr-course/app/modules/ring_buf'
(DEBUG) GCOV return code was 0, stdout was:
File '/home/afmondra/deps/zephyr/boards/native/native_sim/irq_handler.c'
Lines executed:25.64% of 78
Branches executed:14.29% of 28
Taken at least once:7.14% of 28
Calls executed:16.13% of 31
Creating 'irq_handler.c##48e6119894c0abe4e8a81e80568ae9d6.gcov'

File '/home/afmondra/deps/zephyr/kernel/include/kswap.h'
Lines executed:0.00% of 3
No branches
Calls executed:0.00% of 1
Creating 'kswap.h##483f1340319f4640844203f3f81ed500.gcov'

Lines executed:24.69% of 81
<<, stderr was:
<<
(DEBUG) Check if irq_handler.c##48e6119894c0abe4e8a81e80568ae9d6.gcov is included...
(DEBUG) Check if kswap.h##483f1340319f4640844203f3f81ed500.gcov is included...
(DEBUG) Finding source file corresponding to a gcov data file
  gcov_fname   /home/afmondra/zephyr-course/app/modules/ring_buf/kswap.h##483f1340319f4640844203f3f81ed500.gcov
  current_dir  /home/afmondra/zephyr-course/app/modules/ring_buf
  root         /home/afmondra/zephyr-course/app/modules/ring_buf
  starting_dir /home/afmondra/zephyr-course
  obj_dir      None
  gcda_fname   ../../../twister-out/native_sim_native/host/homework.unit.ring_buf/zephyr/boards/native/native_sim/CMakeFiles/boards__native__native_sim.dir/irq_handler.c.gcda
  --> fname    /home/afmondra/deps/zephyr/kernel/include/kswap.h
(DEBUG) Check if /home/afmondra/deps/zephyr/kernel/include/kswap.h is included...
(DEBUG)   No filter matched.
(DEBUG) Finding source file corresponding to a gcov data file
  gcov_fname   /home/afmondra/zephyr-course/app/modules/ring_buf/irq_handler.c##48e6119894c0abe4e8a81e80568ae9d6.gcov
  current_dir  /home/afmondra/zephyr-course/app/modules/ring_buf
  root         /home/afmondra/zephyr-course/app/modules/ring_buf
  starting_dir /home/afmondra/zephyr-course
  obj_dir      None
  gcda_fname   ../../../twister-out/native_sim_native/host/homework.unit.ring_buf/zephyr/boards/native/native_sim/CMakeFiles/boards__native__native_sim.dir/irq_handler.c.gcda
  --> fname    /home/afmondra/deps/zephyr/boards/native/native_sim/irq_handler.c
(DEBUG) Check if /home/afmondra/deps/zephyr/boards/native/native_sim/irq_handler.c is included...
(DEBUG)   No filter matched.
(DEBUG) Processing file: /home/afmondra/zephyr-course/twister-out/native_sim_native/host/homework.unit.ring_buf/zephyr/boards/native/native_sim/CMakeFiles/boards__native__native_sim.dir/misc.c.gcno
(DEBUG) Running gcov: 'gcov /home/afmondra/zephyr-course/twister-out/native_sim_native/host/homework.unit.ring_buf/zephyr/boards/native/native_sim/CMakeFiles/boards__native__native_sim.dir/misc.c.gcno --branch-counts --branch-probabilities --all-blocks --demangled-names --hash-filenames --object-directory ../../../twister-out/native_sim_native/host/homework.unit.ring_buf/zephyr/boards/native/native_sim/CMakeFiles/boards__native__native_sim.dir' in '/home/afmondra/zephyr-course/app/modules/ring_buf'
(DEBUG) GCOV return code was 0, stdout was:
No executable lines
<<, stderr was:
../../../twister-out/native_sim_native/host/homework.unit.ring_buf/zephyr/boards/native/native_sim/CMakeFiles/boards__native__native_sim.dir/misc.c.gcno:no functions found
../../../twister-out/native_sim_native/host/homework.unit.ring_buf/zephyr/boards/native/native_sim/CMakeFiles/boards__native__native_sim.dir/misc.c.gcda:cannot open data file, assuming not executed
<<
(DEBUG) Processing file: /home/afmondra/zephyr-course/twister-out/native_sim_native/host/homework.unit.ring_buf/zephyr/boards/native/native_sim/CMakeFiles/boards__native__native_sim.dir/nsi_if.c.gcda
(DEBUG) Running gcov: 'gcov /home/afmondra/zephyr-course/twister-out/native_sim_native/host/homework.unit.ring_buf/zephyr/boards/native/native_sim/CMakeFiles/boards__native__native_sim.dir/nsi_if.c.gcda --branch-counts --branch-probabilities --all-blocks --demangled-names --hash-filenames --object-directory ../../../twister-out/native_sim_native/host/homework.unit.ring_buf/zephyr/boards/native/native_sim/CMakeFiles/boards__native__native_sim.dir' in '/home/afmondra/zephyr-course/app/modules/ring_buf'
(DEBUG) GCOV return code was 0, stdout was:
File '/home/afmondra/deps/zephyr/boards/native/native_sim/nsi_if.c'
Lines executed:70.59% of 17
No branches
Calls executed:71.43% of 7
Creating 'nsi_if.c##266a2a8a1665c14d073c1ac9df0b4e59.gcov'

Lines executed:70.59% of 17
<<, stderr was:
<<
(DEBUG) Check if nsi_if.c##266a2a8a1665c14d073c1ac9df0b4e59.gcov is included...
(DEBUG) Finding source file corresponding to a gcov data file
  gcov_fname   /home/afmondra/zephyr-course/app/modules/ring_buf/nsi_if.c##266a2a8a1665c14d073c1ac9df0b4e59.gcov
  current_dir  /home/afmondra/zephyr-course/app/modules/ring_buf
  root         /home/afmondra/zephyr-course/app/modules/ring_buf
  starting_dir /home/afmondra/zephyr-course
  obj_dir      None
  gcda_fname   ../../../twister-out/native_sim_native/host/homework.unit.ring_buf/zephyr/boards/native/native_sim/CMakeFiles/boards__native__native_sim.dir/nsi_if.c.gcda
  --> fname    /home/afmondra/deps/zephyr/boards/native/native_sim/nsi_if.c
(DEBUG) Check if /home/afmondra/deps/zephyr/boards/native/native_sim/nsi_if.c is included...
(DEBUG)   No filter matched.
(DEBUG) Processing file: /home/afmondra/zephyr-course/twister-out/native_sim_native/host/homework.unit.ring_buf/zephyr/boards/native/native_sim/CMakeFiles/boards__native__native_sim.dir/posix_arch_if.c.gcda
(DEBUG) Running gcov: 'gcov /home/afmondra/zephyr-course/twister-out/native_sim_native/host/homework.unit.ring_buf/zephyr/boards/native/native_sim/CMakeFiles/boards__native__native_sim.dir/posix_arch_if.c.gcda --branch-counts --branch-probabilities --all-blocks --demangled-names --hash-filenames --object-directory ../../../twister-out/native_sim_native/host/homework.unit.ring_buf/zephyr/boards/native/native_sim/CMakeFiles/boards__native__native_sim.dir' in '/home/afmondra/zephyr-course/app/modules/ring_buf'
(DEBUG) GCOV return code was 0, stdout was:
File '/home/afmondra/deps/zephyr/boards/native/native_sim/posix_arch_if.c'
Lines executed:25.93% of 27
No branches
Calls executed:16.67% of 6
Creating 'posix_arch_if.c##1d9a05141d4ddb7238d6710e27418b9f.gcov'

File '/home/afmondra/deps/zephyr/scripts/native_simulator/common/src/include/nsi_hw_scheduler.h'
Lines executed:0.00% of 2
No branches
No calls
Creating 'nsi_hw_scheduler.h##b0743ea65c6d77c614682a7835996174.gcov'

Lines executed:24.14% of 29
<<, stderr was:
<<
(DEBUG) Check if posix_arch_if.c##1d9a05141d4ddb7238d6710e27418b9f.gcov is included...
(DEBUG) Check if nsi_hw_scheduler.h##b0743ea65c6d77c614682a7835996174.gcov is included...
(DEBUG) Finding source file corresponding to a gcov data file
  gcov_fname   /home/afmondra/zephyr-course/app/modules/ring_buf/posix_arch_if.c##1d9a05141d4ddb7238d6710e27418b9f.gcov
  current_dir  /home/afmondra/zephyr-course/app/modules/ring_buf
  root         /home/afmondra/zephyr-course/app/modules/ring_buf
  starting_dir /home/afmondra/zephyr-course
  obj_dir      None
  gcda_fname   ../../../twister-out/native_sim_native/host/homework.unit.ring_buf/zephyr/boards/native/native_sim/CMakeFiles/boards__native__native_sim.dir/posix_arch_if.c.gcda
  --> fname    /home/afmondra/deps/zephyr/boards/native/native_sim/posix_arch_if.c
(DEBUG) Check if /home/afmondra/deps/zephyr/boards/native/native_sim/posix_arch_if.c is included...
(DEBUG)   No filter matched.
(DEBUG) Finding source file corresponding to a gcov data file
  gcov_fname   /home/afmondra/zephyr-course/app/modules/ring_buf/nsi_hw_scheduler.h##b0743ea65c6d77c614682a7835996174.gcov
  current_dir  /home/afmondra/zephyr-course/app/modules/ring_buf
  root         /home/afmondra/zephyr-course/app/modules/ring_buf
  starting_dir /home/afmondra/zephyr-course
  obj_dir      None
  gcda_fname   ../../../twister-out/native_sim_native/host/homework.unit.ring_buf/zephyr/boards/native/native_sim/CMakeFiles/boards__native__native_sim.dir/posix_arch_if.c.gcda
  --> fname    /home/afmondra/deps/zephyr/scripts/native_simulator/common/src/include/nsi_hw_scheduler.h
(DEBUG) Check if /home/afmondra/deps/zephyr/scripts/native_simulator/common/src/include/nsi_hw_scheduler.h is included...
(DEBUG)   No filter matched.
(DEBUG) Processing file: /home/afmondra/zephyr-course/twister-out/native_sim_native/host/homework.unit.ring_buf/zephyr/drivers/console/CMakeFiles/drivers__console.dir/posix_arch_console.c.gcda
(DEBUG) Running gcov: 'gcov /home/afmondra/zephyr-course/twister-out/native_sim_native/host/homework.unit.ring_buf/zephyr/drivers/console/CMakeFiles/drivers__console.dir/posix_arch_console.c.gcda --branch-counts --branch-probabilities --all-blocks --demangled-names --hash-filenames --object-directory ../../../twister-out/native_sim_native/host/homework.unit.ring_buf/zephyr/drivers/console/CMakeFiles/drivers__console.dir' in '/home/afmondra/zephyr-course/app/modules/ring_buf'
(DEBUG) GCOV return code was 0, stdout was:
File '/home/afmondra/deps/zephyr/drivers/console/posix_arch_console.c'
Lines executed:13.04% of 23
Branches executed:0.00% of 10
Taken at least once:0.00% of 10
Calls executed:33.33% of 3
Creating 'posix_arch_console.c##e0bb1f013e61b5ab0fe97c0ec62c4db1.gcov'

Lines executed:13.04% of 23
<<, stderr was:
<<
(DEBUG) Check if posix_arch_console.c##e0bb1f013e61b5ab0fe97c0ec62c4db1.gcov is included...
(DEBUG) Finding source file corresponding to a gcov data file
  gcov_fname   /home/afmondra/zephyr-course/app/modules/ring_buf/posix_arch_console.c##e0bb1f013e61b5ab0fe97c0ec62c4db1.gcov
  current_dir  /home/afmondra/zephyr-course/app/modules/ring_buf
  root         /home/afmondra/zephyr-course/app/modules/ring_buf
  starting_dir /home/afmondra/zephyr-course
  obj_dir      None
  gcda_fname   ../../../twister-out/native_sim_native/host/homework.unit.ring_buf/zephyr/drivers/console/CMakeFiles/drivers__console.dir/posix_arch_console.c.gcda
  --> fname    /home/afmondra/deps/zephyr/drivers/console/posix_arch_console.c
(DEBUG) Check if /home/afmondra/deps/zephyr/drivers/console/posix_arch_console.c is included...
(DEBUG)   No filter matched.
(DEBUG) Processing file: /home/afmondra/zephyr-course/twister-out/native_sim_native/host/homework.unit.ring_buf/zephyr/drivers/timer/CMakeFiles/drivers__timer.dir/native_sim_timer.c.gcda
(DEBUG) Running gcov: 'gcov /home/afmondra/zephyr-course/twister-out/native_sim_native/host/homework.unit.ring_buf/zephyr/drivers/timer/CMakeFiles/drivers__timer.dir/native_sim_timer.c.gcda --branch-counts --branch-probabilities --all-blocks --demangled-names --hash-filenames --object-directory ../../../twister-out/native_sim_native/host/homework.unit.ring_buf/zephyr/drivers/timer/CMakeFiles/drivers__timer.dir' in '/home/afmondra/zephyr-course/app/modules/ring_buf'
(DEBUG) GCOV return code was 0, stdout was:
File '/home/afmondra/deps/zephyr/drivers/timer/native_sim_timer.c'
Lines executed:50.00% of 34
Branches executed:100.00% of 4
Taken at least once:50.00% of 4
Calls executed:57.14% of 14
Creating 'native_sim_timer.c##ed35f4b230399f8791a2be6eee3636ad.gcov'

File '/home/afmondra/deps/zephyr/scripts/native_simulator/common/src/include/nsi_hw_scheduler.h'
Lines executed:100.00% of 2
No branches
No calls
Creating 'nsi_hw_scheduler.h##b0743ea65c6d77c614682a7835996174.gcov'

Lines executed:52.78% of 36
<<, stderr was:
<<
(DEBUG) Check if native_sim_timer.c##ed35f4b230399f8791a2be6eee3636ad.gcov is included...
(DEBUG) Check if nsi_hw_scheduler.h##b0743ea65c6d77c614682a7835996174.gcov is included...
(DEBUG) Finding source file corresponding to a gcov data file
  gcov_fname   /home/afmondra/zephyr-course/app/modules/ring_buf/native_sim_timer.c##ed35f4b230399f8791a2be6eee3636ad.gcov
  current_dir  /home/afmondra/zephyr-course/app/modules/ring_buf
  root         /home/afmondra/zephyr-course/app/modules/ring_buf
  starting_dir /home/afmondra/zephyr-course
  obj_dir      None
  gcda_fname   ../../../twister-out/native_sim_native/host/homework.unit.ring_buf/zephyr/drivers/timer/CMakeFiles/drivers__timer.dir/native_sim_timer.c.gcda
  --> fname    /home/afmondra/deps/zephyr/drivers/timer/native_sim_timer.c
(DEBUG) Check if /home/afmondra/deps/zephyr/drivers/timer/native_sim_timer.c is included...
(DEBUG)   No filter matched.
(DEBUG) Finding source file corresponding to a gcov data file
  gcov_fname   /home/afmondra/zephyr-course/app/modules/ring_buf/nsi_hw_scheduler.h##b0743ea65c6d77c614682a7835996174.gcov
  current_dir  /home/afmondra/zephyr-course/app/modules/ring_buf
  root         /home/afmondra/zephyr-course/app/modules/ring_buf
  starting_dir /home/afmondra/zephyr-course
  obj_dir      None
  gcda_fname   ../../../twister-out/native_sim_native/host/homework.unit.ring_buf/zephyr/drivers/timer/CMakeFiles/drivers__timer.dir/native_sim_timer.c.gcda
  --> fname    /home/afmondra/deps/zephyr/scripts/native_simulator/common/src/include/nsi_hw_scheduler.h
(DEBUG) Check if /home/afmondra/deps/zephyr/scripts/native_simulator/common/src/include/nsi_hw_scheduler.h is included...
(DEBUG)   No filter matched.
(DEBUG) Processing file: /home/afmondra/zephyr-course/twister-out/native_sim_native/host/homework.unit.ring_buf/zephyr/drivers/timer/CMakeFiles/drivers__timer.dir/sys_clock_init.c.gcda
(DEBUG) Running gcov: 'gcov /home/afmondra/zephyr-course/twister-out/native_sim_native/host/homework.unit.ring_buf/zephyr/drivers/timer/CMakeFiles/drivers__timer.dir/sys_clock_init.c.gcda --branch-counts --branch-probabilities --all-blocks --demangled-names --hash-filenames --object-directory ../../../twister-out/native_sim_native/host/homework.unit.ring_buf/zephyr/drivers/timer/CMakeFiles/drivers__timer.dir' in '/home/afmondra/zephyr-course/app/modules/ring_buf'
(DEBUG) GCOV return code was 0, stdout was:
File '/home/afmondra/deps/zephyr/drivers/timer/sys_clock_init.c'
Lines executed:0.00% of 4
No branches
No calls
Creating 'sys_clock_init.c##d162613d1a9e2b70758a6ab8ea78ce31.gcov'

Lines executed:0.00% of 4
<<, stderr was:
<<
(DEBUG) Check if sys_clock_init.c##d162613d1a9e2b70758a6ab8ea78ce31.gcov is included...
(DEBUG) Finding source file corresponding to a gcov data file
  gcov_fname   /home/afmondra/zephyr-course/app/modules/ring_buf/sys_clock_init.c##d162613d1a9e2b70758a6ab8ea78ce31.gcov
  current_dir  /home/afmondra/zephyr-course/app/modules/ring_buf
  root         /home/afmondra/zephyr-course/app/modules/ring_buf
  starting_dir /home/afmondra/zephyr-course
  obj_dir      None
  gcda_fname   ../../../twister-out/native_sim_native/host/homework.unit.ring_buf/zephyr/drivers/timer/CMakeFiles/drivers__timer.dir/sys_clock_init.c.gcda
  --> fname    /home/afmondra/deps/zephyr/drivers/timer/sys_clock_init.c
(DEBUG) Check if /home/afmondra/deps/zephyr/drivers/timer/sys_clock_init.c is included...
(DEBUG)   No filter matched.
(DEBUG) Processing file: /home/afmondra/zephyr-course/twister-out/native_sim_native/host/homework.unit.ring_buf/zephyr/kernel/CMakeFiles/kernel.dir/banner.c.gcda
(DEBUG) Running gcov: 'gcov /home/afmondra/zephyr-course/twister-out/native_sim_native/host/homework.unit.ring_buf/zephyr/kernel/CMakeFiles/kernel.dir/banner.c.gcda --branch-counts --branch-probabilities --all-blocks --demangled-names --hash-filenames --object-directory ../../../twister-out/native_sim_native/host/homework.unit.ring_buf/zephyr/kernel/CMakeFiles/kernel.dir' in '/home/afmondra/zephyr-course/app/modules/ring_buf'
(DEBUG) GCOV return code was 0, stdout was:
File '/home/afmondra/deps/zephyr/kernel/banner.c'
Lines executed:100.00% of 3
No branches
Calls executed:100.00% of 1
Creating 'banner.c##d81e9fddf7b5c196f737eca66860e235.gcov'

Lines executed:100.00% of 3
<<, stderr was:
<<
(DEBUG) Check if banner.c##d81e9fddf7b5c196f737eca66860e235.gcov is included...
(DEBUG) Finding source file corresponding to a gcov data file
  gcov_fname   /home/afmondra/zephyr-course/app/modules/ring_buf/banner.c##d81e9fddf7b5c196f737eca66860e235.gcov
  current_dir  /home/afmondra/zephyr-course/app/modules/ring_buf
  root         /home/afmondra/zephyr-course/app/modules/ring_buf
  starting_dir /home/afmondra/zephyr-course
  obj_dir      None
  gcda_fname   ../../../twister-out/native_sim_native/host/homework.unit.ring_buf/zephyr/kernel/CMakeFiles/kernel.dir/banner.c.gcda
  --> fname    /home/afmondra/deps/zephyr/kernel/banner.c
(DEBUG) Check if /home/afmondra/deps/zephyr/kernel/banner.c is included...
(DEBUG)   No filter matched.
(DEBUG) Processing file: /home/afmondra/zephyr-course/twister-out/native_sim_native/host/homework.unit.ring_buf/zephyr/kernel/CMakeFiles/kernel.dir/busy_wait.c.gcno
(DEBUG) Running gcov: 'gcov /home/afmondra/zephyr-course/twister-out/native_sim_native/host/homework.unit.ring_buf/zephyr/kernel/CMakeFiles/kernel.dir/busy_wait.c.gcno --branch-counts --branch-probabilities --all-blocks --demangled-names --hash-filenames --object-directory ../../../twister-out/native_sim_native/host/homework.unit.ring_buf/zephyr/kernel/CMakeFiles/kernel.dir' in '/home/afmondra/zephyr-course/app/modules/ring_buf'
(DEBUG) GCOV return code was 0, stdout was:
File '/home/afmondra/deps/zephyr/kernel/busy_wait.c'
Lines executed:0.00% of 4
Branches executed:0.00% of 2
Taken at least once:0.00% of 2
Calls executed:0.00% of 1
Creating 'busy_wait.c##76d9cfb25cd0bfa048538f1508ed555c.gcov'

Lines executed:0.00% of 4
<<, stderr was:
../../../twister-out/native_sim_native/host/homework.unit.ring_buf/zephyr/kernel/CMakeFiles/kernel.dir/busy_wait.c.gcda:cannot open data file, assuming not executed
<<
(DEBUG) Check if busy_wait.c##76d9cfb25cd0bfa048538f1508ed555c.gcov is included...
(DEBUG) Finding source file corresponding to a gcov data file
  gcov_fname   /home/afmondra/zephyr-course/app/modules/ring_buf/busy_wait.c##76d9cfb25cd0bfa048538f1508ed555c.gcov
  current_dir  /home/afmondra/zephyr-course/app/modules/ring_buf
  root         /home/afmondra/zephyr-course/app/modules/ring_buf
  starting_dir /home/afmondra/zephyr-course
  obj_dir      None
  gcda_fname   ../../../twister-out/native_sim_native/host/homework.unit.ring_buf/zephyr/kernel/CMakeFiles/kernel.dir/busy_wait.c.gcno
  --> fname    /home/afmondra/deps/zephyr/kernel/busy_wait.c
(DEBUG) Check if /home/afmondra/deps/zephyr/kernel/busy_wait.c is included...
(DEBUG)   No filter matched.
(DEBUG) Processing file: /home/afmondra/zephyr-course/twister-out/native_sim_native/host/homework.unit.ring_buf/zephyr/kernel/CMakeFiles/kernel.dir/condvar.c.gcno
(DEBUG) Running gcov: 'gcov /home/afmondra/zephyr-course/twister-out/native_sim_native/host/homework.unit.ring_buf/zephyr/kernel/CMakeFiles/kernel.dir/condvar.c.gcno --branch-counts --branch-probabilities --all-blocks --demangled-names --hash-filenames --object-directory ../../../twister-out/native_sim_native/host/homework.unit.ring_buf/zephyr/kernel/CMakeFiles/kernel.dir' in '/home/afmondra/zephyr-course/app/modules/ring_buf'
(DEBUG) GCOV return code was 0, stdout was:
File '/home/afmondra/deps/zephyr/kernel/condvar.c'
Lines executed:0.00% of 31
Branches executed:0.00% of 6
Taken at least once:0.00% of 6
Calls executed:0.00% of 19
Creating 'condvar.c##63b728e2b760f471664b35817216c95d.gcov'

File '/home/afmondra/deps/zephyr/kernel/include/wait_q.h'
Lines executed:0.00% of 3
No branches
Calls executed:0.00% of 1
Creating 'wait_q.h##7d194b64851e991ac75a7d3dbc9cc4b5.gcov'

File '/home/afmondra/deps/zephyr/kernel/include/ksched.h'
Lines executed:0.00% of 16
Branches executed:0.00% of 6
Taken at least once:0.00% of 6
Calls executed:0.00% of 18
Creating 'ksched.h##66840255ea5d90e8133169214ef7589d.gcov'

File '/home/afmondra/deps/zephyr/kernel/include/priority_q.h'
Lines executed:0.00% of 9
Branches executed:0.00% of 2
Taken at least once:0.00% of 2
Calls executed:0.00% of 2
Creating 'priority_q.h##019a5395a95fa982590d634a0de7c00b.gcov'

File '/home/afmondra/deps/zephyr/kernel/include/kthread.h'
Lines executed:0.00% of 3
No branches
No calls
Creating 'kthread.h##f5ac6029d1fd819fb88ff662c28cfe33.gcov'

File '/home/afmondra/deps/zephyr/kernel/include/timeout_q.h'
Lines executed:0.00% of 3
No branches
Calls executed:0.00% of 1
Creating 'timeout_q.h##0019aefc9ed6cdad0bdd6ed43d40cc99.gcov'

File '/home/afmondra/deps/zephyr/arch/posix/include/kernel_arch_func.h'
Lines executed:0.00% of 3
No branches
No calls
Creating 'kernel_arch_func.h##379cf6a4b0e9931ee2a0b5e22a6341aa.gcov'

File '/home/afmondra/zephyr-course/twister-out/native_sim_native/host/homework.unit.ring_buf/zephyr/include/generated/zephyr/syscalls/kernel.h'
Lines executed:0.00% of 6
No branches
Calls executed:0.00% of 4
Creating 'kernel.h##13f2e6a4c33f57e7946f4cdd024701bf.gcov'

File '/home/afmondra/deps/zephyr/include/zephyr/sys/internal/kobject_internal.h'
Lines executed:0.00% of 2
No branches
No calls
Creating 'kobject_internal.h##7fc8757d0ace3c199ecb77726040aa27.gcov'

File '/home/afmondra/deps/zephyr/include/zephyr/spinlock.h'
Lines executed:0.00% of 15
Branches executed:0.00% of 4
Taken at least once:0.00% of 4
Calls executed:0.00% of 17
Creating 'spinlock.h##0907215eaec88fd477ba521e3409787d.gcov'

File '/home/afmondra/deps/zephyr/include/zephyr/arch/posix/arch.h'
Lines executed:0.00% of 7
No branches
Calls executed:0.00% of 2
Creating 'arch.h##eee3095deeb51a158c6bb5ded542fa59.gcov'

File '/home/afmondra/deps/zephyr/include/zephyr/sys/dlist.h'
Lines executed:0.00% of 19
Branches executed:0.00% of 2
Taken at least once:0.00% of 2
Calls executed:0.00% of 2
Creating 'dlist.h##a327e4cc11655394ebace39a0dfd33dd.gcov'

Lines executed:0.00% of 117
<<, stderr was:
../../../twister-out/native_sim_native/host/homework.unit.ring_buf/zephyr/kernel/CMakeFiles/kernel.dir/condvar.c.gcda:cannot open data file, assuming not executed
<<
(DEBUG) Check if condvar.c##63b728e2b760f471664b35817216c95d.gcov is included...
(DEBUG) Check if wait_q.h##7d194b64851e991ac75a7d3dbc9cc4b5.gcov is included...
(DEBUG) Check if ksched.h##66840255ea5d90e8133169214ef7589d.gcov is included...
(DEBUG) Check if priority_q.h##019a5395a95fa982590d634a0de7c00b.gcov is included...
(DEBUG) Check if kthread.h##f5ac6029d1fd819fb88ff662c28cfe33.gcov is included...
(DEBUG) Check if timeout_q.h##0019aefc9ed6cdad0bdd6ed43d40cc99.gcov is included...
(DEBUG) Check if kernel_arch_func.h##379cf6a4b0e9931ee2a0b5e22a6341aa.gcov is included...
(DEBUG) Check if kernel.h##13f2e6a4c33f57e7946f4cdd024701bf.gcov is included...
(DEBUG) Check if kobject_internal.h##7fc8757d0ace3c199ecb77726040aa27.gcov is included...
(DEBUG) Check if spinlock.h##0907215eaec88fd477ba521e3409787d.gcov is included...
(DEBUG) Check if arch.h##eee3095deeb51a158c6bb5ded542fa59.gcov is included...
(DEBUG) Check if dlist.h##a327e4cc11655394ebace39a0dfd33dd.gcov is included...
(DEBUG) Finding source file corresponding to a gcov data file
  gcov_fname   /home/afmondra/zephyr-course/app/modules/ring_buf/arch.h##eee3095deeb51a158c6bb5ded542fa59.gcov
  current_dir  /home/afmondra/zephyr-course/app/modules/ring_buf
  root         /home/afmondra/zephyr-course/app/modules/ring_buf
  starting_dir /home/afmondra/zephyr-course
  obj_dir      None
  gcda_fname   ../../../twister-out/native_sim_native/host/homework.unit.ring_buf/zephyr/kernel/CMakeFiles/kernel.dir/condvar.c.gcno
  --> fname    /home/afmondra/deps/zephyr/include/zephyr/arch/posix/arch.h
(DEBUG) Check if /home/afmondra/deps/zephyr/include/zephyr/arch/posix/arch.h is included...
(DEBUG)   No filter matched.
(DEBUG) Finding source file corresponding to a gcov data file
  gcov_fname   /home/afmondra/zephyr-course/app/modules/ring_buf/timeout_q.h##0019aefc9ed6cdad0bdd6ed43d40cc99.gcov
  current_dir  /home/afmondra/zephyr-course/app/modules/ring_buf
  root         /home/afmondra/zephyr-course/app/modules/ring_buf
  starting_dir /home/afmondra/zephyr-course
  obj_dir      None
  gcda_fname   ../../../twister-out/native_sim_native/host/homework.unit.ring_buf/zephyr/kernel/CMakeFiles/kernel.dir/condvar.c.gcno
  --> fname    /home/afmondra/deps/zephyr/kernel/include/timeout_q.h
(DEBUG) Check if /home/afmondra/deps/zephyr/kernel/include/timeout_q.h is included...
(DEBUG)   No filter matched.
(DEBUG) Finding source file corresponding to a gcov data file
  gcov_fname   /home/afmondra/zephyr-course/app/modules/ring_buf/kernel.h##13f2e6a4c33f57e7946f4cdd024701bf.gcov
  current_dir  /home/afmondra/zephyr-course/app/modules/ring_buf
  root         /home/afmondra/zephyr-course/app/modules/ring_buf
  starting_dir /home/afmondra/zephyr-course
  obj_dir      None
  gcda_fname   ../../../twister-out/native_sim_native/host/homework.unit.ring_buf/zephyr/kernel/CMakeFiles/kernel.dir/condvar.c.gcno
  --> fname    /home/afmondra/zephyr-course/twister-out/native_sim_native/host/homework.unit.ring_buf/zephyr/include/generated/zephyr/syscalls/kernel.h
(DEBUG) Check if /home/afmondra/zephyr-course/twister-out/native_sim_native/host/homework.unit.ring_buf/zephyr/include/generated/zephyr/syscalls/kernel.h is included...
(DEBUG)   No filter matched.
(DEBUG) Finding source file corresponding to a gcov data file
  gcov_fname   /home/afmondra/zephyr-course/app/modules/ring_buf/spinlock.h##0907215eaec88fd477ba521e3409787d.gcov
  current_dir  /home/afmondra/zephyr-course/app/modules/ring_buf
  root         /home/afmondra/zephyr-course/app/modules/ring_buf
  starting_dir /home/afmondra/zephyr-course
  obj_dir      None
  gcda_fname   ../../../twister-out/native_sim_native/host/homework.unit.ring_buf/zephyr/kernel/CMakeFiles/kernel.dir/condvar.c.gcno
  --> fname    /home/afmondra/deps/zephyr/include/zephyr/spinlock.h
(DEBUG) Check if /home/afmondra/deps/zephyr/include/zephyr/spinlock.h is included...
(DEBUG)   No filter matched.
(DEBUG) Finding source file corresponding to a gcov data file
  gcov_fname   /home/afmondra/zephyr-course/app/modules/ring_buf/ksched.h##66840255ea5d90e8133169214ef7589d.gcov
  current_dir  /home/afmondra/zephyr-course/app/modules/ring_buf
  root         /home/afmondra/zephyr-course/app/modules/ring_buf
  starting_dir /home/afmondra/zephyr-course
  obj_dir      None
  gcda_fname   ../../../twister-out/native_sim_native/host/homework.unit.ring_buf/zephyr/kernel/CMakeFiles/kernel.dir/condvar.c.gcno
  --> fname    /home/afmondra/deps/zephyr/kernel/include/ksched.h
(DEBUG) Check if /home/afmondra/deps/zephyr/kernel/include/ksched.h is included...
(DEBUG)   No filter matched.
(DEBUG) Finding source file corresponding to a gcov data file
  gcov_fname   /home/afmondra/zephyr-course/app/modules/ring_buf/wait_q.h##7d194b64851e991ac75a7d3dbc9cc4b5.gcov
  current_dir  /home/afmondra/zephyr-course/app/modules/ring_buf
  root         /home/afmondra/zephyr-course/app/modules/ring_buf
  starting_dir /home/afmondra/zephyr-course
  obj_dir      None
  gcda_fname   ../../../twister-out/native_sim_native/host/homework.unit.ring_buf/zephyr/kernel/CMakeFiles/kernel.dir/condvar.c.gcno
  --> fname    /home/afmondra/deps/zephyr/kernel/include/wait_q.h
(DEBUG) Check if /home/afmondra/deps/zephyr/kernel/include/wait_q.h is included...
(DEBUG)   No filter matched.
(DEBUG) Finding source file corresponding to a gcov data file
  gcov_fname   /home/afmondra/zephyr-course/app/modules/ring_buf/priority_q.h##019a5395a95fa982590d634a0de7c00b.gcov
  current_dir  /home/afmondra/zephyr-course/app/modules/ring_buf
  root         /home/afmondra/zephyr-course/app/modules/ring_buf
  starting_dir /home/afmondra/zephyr-course
  obj_dir      None
  gcda_fname   ../../../twister-out/native_sim_native/host/homework.unit.ring_buf/zephyr/kernel/CMakeFiles/kernel.dir/condvar.c.gcno
  --> fname    /home/afmondra/deps/zephyr/kernel/include/priority_q.h
(DEBUG) Check if /home/afmondra/deps/zephyr/kernel/include/priority_q.h is included...
(DEBUG)   No filter matched.
(DEBUG) Finding source file corresponding to a gcov data file
  gcov_fname   /home/afmondra/zephyr-course/app/modules/ring_buf/condvar.c##63b728e2b760f471664b35817216c95d.gcov
  current_dir  /home/afmondra/zephyr-course/app/modules/ring_buf
  root         /home/afmondra/zephyr-course/app/modules/ring_buf
  starting_dir /home/afmondra/zephyr-course
  obj_dir      None
  gcda_fname   ../../../twister-out/native_sim_native/host/homework.unit.ring_buf/zephyr/kernel/CMakeFiles/kernel.dir/condvar.c.gcno
  --> fname    /home/afmondra/deps/zephyr/kernel/condvar.c
(DEBUG) Check if /home/afmondra/deps/zephyr/kernel/condvar.c is included...
(DEBUG)   No filter matched.
(DEBUG) Finding source file corresponding to a gcov data file
  gcov_fname   /home/afmondra/zephyr-course/app/modules/ring_buf/kobject_internal.h##7fc8757d0ace3c199ecb77726040aa27.gcov
  current_dir  /home/afmondra/zephyr-course/app/modules/ring_buf
  root         /home/afmondra/zephyr-course/app/modules/ring_buf
  starting_dir /home/afmondra/zephyr-course
  obj_dir      None
  gcda_fname   ../../../twister-out/native_sim_native/host/homework.unit.ring_buf/zephyr/kernel/CMakeFiles/kernel.dir/condvar.c.gcno
  --> fname    /home/afmondra/deps/zephyr/include/zephyr/sys/internal/kobject_internal.h
(DEBUG) Check if /home/afmondra/deps/zephyr/include/zephyr/sys/internal/kobject_internal.h is included...
(DEBUG)   No filter matched.
(DEBUG) Finding source file corresponding to a gcov data file
  gcov_fname   /home/afmondra/zephyr-course/app/modules/ring_buf/kthread.h##f5ac6029d1fd819fb88ff662c28cfe33.gcov
  current_dir  /home/afmondra/zephyr-course/app/modules/ring_buf
  root         /home/afmondra/zephyr-course/app/modules/ring_buf
  starting_dir /home/afmondra/zephyr-course
  obj_dir      None
  gcda_fname   ../../../twister-out/native_sim_native/host/homework.unit.ring_buf/zephyr/kernel/CMakeFiles/kernel.dir/condvar.c.gcno
  --> fname    /home/afmondra/deps/zephyr/kernel/include/kthread.h
(DEBUG) Check if /home/afmondra/deps/zephyr/kernel/include/kthread.h is included...
(DEBUG)   No filter matched.
(DEBUG) Finding source file corresponding to a gcov data file
  gcov_fname   /home/afmondra/zephyr-course/app/modules/ring_buf/kernel_arch_func.h##379cf6a4b0e9931ee2a0b5e22a6341aa.gcov
  current_dir  /home/afmondra/zephyr-course/app/modules/ring_buf
  root         /home/afmondra/zephyr-course/app/modules/ring_buf
  starting_dir /home/afmondra/zephyr-course
  obj_dir      None
  gcda_fname   ../../../twister-out/native_sim_native/host/homework.unit.ring_buf/zephyr/kernel/CMakeFiles/kernel.dir/condvar.c.gcno
  --> fname    /home/afmondra/deps/zephyr/arch/posix/include/kernel_arch_func.h
(DEBUG) Check if /home/afmondra/deps/zephyr/arch/posix/include/kernel_arch_func.h is included...
(DEBUG)   No filter matched.
(DEBUG) Finding source file corresponding to a gcov data file
  gcov_fname   /home/afmondra/zephyr-course/app/modules/ring_buf/dlist.h##a327e4cc11655394ebace39a0dfd33dd.gcov
  current_dir  /home/afmondra/zephyr-course/app/modules/ring_buf
  root         /home/afmondra/zephyr-course/app/modules/ring_buf
  starting_dir /home/afmondra/zephyr-course
  obj_dir      None
  gcda_fname   ../../../twister-out/native_sim_native/host/homework.unit.ring_buf/zephyr/kernel/CMakeFiles/kernel.dir/condvar.c.gcno
  --> fname    /home/afmondra/deps/zephyr/include/zephyr/sys/dlist.h
(DEBUG) Check if /home/afmondra/deps/zephyr/include/zephyr/sys/dlist.h is included...
(DEBUG)   No filter matched.
(DEBUG) Processing file: /home/afmondra/zephyr-course/twister-out/native_sim_native/host/homework.unit.ring_buf/zephyr/kernel/CMakeFiles/kernel.dir/device.c.gcda
(DEBUG) Running gcov: 'gcov /home/afmondra/zephyr-course/twister-out/native_sim_native/host/homework.unit.ring_buf/zephyr/kernel/CMakeFiles/kernel.dir/device.c.gcda --branch-counts --branch-probabilities --all-blocks --demangled-names --hash-filenames --object-directory ../../../twister-out/native_sim_native/host/homework.unit.ring_buf/zephyr/kernel/CMakeFiles/kernel.dir' in '/home/afmondra/zephyr-course/app/modules/ring_buf'
(DEBUG) GCOV return code was 0, stdout was:
File '/home/afmondra/deps/zephyr/kernel/device.c'
Lines executed:10.34% of 29
Branches executed:13.33% of 30
Taken at least once:6.67% of 30
Calls executed:0.00% of 13
Creating 'device.c##25b4323b051b275bfd6ecaeaa3b6bc62.gcov'

File '/home/afmondra/deps/zephyr/include/zephyr/sys/internal/kobject_internal.h'
Lines executed:0.00% of 2
No branches
No calls
Creating 'kobject_internal.h##7fc8757d0ace3c199ecb77726040aa27.gcov'

Lines executed:9.68% of 31
<<, stderr was:
<<
(DEBUG) Check if device.c##25b4323b051b275bfd6ecaeaa3b6bc62.gcov is included...
(DEBUG) Check if kobject_internal.h##7fc8757d0ace3c199ecb77726040aa27.gcov is included...
(DEBUG) Finding source file corresponding to a gcov data file
  gcov_fname   /home/afmondra/zephyr-course/app/modules/ring_buf/device.c##25b4323b051b275bfd6ecaeaa3b6bc62.gcov
  current_dir  /home/afmondra/zephyr-course/app/modules/ring_buf
  root         /home/afmondra/zephyr-course/app/modules/ring_buf
  starting_dir /home/afmondra/zephyr-course
  obj_dir      None
  gcda_fname   ../../../twister-out/native_sim_native/host/homework.unit.ring_buf/zephyr/kernel/CMakeFiles/kernel.dir/device.c.gcda
  --> fname    /home/afmondra/deps/zephyr/kernel/device.c
(DEBUG) Check if /home/afmondra/deps/zephyr/kernel/device.c is included...
(DEBUG)   No filter matched.
(DEBUG) Finding source file corresponding to a gcov data file
  gcov_fname   /home/afmondra/zephyr-course/app/modules/ring_buf/kobject_internal.h##7fc8757d0ace3c199ecb77726040aa27.gcov
  current_dir  /home/afmondra/zephyr-course/app/modules/ring_buf
  root         /home/afmondra/zephyr-course/app/modules/ring_buf
  starting_dir /home/afmondra/zephyr-course
  obj_dir      None
  gcda_fname   ../../../twister-out/native_sim_native/host/homework.unit.ring_buf/zephyr/kernel/CMakeFiles/kernel.dir/device.c.gcda
  --> fname    /home/afmondra/deps/zephyr/include/zephyr/sys/internal/kobject_internal.h
(DEBUG) Check if /home/afmondra/deps/zephyr/include/zephyr/sys/internal/kobject_internal.h is included...
(DEBUG)   No filter matched.
(DEBUG) Processing file: /home/afmondra/zephyr-course/twister-out/native_sim_native/host/homework.unit.ring_buf/zephyr/kernel/CMakeFiles/kernel.dir/dynamic_disabled.c.gcno
(DEBUG) Running gcov: 'gcov /home/afmondra/zephyr-course/twister-out/native_sim_native/host/homework.unit.ring_buf/zephyr/kernel/CMakeFiles/kernel.dir/dynamic_disabled.c.gcno --branch-counts --branch-probabilities --all-blocks --demangled-names --hash-filenames --object-directory ../../../twister-out/native_sim_native/host/homework.unit.ring_buf/zephyr/kernel/CMakeFiles/kernel.dir' in '/home/afmondra/zephyr-course/app/modules/ring_buf'
(DEBUG) GCOV return code was 0, stdout was:
File '/home/afmondra/deps/zephyr/kernel/dynamic_disabled.c'
Lines executed:0.00% of 4
No branches
No calls
Creating 'dynamic_disabled.c##2c37af1ffa0a4920d6adbaa70d8d7da0.gcov'

Lines executed:0.00% of 4
<<, stderr was:
../../../twister-out/native_sim_native/host/homework.unit.ring_buf/zephyr/kernel/CMakeFiles/kernel.dir/dynamic_disabled.c.gcda:cannot open data file, assuming not executed
<<
(DEBUG) Check if dynamic_disabled.c##2c37af1ffa0a4920d6adbaa70d8d7da0.gcov is included...
(DEBUG) Finding source file corresponding to a gcov data file
  gcov_fname   /home/afmondra/zephyr-course/app/modules/ring_buf/dynamic_disabled.c##2c37af1ffa0a4920d6adbaa70d8d7da0.gcov
  current_dir  /home/afmondra/zephyr-course/app/modules/ring_buf
  root         /home/afmondra/zephyr-course/app/modules/ring_buf
  starting_dir /home/afmondra/zephyr-course
  obj_dir      None
  gcda_fname   ../../../twister-out/native_sim_native/host/homework.unit.ring_buf/zephyr/kernel/CMakeFiles/kernel.dir/dynamic_disabled.c.gcno
  --> fname    /home/afmondra/deps/zephyr/kernel/dynamic_disabled.c
(DEBUG) Check if /home/afmondra/deps/zephyr/kernel/dynamic_disabled.c is included...
(DEBUG)   No filter matched.
(DEBUG) Processing file: /home/afmondra/zephyr-course/twister-out/native_sim_native/host/homework.unit.ring_buf/zephyr/kernel/CMakeFiles/kernel.dir/errno.c.gcno
(DEBUG) Running gcov: 'gcov /home/afmondra/zephyr-course/twister-out/native_sim_native/host/homework.unit.ring_buf/zephyr/kernel/CMakeFiles/kernel.dir/errno.c.gcno --branch-counts --branch-probabilities --all-blocks --demangled-names --hash-filenames --object-directory ../../../twister-out/native_sim_native/host/homework.unit.ring_buf/zephyr/kernel/CMakeFiles/kernel.dir' in '/home/afmondra/zephyr-course/app/modules/ring_buf'
(DEBUG) GCOV return code was 0, stdout was:
File '/home/afmondra/deps/zephyr/kernel/errno.c'
Lines executed:0.00% of 2
No branches
No calls
Creating 'errno.c##896a9e1c3a1271daf46771220d454827.gcov'

Lines executed:0.00% of 2
<<, stderr was:
../../../twister-out/native_sim_native/host/homework.unit.ring_buf/zephyr/kernel/CMakeFiles/kernel.dir/errno.c.gcda:cannot open data file, assuming not executed
<<
(DEBUG) Check if errno.c##896a9e1c3a1271daf46771220d454827.gcov is included...
(DEBUG) Finding source file corresponding to a gcov data file
  gcov_fname   /home/afmondra/zephyr-course/app/modules/ring_buf/errno.c##896a9e1c3a1271daf46771220d454827.gcov
  current_dir  /home/afmondra/zephyr-course/app/modules/ring_buf
  root         /home/afmondra/zephyr-course/app/modules/ring_buf
  starting_dir /home/afmondra/zephyr-course
  obj_dir      None
  gcda_fname   ../../../twister-out/native_sim_native/host/homework.unit.ring_buf/zephyr/kernel/CMakeFiles/kernel.dir/errno.c.gcno
  --> fname    /home/afmondra/deps/zephyr/kernel/errno.c
(DEBUG) Check if /home/afmondra/deps/zephyr/kernel/errno.c is included...
(DEBUG)   No filter matched.
(DEBUG) Processing file: /home/afmondra/zephyr-course/twister-out/native_sim_native/host/homework.unit.ring_buf/zephyr/kernel/CMakeFiles/kernel.dir/fatal.c.gcda
(DEBUG) Running gcov: 'gcov /home/afmondra/zephyr-course/twister-out/native_sim_native/host/homework.unit.ring_buf/zephyr/kernel/CMakeFiles/kernel.dir/fatal.c.gcda --branch-counts --branch-probabilities --all-blocks --demangled-names --hash-filenames --object-directory ../../../twister-out/native_sim_native/host/homework.unit.ring_buf/zephyr/kernel/CMakeFiles/kernel.dir' in '/home/afmondra/zephyr-course/app/modules/ring_buf'
(DEBUG) GCOV return code was 0, stdout was:
File '/home/afmondra/deps/zephyr/kernel/fatal.c'
Lines executed:0.00% of 38
Branches executed:0.00% of 24
Taken at least once:0.00% of 24
Calls executed:0.00% of 13
Creating 'fatal.c##8a83b11cf92f7d652d056d07b5a7bca2.gcov'

File '/home/afmondra/deps/zephyr/include/zephyr/debug/coredump.h'
Lines executed:0.00% of 2
No branches
No calls
Creating 'coredump.h##bf4bf92c130e2ed467c9db9b5976e274.gcov'

File '/home/afmondra/zephyr-course/twister-out/native_sim_native/host/homework.unit.ring_buf/zephyr/include/generated/zephyr/syscalls/log_ctrl.h'
Lines executed:0.00% of 4
No branches
Calls executed:0.00% of 2
Creating 'log_ctrl.h##8befabee49c2404b5c100c5517bc0db3.gcov'

File '/home/afmondra/deps/zephyr/include/zephyr/logging/log_msg.h'
Lines executed:0.00% of 5
No branches
Calls executed:0.00% of 1
Creating 'log_msg.h##79b8d5e6c50f02645efdf4e980ac5492.gcov'

File '/home/afmondra/zephyr-course/twister-out/native_sim_native/host/homework.unit.ring_buf/zephyr/include/generated/zephyr/syscalls/kernel.h'
Lines executed:0.00% of 4
No branches
Calls executed:0.00% of 2
Creating 'kernel.h##13f2e6a4c33f57e7946f4cdd024701bf.gcov'

File '/home/afmondra/deps/zephyr/include/zephyr/arch/posix/arch.h'
Lines executed:0.00% of 5
No branches
Calls executed:0.00% of 2
Creating 'arch.h##eee3095deeb51a158c6bb5ded542fa59.gcov'

Lines executed:0.00% of 58
<<, stderr was:
<<
(DEBUG) Check if fatal.c##8a83b11cf92f7d652d056d07b5a7bca2.gcov is included...
(DEBUG) Check if coredump.h##bf4bf92c130e2ed467c9db9b5976e274.gcov is included...
(DEBUG) Check if log_ctrl.h##8befabee49c2404b5c100c5517bc0db3.gcov is included...
(DEBUG) Check if log_msg.h##79b8d5e6c50f02645efdf4e980ac5492.gcov is included...
(DEBUG) Check if kernel.h##13f2e6a4c33f57e7946f4cdd024701bf.gcov is included...
(DEBUG) Check if arch.h##eee3095deeb51a158c6bb5ded542fa59.gcov is included...
(DEBUG) Finding source file corresponding to a gcov data file
  gcov_fname   /home/afmondra/zephyr-course/app/modules/ring_buf/arch.h##eee3095deeb51a158c6bb5ded542fa59.gcov
  current_dir  /home/afmondra/zephyr-course/app/modules/ring_buf
  root         /home/afmondra/zephyr-course/app/modules/ring_buf
  starting_dir /home/afmondra/zephyr-course
  obj_dir      None
  gcda_fname   ../../../twister-out/native_sim_native/host/homework.unit.ring_buf/zephyr/kernel/CMakeFiles/kernel.dir/fatal.c.gcda
  --> fname    /home/afmondra/deps/zephyr/include/zephyr/arch/posix/arch.h
(DEBUG) Check if /home/afmondra/deps/zephyr/include/zephyr/arch/posix/arch.h is included...
(DEBUG)   No filter matched.
(DEBUG) Finding source file corresponding to a gcov data file
  gcov_fname   /home/afmondra/zephyr-course/app/modules/ring_buf/kernel.h##13f2e6a4c33f57e7946f4cdd024701bf.gcov
  current_dir  /home/afmondra/zephyr-course/app/modules/ring_buf
  root         /home/afmondra/zephyr-course/app/modules/ring_buf
  starting_dir /home/afmondra/zephyr-course
  obj_dir      None
  gcda_fname   ../../../twister-out/native_sim_native/host/homework.unit.ring_buf/zephyr/kernel/CMakeFiles/kernel.dir/fatal.c.gcda
  --> fname    /home/afmondra/zephyr-course/twister-out/native_sim_native/host/homework.unit.ring_buf/zephyr/include/generated/zephyr/syscalls/kernel.h
(DEBUG) Check if /home/afmondra/zephyr-course/twister-out/native_sim_native/host/homework.unit.ring_buf/zephyr/include/generated/zephyr/syscalls/kernel.h is included...
(DEBUG)   No filter matched.
(DEBUG) Finding source file corresponding to a gcov data file
  gcov_fname   /home/afmondra/zephyr-course/app/modules/ring_buf/coredump.h##bf4bf92c130e2ed467c9db9b5976e274.gcov
  current_dir  /home/afmondra/zephyr-course/app/modules/ring_buf
  root         /home/afmondra/zephyr-course/app/modules/ring_buf
  starting_dir /home/afmondra/zephyr-course
  obj_dir      None
  gcda_fname   ../../../twister-out/native_sim_native/host/homework.unit.ring_buf/zephyr/kernel/CMakeFiles/kernel.dir/fatal.c.gcda
  --> fname    /home/afmondra/deps/zephyr/include/zephyr/debug/coredump.h
(DEBUG) Check if /home/afmondra/deps/zephyr/include/zephyr/debug/coredump.h is included...
(DEBUG)   No filter matched.
(DEBUG) Finding source file corresponding to a gcov data file
  gcov_fname   /home/afmondra/zephyr-course/app/modules/ring_buf/log_ctrl.h##8befabee49c2404b5c100c5517bc0db3.gcov
  current_dir  /home/afmondra/zephyr-course/app/modules/ring_buf
  root         /home/afmondra/zephyr-course/app/modules/ring_buf
  starting_dir /home/afmondra/zephyr-course
  obj_dir      None
  gcda_fname   ../../../twister-out/native_sim_native/host/homework.unit.ring_buf/zephyr/kernel/CMakeFiles/kernel.dir/fatal.c.gcda
  --> fname    /home/afmondra/zephyr-course/twister-out/native_sim_native/host/homework.unit.ring_buf/zephyr/include/generated/zephyr/syscalls/log_ctrl.h
(DEBUG) Check if /home/afmondra/zephyr-course/twister-out/native_sim_native/host/homework.unit.ring_buf/zephyr/include/generated/zephyr/syscalls/log_ctrl.h is included...
(DEBUG)   No filter matched.
(DEBUG) Finding source file corresponding to a gcov data file
  gcov_fname   /home/afmondra/zephyr-course/app/modules/ring_buf/fatal.c##8a83b11cf92f7d652d056d07b5a7bca2.gcov
  current_dir  /home/afmondra/zephyr-course/app/modules/ring_buf
  root         /home/afmondra/zephyr-course/app/modules/ring_buf
  starting_dir /home/afmondra/zephyr-course
  obj_dir      None
  gcda_fname   ../../../twister-out/native_sim_native/host/homework.unit.ring_buf/zephyr/kernel/CMakeFiles/kernel.dir/fatal.c.gcda
  --> fname    /home/afmondra/deps/zephyr/kernel/fatal.c
(DEBUG) Check if /home/afmondra/deps/zephyr/kernel/fatal.c is included...
(DEBUG)   No filter matched.
(DEBUG) Finding source file corresponding to a gcov data file
  gcov_fname   /home/afmondra/zephyr-course/app/modules/ring_buf/log_msg.h##79b8d5e6c50f02645efdf4e980ac5492.gcov
  current_dir  /home/afmondra/zephyr-course/app/modules/ring_buf
  root         /home/afmondra/zephyr-course/app/modules/ring_buf
  starting_dir /home/afmondra/zephyr-course
  obj_dir      None
  gcda_fname   ../../../twister-out/native_sim_native/host/homework.unit.ring_buf/zephyr/kernel/CMakeFiles/kernel.dir/fatal.c.gcda
  --> fname    /home/afmondra/deps/zephyr/include/zephyr/logging/log_msg.h
(DEBUG) Check if /home/afmondra/deps/zephyr/include/zephyr/logging/log_msg.h is included...
(DEBUG)   No filter matched.
(DEBUG) Processing file: /home/afmondra/zephyr-course/twister-out/native_sim_native/host/homework.unit.ring_buf/zephyr/kernel/CMakeFiles/kernel.dir/float.c.gcno
(DEBUG) Running gcov: 'gcov /home/afmondra/zephyr-course/twister-out/native_sim_native/host/homework.unit.ring_buf/zephyr/kernel/CMakeFiles/kernel.dir/float.c.gcno --branch-counts --branch-probabilities --all-blocks --demangled-names --hash-filenames --object-directory ../../../twister-out/native_sim_native/host/homework.unit.ring_buf/zephyr/kernel/CMakeFiles/kernel.dir' in '/home/afmondra/zephyr-course/app/modules/ring_buf'
(DEBUG) GCOV return code was 0, stdout was:
File '/home/afmondra/deps/zephyr/kernel/float.c'
Lines executed:0.00% of 4
No branches
No calls
Creating 'float.c##96ab98f72ceeba99ecc72000878c291b.gcov'

Lines executed:0.00% of 4
<<, stderr was:
../../../twister-out/native_sim_native/host/homework.unit.ring_buf/zephyr/kernel/CMakeFiles/kernel.dir/float.c.gcda:cannot open data file, assuming not executed
<<
(DEBUG) Check if float.c##96ab98f72ceeba99ecc72000878c291b.gcov is included...
(DEBUG) Finding source file corresponding to a gcov data file
  gcov_fname   /home/afmondra/zephyr-course/app/modules/ring_buf/float.c##96ab98f72ceeba99ecc72000878c291b.gcov
  current_dir  /home/afmondra/zephyr-course/app/modules/ring_buf
  root         /home/afmondra/zephyr-course/app/modules/ring_buf
  starting_dir /home/afmondra/zephyr-course
  obj_dir      None
  gcda_fname   ../../../twister-out/native_sim_native/host/homework.unit.ring_buf/zephyr/kernel/CMakeFiles/kernel.dir/float.c.gcno
  --> fname    /home/afmondra/deps/zephyr/kernel/float.c
(DEBUG) Check if /home/afmondra/deps/zephyr/kernel/float.c is included...
(DEBUG)   No filter matched.
(DEBUG) Processing file: /home/afmondra/zephyr-course/twister-out/native_sim_native/host/homework.unit.ring_buf/zephyr/kernel/CMakeFiles/kernel.dir/idle.c.gcda
(DEBUG) Running gcov: 'gcov /home/afmondra/zephyr-course/twister-out/native_sim_native/host/homework.unit.ring_buf/zephyr/kernel/CMakeFiles/kernel.dir/idle.c.gcda --branch-counts --branch-probabilities --all-blocks --demangled-names --hash-filenames --object-directory ../../../twister-out/native_sim_native/host/homework.unit.ring_buf/zephyr/kernel/CMakeFiles/kernel.dir' in '/home/afmondra/zephyr-course/app/modules/ring_buf'
(DEBUG) GCOV return code was 0, stdout was:
File '/home/afmondra/deps/zephyr/kernel/idle.c'
Lines executed:0.00% of 9
Branches executed:0.00% of 4
Taken at least once:0.00% of 4
Calls executed:0.00% of 13
Creating 'idle.c##56c5d4970392bf51c547d57b677ada14.gcov'

File '/home/afmondra/deps/zephyr/include/zephyr/kernel.h'
Lines executed:0.00% of 3
No branches
Calls executed:0.00% of 1
Creating 'kernel.h##6b0baf6c49afefbfab07edb7166fdce2.gcov'

File '/home/afmondra/deps/zephyr/include/zephyr/arch/posix/arch.h'
Lines executed:0.00% of 7
No branches
Calls executed:0.00% of 2
Creating 'arch.h##eee3095deeb51a158c6bb5ded542fa59.gcov'

Lines executed:0.00% of 19
<<, stderr was:
<<
(DEBUG) Check if idle.c##56c5d4970392bf51c547d57b677ada14.gcov is included...
(DEBUG) Check if kernel.h##6b0baf6c49afefbfab07edb7166fdce2.gcov is included...
(DEBUG) Check if arch.h##eee3095deeb51a158c6bb5ded542fa59.gcov is included...
(DEBUG) Finding source file corresponding to a gcov data file
  gcov_fname   /home/afmondra/zephyr-course/app/modules/ring_buf/kernel.h##6b0baf6c49afefbfab07edb7166fdce2.gcov
  current_dir  /home/afmondra/zephyr-course/app/modules/ring_buf
  root         /home/afmondra/zephyr-course/app/modules/ring_buf
  starting_dir /home/afmondra/zephyr-course
  obj_dir      None
  gcda_fname   ../../../twister-out/native_sim_native/host/homework.unit.ring_buf/zephyr/kernel/CMakeFiles/kernel.dir/idle.c.gcda
  --> fname    /home/afmondra/deps/zephyr/include/zephyr/kernel.h
(DEBUG) Check if /home/afmondra/deps/zephyr/include/zephyr/kernel.h is included...
(DEBUG)   No filter matched.
(DEBUG) Finding source file corresponding to a gcov data file
  gcov_fname   /home/afmondra/zephyr-course/app/modules/ring_buf/idle.c##56c5d4970392bf51c547d57b677ada14.gcov
  current_dir  /home/afmondra/zephyr-course/app/modules/ring_buf
  root         /home/afmondra/zephyr-course/app/modules/ring_buf
  starting_dir /home/afmondra/zephyr-course
  obj_dir      None
  gcda_fname   ../../../twister-out/native_sim_native/host/homework.unit.ring_buf/zephyr/kernel/CMakeFiles/kernel.dir/idle.c.gcda
  --> fname    /home/afmondra/deps/zephyr/kernel/idle.c
(DEBUG) Check if /home/afmondra/deps/zephyr/kernel/idle.c is included...
(DEBUG)   No filter matched.
(DEBUG) Finding source file corresponding to a gcov data file
  gcov_fname   /home/afmondra/zephyr-course/app/modules/ring_buf/arch.h##eee3095deeb51a158c6bb5ded542fa59.gcov
  current_dir  /home/afmondra/zephyr-course/app/modules/ring_buf
  root         /home/afmondra/zephyr-course/app/modules/ring_buf
  starting_dir /home/afmondra/zephyr-course
  obj_dir      None
  gcda_fname   ../../../twister-out/native_sim_native/host/homework.unit.ring_buf/zephyr/kernel/CMakeFiles/kernel.dir/idle.c.gcda
  --> fname    /home/afmondra/deps/zephyr/include/zephyr/arch/posix/arch.h
(DEBUG) Check if /home/afmondra/deps/zephyr/include/zephyr/arch/posix/arch.h is included...
(DEBUG)   No filter matched.
(DEBUG) Processing file: /home/afmondra/zephyr-course/twister-out/native_sim_native/host/homework.unit.ring_buf/zephyr/kernel/CMakeFiles/kernel.dir/init.c.gcda
(DEBUG) Running gcov: 'gcov /home/afmondra/zephyr-course/twister-out/native_sim_native/host/homework.unit.ring_buf/zephyr/kernel/CMakeFiles/kernel.dir/init.c.gcda --branch-counts --branch-probabilities --all-blocks --demangled-names --hash-filenames --object-directory ../../../twister-out/native_sim_native/host/homework.unit.ring_buf/zephyr/kernel/CMakeFiles/kernel.dir' in '/home/afmondra/zephyr-course/app/modules/ring_buf'
(DEBUG) GCOV return code was 0, stdout was:
File '/home/afmondra/deps/zephyr/kernel/init.c'
Lines executed:56.88% of 109
Branches executed:47.06% of 34
Taken at least once:29.41% of 34
Calls executed:59.18% of 49
Creating 'init.c##2b3cf4d4be5a71648b746a7f8149cc91.gcov'

File '/home/afmondra/deps/zephyr/include/zephyr/pm/device_runtime.h'
Lines executed:0.00% of 2
No branches
No calls
Creating 'device_runtime.h##21f5a471edaafcc8265765567b9077d7.gcov'

File '/home/afmondra/deps/zephyr/include/zephyr/debug/gcov.h'
Lines executed:100.00% of 1
No branches
No calls
Creating 'gcov.h##5769d23a3030a23b406383e56a4cc865.gcov'

File '/home/afmondra/deps/zephyr/kernel/include/kthread.h'
Lines executed:27.27% of 11
Branches executed:0.00% of 2
Taken at least once:0.00% of 2
Calls executed:0.00% of 2
Creating 'kthread.h##f5ac6029d1fd819fb88ff662c28cfe33.gcov'

File '/home/afmondra/deps/zephyr/kernel/include/timeout_q.h'
Lines executed:0.00% of 2
No branches
Calls executed:0.00% of 1
Creating 'timeout_q.h##0019aefc9ed6cdad0bdd6ed43d40cc99.gcov'

File '/home/afmondra/deps/zephyr/arch/posix/include/kernel_arch_func.h'
Lines executed:100.00% of 2
No branches
No calls
Creating 'kernel_arch_func.h##379cf6a4b0e9931ee2a0b5e22a6341aa.gcov'

File '/home/afmondra/zephyr-course/twister-out/native_sim_native/host/homework.unit.ring_buf/zephyr/include/generated/zephyr/syscalls/kernel.h'
Lines executed:0.00% of 4
No branches
Calls executed:0.00% of 2
Creating 'kernel.h##13f2e6a4c33f57e7946f4cdd024701bf.gcov'

File '/home/afmondra/deps/zephyr/include/zephyr/kernel.h'
Lines executed:0.00% of 5
No branches
Calls executed:0.00% of 2
Creating 'kernel.h##6b0baf6c49afefbfab07edb7166fdce2.gcov'

File '/home/afmondra/deps/zephyr/include/zephyr/kernel/thread_stack.h'
Lines executed:100.00% of 2
No branches
No calls
Creating 'thread_stack.h##c38a38ee42d801f914300e7c98316e4e.gcov'

File '/home/afmondra/deps/zephyr/include/zephyr/arch/posix/arch.h'
Lines executed:0.00% of 2
No branches
Calls executed:0.00% of 1
Creating 'arch.h##eee3095deeb51a158c6bb5ded542fa59.gcov'

Lines executed:50.00% of 140
<<, stderr was:
<<
(DEBUG) Check if init.c##2b3cf4d4be5a71648b746a7f8149cc91.gcov is included...
(DEBUG) Check if device_runtime.h##21f5a471edaafcc8265765567b9077d7.gcov is included...
(DEBUG) Check if gcov.h##5769d23a3030a23b406383e56a4cc865.gcov is included...
(DEBUG) Check if kthread.h##f5ac6029d1fd819fb88ff662c28cfe33.gcov is included...
(DEBUG) Check if timeout_q.h##0019aefc9ed6cdad0bdd6ed43d40cc99.gcov is included...
(DEBUG) Check if kernel_arch_func.h##379cf6a4b0e9931ee2a0b5e22a6341aa.gcov is included...
(DEBUG) Check if kernel.h##13f2e6a4c33f57e7946f4cdd024701bf.gcov is included...
(DEBUG) Check if kernel.h##6b0baf6c49afefbfab07edb7166fdce2.gcov is included...
(DEBUG) Check if thread_stack.h##c38a38ee42d801f914300e7c98316e4e.gcov is included...
(DEBUG) Check if arch.h##eee3095deeb51a158c6bb5ded542fa59.gcov is included...
(DEBUG) Finding source file corresponding to a gcov data file
  gcov_fname   /home/afmondra/zephyr-course/app/modules/ring_buf/arch.h##eee3095deeb51a158c6bb5ded542fa59.gcov
  current_dir  /home/afmondra/zephyr-course/app/modules/ring_buf
  root         /home/afmondra/zephyr-course/app/modules/ring_buf
  starting_dir /home/afmondra/zephyr-course
  obj_dir      None
  gcda_fname   ../../../twister-out/native_sim_native/host/homework.unit.ring_buf/zephyr/kernel/CMakeFiles/kernel.dir/init.c.gcda
  --> fname    /home/afmondra/deps/zephyr/include/zephyr/arch/posix/arch.h
(DEBUG) Check if /home/afmondra/deps/zephyr/include/zephyr/arch/posix/arch.h is included...
(DEBUG)   No filter matched.
(DEBUG) Finding source file corresponding to a gcov data file
  gcov_fname   /home/afmondra/zephyr-course/app/modules/ring_buf/timeout_q.h##0019aefc9ed6cdad0bdd6ed43d40cc99.gcov
  current_dir  /home/afmondra/zephyr-course/app/modules/ring_buf
  root         /home/afmondra/zephyr-course/app/modules/ring_buf
  starting_dir /home/afmondra/zephyr-course
  obj_dir      None
  gcda_fname   ../../../twister-out/native_sim_native/host/homework.unit.ring_buf/zephyr/kernel/CMakeFiles/kernel.dir/init.c.gcda
  --> fname    /home/afmondra/deps/zephyr/kernel/include/timeout_q.h
(DEBUG) Check if /home/afmondra/deps/zephyr/kernel/include/timeout_q.h is included...
(DEBUG)   No filter matched.
(DEBUG) Finding source file corresponding to a gcov data file
  gcov_fname   /home/afmondra/zephyr-course/app/modules/ring_buf/kernel.h##13f2e6a4c33f57e7946f4cdd024701bf.gcov
  current_dir  /home/afmondra/zephyr-course/app/modules/ring_buf
  root         /home/afmondra/zephyr-course/app/modules/ring_buf
  starting_dir /home/afmondra/zephyr-course
  obj_dir      None
  gcda_fname   ../../../twister-out/native_sim_native/host/homework.unit.ring_buf/zephyr/kernel/CMakeFiles/kernel.dir/init.c.gcda
  --> fname    /home/afmondra/zephyr-course/twister-out/native_sim_native/host/homework.unit.ring_buf/zephyr/include/generated/zephyr/syscalls/kernel.h
(DEBUG) Check if /home/afmondra/zephyr-course/twister-out/native_sim_native/host/homework.unit.ring_buf/zephyr/include/generated/zephyr/syscalls/kernel.h is included...
(DEBUG)   No filter matched.
(DEBUG) Finding source file corresponding to a gcov data file
  gcov_fname   /home/afmondra/zephyr-course/app/modules/ring_buf/kernel.h##6b0baf6c49afefbfab07edb7166fdce2.gcov
  current_dir  /home/afmondra/zephyr-course/app/modules/ring_buf
  root         /home/afmondra/zephyr-course/app/modules/ring_buf
  starting_dir /home/afmondra/zephyr-course
  obj_dir      None
  gcda_fname   ../../../twister-out/native_sim_native/host/homework.unit.ring_buf/zephyr/kernel/CMakeFiles/kernel.dir/init.c.gcda
  --> fname    /home/afmondra/deps/zephyr/include/zephyr/kernel.h
(DEBUG) Check if /home/afmondra/deps/zephyr/include/zephyr/kernel.h is included...
(DEBUG)   No filter matched.
(DEBUG) Finding source file corresponding to a gcov data file
  gcov_fname   /home/afmondra/zephyr-course/app/modules/ring_buf/thread_stack.h##c38a38ee42d801f914300e7c98316e4e.gcov
  current_dir  /home/afmondra/zephyr-course/app/modules/ring_buf
  root         /home/afmondra/zephyr-course/app/modules/ring_buf
  starting_dir /home/afmondra/zephyr-course
  obj_dir      None
  gcda_fname   ../../../twister-out/native_sim_native/host/homework.unit.ring_buf/zephyr/kernel/CMakeFiles/kernel.dir/init.c.gcda
  --> fname    /home/afmondra/deps/zephyr/include/zephyr/kernel/thread_stack.h
(DEBUG) Check if /home/afmondra/deps/zephyr/include/zephyr/kernel/thread_stack.h is included...
(DEBUG)   No filter matched.
(DEBUG) Finding source file corresponding to a gcov data file
  gcov_fname   /home/afmondra/zephyr-course/app/modules/ring_buf/gcov.h##5769d23a3030a23b406383e56a4cc865.gcov
  current_dir  /home/afmondra/zephyr-course/app/modules/ring_buf
  root         /home/afmondra/zephyr-course/app/modules/ring_buf
  starting_dir /home/afmondra/zephyr-course
  obj_dir      None
  gcda_fname   ../../../twister-out/native_sim_native/host/homework.unit.ring_buf/zephyr/kernel/CMakeFiles/kernel.dir/init.c.gcda
  --> fname    /home/afmondra/deps/zephyr/include/zephyr/debug/gcov.h
(DEBUG) Check if /home/afmondra/deps/zephyr/include/zephyr/debug/gcov.h is included...
(DEBUG)   No filter matched.
(DEBUG) Finding source file corresponding to a gcov data file
  gcov_fname   /home/afmondra/zephyr-course/app/modules/ring_buf/init.c##2b3cf4d4be5a71648b746a7f8149cc91.gcov
  current_dir  /home/afmondra/zephyr-course/app/modules/ring_buf
  root         /home/afmondra/zephyr-course/app/modules/ring_buf
  starting_dir /home/afmondra/zephyr-course
  obj_dir      None
  gcda_fname   ../../../twister-out/native_sim_native/host/homework.unit.ring_buf/zephyr/kernel/CMakeFiles/kernel.dir/init.c.gcda
  --> fname    /home/afmondra/deps/zephyr/kernel/init.c
(DEBUG) Check if /home/afmondra/deps/zephyr/kernel/init.c is included...
(DEBUG)   No filter matched.
(DEBUG) Finding source file corresponding to a gcov data file
  gcov_fname   /home/afmondra/zephyr-course/app/modules/ring_buf/kthread.h##f5ac6029d1fd819fb88ff662c28cfe33.gcov
  current_dir  /home/afmondra/zephyr-course/app/modules/ring_buf
  root         /home/afmondra/zephyr-course/app/modules/ring_buf
  starting_dir /home/afmondra/zephyr-course
  obj_dir      None
  gcda_fname   ../../../twister-out/native_sim_native/host/homework.unit.ring_buf/zephyr/kernel/CMakeFiles/kernel.dir/init.c.gcda
  --> fname    /home/afmondra/deps/zephyr/kernel/include/kthread.h
(DEBUG) Check if /home/afmondra/deps/zephyr/kernel/include/kthread.h is included...
(DEBUG)   No filter matched.
(DEBUG) Finding source file corresponding to a gcov data file
  gcov_fname   /home/afmondra/zephyr-course/app/modules/ring_buf/device_runtime.h##21f5a471edaafcc8265765567b9077d7.gcov
  current_dir  /home/afmondra/zephyr-course/app/modules/ring_buf
  root         /home/afmondra/zephyr-course/app/modules/ring_buf
  starting_dir /home/afmondra/zephyr-course
  obj_dir      None
  gcda_fname   ../../../twister-out/native_sim_native/host/homework.unit.ring_buf/zephyr/kernel/CMakeFiles/kernel.dir/init.c.gcda
  --> fname    /home/afmondra/deps/zephyr/include/zephyr/pm/device_runtime.h
(DEBUG) Check if /home/afmondra/deps/zephyr/include/zephyr/pm/device_runtime.h is included...
(DEBUG)   No filter matched.
(DEBUG) Finding source file corresponding to a gcov data file
  gcov_fname   /home/afmondra/zephyr-course/app/modules/ring_buf/kernel_arch_func.h##379cf6a4b0e9931ee2a0b5e22a6341aa.gcov
  current_dir  /home/afmondra/zephyr-course/app/modules/ring_buf
  root         /home/afmondra/zephyr-course/app/modules/ring_buf
  starting_dir /home/afmondra/zephyr-course
  obj_dir      None
  gcda_fname   ../../../twister-out/native_sim_native/host/homework.unit.ring_buf/zephyr/kernel/CMakeFiles/kernel.dir/init.c.gcda
  --> fname    /home/afmondra/deps/zephyr/arch/posix/include/kernel_arch_func.h
(DEBUG) Check if /home/afmondra/deps/zephyr/arch/posix/include/kernel_arch_func.h is included...
(DEBUG)   No filter matched.
(DEBUG) Processing file: /home/afmondra/zephyr-course/twister-out/native_sim_native/host/homework.unit.ring_buf/zephyr/kernel/CMakeFiles/kernel.dir/kheap.c.gcno
(DEBUG) Running gcov: 'gcov /home/afmondra/zephyr-course/twister-out/native_sim_native/host/homework.unit.ring_buf/zephyr/kernel/CMakeFiles/kernel.dir/kheap.c.gcno --branch-counts --branch-probabilities --all-blocks --demangled-names --hash-filenames --object-directory ../../../twister-out/native_sim_native/host/homework.unit.ring_buf/zephyr/kernel/CMakeFiles/kernel.dir' in '/home/afmondra/zephyr-course/app/modules/ring_buf'
(DEBUG) GCOV return code was 0, stdout was:
File '/home/afmondra/deps/zephyr/kernel/kheap.c'
Lines executed:0.00% of 66
Branches executed:0.00% of 32
Taken at least once:0.00% of 32
Calls executed:0.00% of 43
Creating 'kheap.c##4d5c913016eb3f78f87fabacf441df13.gcov'

File '/home/afmondra/deps/zephyr/kernel/include/wait_q.h'
Lines executed:0.00% of 3
No branches
Calls executed:0.00% of 1
Creating 'wait_q.h##7d194b64851e991ac75a7d3dbc9cc4b5.gcov'

File '/home/afmondra/deps/zephyr/include/zephyr/sys/math_extras_impl.h'
Lines executed:0.00% of 2
No branches
No calls
Creating 'math_extras_impl.h##9486ac6719294299399476898ddf3fd9.gcov'

File '/home/afmondra/deps/zephyr/arch/posix/include/kernel_arch_func.h'
Lines executed:0.00% of 2
No branches
No calls
Creating 'kernel_arch_func.h##379cf6a4b0e9931ee2a0b5e22a6341aa.gcov'

File '/home/afmondra/deps/zephyr/include/zephyr/spinlock.h'
Lines executed:0.00% of 15
Branches executed:0.00% of 4
Taken at least once:0.00% of 4
Calls executed:0.00% of 17
Creating 'spinlock.h##0907215eaec88fd477ba521e3409787d.gcov'

File '/home/afmondra/deps/zephyr/include/zephyr/arch/posix/arch.h'
Lines executed:0.00% of 5
No branches
Calls executed:0.00% of 2
Creating 'arch.h##eee3095deeb51a158c6bb5ded542fa59.gcov'

File '/home/afmondra/deps/zephyr/include/zephyr/sys/dlist.h'
Lines executed:0.00% of 4
No branches
No calls
Creating 'dlist.h##a327e4cc11655394ebace39a0dfd33dd.gcov'

Lines executed:0.00% of 97
<<, stderr was:
../../../twister-out/native_sim_native/host/homework.unit.ring_buf/zephyr/kernel/CMakeFiles/kernel.dir/kheap.c.gcda:cannot open data file, assuming not executed
<<
(DEBUG) Check if kheap.c##4d5c913016eb3f78f87fabacf441df13.gcov is included...
(DEBUG) Check if wait_q.h##7d194b64851e991ac75a7d3dbc9cc4b5.gcov is included...
(DEBUG) Check if math_extras_impl.h##9486ac6719294299399476898ddf3fd9.gcov is included...
(DEBUG) Check if kernel_arch_func.h##379cf6a4b0e9931ee2a0b5e22a6341aa.gcov is included...
(DEBUG) Check if spinlock.h##0907215eaec88fd477ba521e3409787d.gcov is included...
(DEBUG) Check if arch.h##eee3095deeb51a158c6bb5ded542fa59.gcov is included...
(DEBUG) Check if dlist.h##a327e4cc11655394ebace39a0dfd33dd.gcov is included...
(DEBUG) Finding source file corresponding to a gcov data file
  gcov_fname   /home/afmondra/zephyr-course/app/modules/ring_buf/math_extras_impl.h##9486ac6719294299399476898ddf3fd9.gcov
  current_dir  /home/afmondra/zephyr-course/app/modules/ring_buf
  root         /home/afmondra/zephyr-course/app/modules/ring_buf
  starting_dir /home/afmondra/zephyr-course
  obj_dir      None
  gcda_fname   ../../../twister-out/native_sim_native/host/homework.unit.ring_buf/zephyr/kernel/CMakeFiles/kernel.dir/kheap.c.gcno
  --> fname    /home/afmondra/deps/zephyr/include/zephyr/sys/math_extras_impl.h
(DEBUG) Check if /home/afmondra/deps/zephyr/include/zephyr/sys/math_extras_impl.h is included...
(DEBUG)   No filter matched.
(DEBUG) Finding source file corresponding to a gcov data file
  gcov_fname   /home/afmondra/zephyr-course/app/modules/ring_buf/arch.h##eee3095deeb51a158c6bb5ded542fa59.gcov
  current_dir  /home/afmondra/zephyr-course/app/modules/ring_buf
  root         /home/afmondra/zephyr-course/app/modules/ring_buf
  starting_dir /home/afmondra/zephyr-course
  obj_dir      None
  gcda_fname   ../../../twister-out/native_sim_native/host/homework.unit.ring_buf/zephyr/kernel/CMakeFiles/kernel.dir/kheap.c.gcno
  --> fname    /home/afmondra/deps/zephyr/include/zephyr/arch/posix/arch.h
(DEBUG) Check if /home/afmondra/deps/zephyr/include/zephyr/arch/posix/arch.h is included...
(DEBUG)   No filter matched.
(DEBUG) Finding source file corresponding to a gcov data file
  gcov_fname   /home/afmondra/zephyr-course/app/modules/ring_buf/spinlock.h##0907215eaec88fd477ba521e3409787d.gcov
  current_dir  /home/afmondra/zephyr-course/app/modules/ring_buf
  root         /home/afmondra/zephyr-course/app/modules/ring_buf
  starting_dir /home/afmondra/zephyr-course
  obj_dir      None
  gcda_fname   ../../../twister-out/native_sim_native/host/homework.unit.ring_buf/zephyr/kernel/CMakeFiles/kernel.dir/kheap.c.gcno
  --> fname    /home/afmondra/deps/zephyr/include/zephyr/spinlock.h
(DEBUG) Check if /home/afmondra/deps/zephyr/include/zephyr/spinlock.h is included...
(DEBUG)   No filter matched.
(DEBUG) Finding source file corresponding to a gcov data file
  gcov_fname   /home/afmondra/zephyr-course/app/modules/ring_buf/wait_q.h##7d194b64851e991ac75a7d3dbc9cc4b5.gcov
  current_dir  /home/afmondra/zephyr-course/app/modules/ring_buf
  root         /home/afmondra/zephyr-course/app/modules/ring_buf
  starting_dir /home/afmondra/zephyr-course
  obj_dir      None
  gcda_fname   ../../../twister-out/native_sim_native/host/homework.unit.ring_buf/zephyr/kernel/CMakeFiles/kernel.dir/kheap.c.gcno
  --> fname    /home/afmondra/deps/zephyr/kernel/include/wait_q.h
(DEBUG) Check if /home/afmondra/deps/zephyr/kernel/include/wait_q.h is included...
(DEBUG)   No filter matched.
(DEBUG) Finding source file corresponding to a gcov data file
  gcov_fname   /home/afmondra/zephyr-course/app/modules/ring_buf/kheap.c##4d5c913016eb3f78f87fabacf441df13.gcov
  current_dir  /home/afmondra/zephyr-course/app/modules/ring_buf
  root         /home/afmondra/zephyr-course/app/modules/ring_buf
  starting_dir /home/afmondra/zephyr-course
  obj_dir      None
  gcda_fname   ../../../twister-out/native_sim_native/host/homework.unit.ring_buf/zephyr/kernel/CMakeFiles/kernel.dir/kheap.c.gcno
  --> fname    /home/afmondra/deps/zephyr/kernel/kheap.c
(DEBUG) Check if /home/afmondra/deps/zephyr/kernel/kheap.c is included...
(DEBUG)   No filter matched.
(DEBUG) Finding source file corresponding to a gcov data file
  gcov_fname   /home/afmondra/zephyr-course/app/modules/ring_buf/kernel_arch_func.h##379cf6a4b0e9931ee2a0b5e22a6341aa.gcov
  current_dir  /home/afmondra/zephyr-course/app/modules/ring_buf
  root         /home/afmondra/zephyr-course/app/modules/ring_buf
  starting_dir /home/afmondra/zephyr-course
  obj_dir      None
  gcda_fname   ../../../twister-out/native_sim_native/host/homework.unit.ring_buf/zephyr/kernel/CMakeFiles/kernel.dir/kheap.c.gcno
  --> fname    /home/afmondra/deps/zephyr/arch/posix/include/kernel_arch_func.h
(DEBUG) Check if /home/afmondra/deps/zephyr/arch/posix/include/kernel_arch_func.h is included...
(DEBUG)   No filter matched.
(DEBUG) Finding source file corresponding to a gcov data file
  gcov_fname   /home/afmondra/zephyr-course/app/modules/ring_buf/dlist.h##a327e4cc11655394ebace39a0dfd33dd.gcov
  current_dir  /home/afmondra/zephyr-course/app/modules/ring_buf
  root         /home/afmondra/zephyr-course/app/modules/ring_buf
  starting_dir /home/afmondra/zephyr-course
  obj_dir      None
  gcda_fname   ../../../twister-out/native_sim_native/host/homework.unit.ring_buf/zephyr/kernel/CMakeFiles/kernel.dir/kheap.c.gcno
  --> fname    /home/afmondra/deps/zephyr/include/zephyr/sys/dlist.h
(DEBUG) Check if /home/afmondra/deps/zephyr/include/zephyr/sys/dlist.h is included...
(DEBUG)   No filter matched.
(DEBUG) Processing file: /home/afmondra/zephyr-course/twister-out/native_sim_native/host/homework.unit.ring_buf/zephyr/kernel/CMakeFiles/kernel.dir/mailbox.c.gcno
(DEBUG) Running gcov: 'gcov /home/afmondra/zephyr-course/twister-out/native_sim_native/host/homework.unit.ring_buf/zephyr/kernel/CMakeFiles/kernel.dir/mailbox.c.gcno --branch-counts --branch-probabilities --all-blocks --demangled-names --hash-filenames --object-directory ../../../twister-out/native_sim_native/host/homework.unit.ring_buf/zephyr/kernel/CMakeFiles/kernel.dir' in '/home/afmondra/zephyr-course/app/modules/ring_buf'
(DEBUG) GCOV return code was 0, stdout was:
File '/home/afmondra/deps/zephyr/kernel/mailbox.c'
Lines executed:0.00% of 118
Branches executed:0.00% of 58
Taken at least once:0.00% of 58
Calls executed:0.00% of 46
Creating 'mailbox.c##f5d20494a4e58ee48b3b8e78f8491a39.gcov'

File '/home/afmondra/deps/zephyr/kernel/include/wait_q.h'
Lines executed:0.00% of 3
No branches
Calls executed:0.00% of 1
Creating 'wait_q.h##7d194b64851e991ac75a7d3dbc9cc4b5.gcov'

File '/home/afmondra/deps/zephyr/kernel/include/ksched.h'
Lines executed:0.00% of 3
No branches
Calls executed:0.00% of 2
Creating 'ksched.h##66840255ea5d90e8133169214ef7589d.gcov'

File '/home/afmondra/deps/zephyr/kernel/include/kthread.h'
Lines executed:0.00% of 3
No branches
No calls
Creating 'kthread.h##f5ac6029d1fd819fb88ff662c28cfe33.gcov'

File '/home/afmondra/deps/zephyr/arch/posix/include/kernel_arch_func.h'
Lines executed:0.00% of 3
No branches
No calls
Creating 'kernel_arch_func.h##379cf6a4b0e9931ee2a0b5e22a6341aa.gcov'

File '/home/afmondra/zephyr-course/twister-out/native_sim_native/host/homework.unit.ring_buf/zephyr/include/generated/zephyr/syscalls/kernel.h'
Lines executed:0.00% of 10
No branches
Calls executed:0.00% of 6
Creating 'kernel.h##13f2e6a4c33f57e7946f4cdd024701bf.gcov'

File '/home/afmondra/deps/zephyr/include/zephyr/spinlock.h'
Lines executed:0.00% of 15
Branches executed:0.00% of 4
Taken at least once:0.00% of 4
Calls executed:0.00% of 17
Creating 'spinlock.h##0907215eaec88fd477ba521e3409787d.gcov'

File '/home/afmondra/deps/zephyr/include/zephyr/arch/posix/arch.h'
Lines executed:0.00% of 5
No branches
Calls executed:0.00% of 2
Creating 'arch.h##eee3095deeb51a158c6bb5ded542fa59.gcov'

File '/home/afmondra/deps/zephyr/include/zephyr/sys/dlist.h'
Lines executed:0.00% of 12
Branches executed:0.00% of 6
Taken at least once:0.00% of 6
Calls executed:0.00% of 2
Creating 'dlist.h##a327e4cc11655394ebace39a0dfd33dd.gcov'

Lines executed:0.00% of 172
<<, stderr was:
../../../twister-out/native_sim_native/host/homework.unit.ring_buf/zephyr/kernel/CMakeFiles/kernel.dir/mailbox.c.gcda:cannot open data file, assuming not executed
<<
(DEBUG) Check if mailbox.c##f5d20494a4e58ee48b3b8e78f8491a39.gcov is included...
(DEBUG) Check if wait_q.h##7d194b64851e991ac75a7d3dbc9cc4b5.gcov is included...
(DEBUG) Check if ksched.h##66840255ea5d90e8133169214ef7589d.gcov is included...
(DEBUG) Check if kthread.h##f5ac6029d1fd819fb88ff662c28cfe33.gcov is included...
(DEBUG) Check if kernel_arch_func.h##379cf6a4b0e9931ee2a0b5e22a6341aa.gcov is included...
(DEBUG) Check if kernel.h##13f2e6a4c33f57e7946f4cdd024701bf.gcov is included...
(DEBUG) Check if spinlock.h##0907215eaec88fd477ba521e3409787d.gcov is included...
(DEBUG) Check if arch.h##eee3095deeb51a158c6bb5ded542fa59.gcov is included...
(DEBUG) Check if dlist.h##a327e4cc11655394ebace39a0dfd33dd.gcov is included...
(DEBUG) Finding source file corresponding to a gcov data file
  gcov_fname   /home/afmondra/zephyr-course/app/modules/ring_buf/arch.h##eee3095deeb51a158c6bb5ded542fa59.gcov
  current_dir  /home/afmondra/zephyr-course/app/modules/ring_buf
  root         /home/afmondra/zephyr-course/app/modules/ring_buf
  starting_dir /home/afmondra/zephyr-course
  obj_dir      None
  gcda_fname   ../../../twister-out/native_sim_native/host/homework.unit.ring_buf/zephyr/kernel/CMakeFiles/kernel.dir/mailbox.c.gcno
  --> fname    /home/afmondra/deps/zephyr/include/zephyr/arch/posix/arch.h
(DEBUG) Check if /home/afmondra/deps/zephyr/include/zephyr/arch/posix/arch.h is included...
(DEBUG)   No filter matched.
(DEBUG) Finding source file corresponding to a gcov data file
  gcov_fname   /home/afmondra/zephyr-course/app/modules/ring_buf/kernel.h##13f2e6a4c33f57e7946f4cdd024701bf.gcov
  current_dir  /home/afmondra/zephyr-course/app/modules/ring_buf
  root         /home/afmondra/zephyr-course/app/modules/ring_buf
  starting_dir /home/afmondra/zephyr-course
  obj_dir      None
  gcda_fname   ../../../twister-out/native_sim_native/host/homework.unit.ring_buf/zephyr/kernel/CMakeFiles/kernel.dir/mailbox.c.gcno
  --> fname    /home/afmondra/zephyr-course/twister-out/native_sim_native/host/homework.unit.ring_buf/zephyr/include/generated/zephyr/syscalls/kernel.h
(DEBUG) Check if /home/afmondra/zephyr-course/twister-out/native_sim_native/host/homework.unit.ring_buf/zephyr/include/generated/zephyr/syscalls/kernel.h is included...
(DEBUG)   No filter matched.
(DEBUG) Finding source file corresponding to a gcov data file
  gcov_fname   /home/afmondra/zephyr-course/app/modules/ring_buf/spinlock.h##0907215eaec88fd477ba521e3409787d.gcov
  current_dir  /home/afmondra/zephyr-course/app/modules/ring_buf
  root         /home/afmondra/zephyr-course/app/modules/ring_buf
  starting_dir /home/afmondra/zephyr-course
  obj_dir      None
  gcda_fname   ../../../twister-out/native_sim_native/host/homework.unit.ring_buf/zephyr/kernel/CMakeFiles/kernel.dir/mailbox.c.gcno
  --> fname    /home/afmondra/deps/zephyr/include/zephyr/spinlock.h
(DEBUG) Check if /home/afmondra/deps/zephyr/include/zephyr/spinlock.h is included...
(DEBUG)   No filter matched.
(DEBUG) Finding source file corresponding to a gcov data file
  gcov_fname   /home/afmondra/zephyr-course/app/modules/ring_buf/ksched.h##66840255ea5d90e8133169214ef7589d.gcov
  current_dir  /home/afmondra/zephyr-course/app/modules/ring_buf
  root         /home/afmondra/zephyr-course/app/modules/ring_buf
  starting_dir /home/afmondra/zephyr-course
  obj_dir      None
  gcda_fname   ../../../twister-out/native_sim_native/host/homework.unit.ring_buf/zephyr/kernel/CMakeFiles/kernel.dir/mailbox.c.gcno
  --> fname    /home/afmondra/deps/zephyr/kernel/include/ksched.h
(DEBUG) Check if /home/afmondra/deps/zephyr/kernel/include/ksched.h is included...
(DEBUG)   No filter matched.
(DEBUG) Finding source file corresponding to a gcov data file
  gcov_fname   /home/afmondra/zephyr-course/app/modules/ring_buf/wait_q.h##7d194b64851e991ac75a7d3dbc9cc4b5.gcov
  current_dir  /home/afmondra/zephyr-course/app/modules/ring_buf
  root         /home/afmondra/zephyr-course/app/modules/ring_buf
  starting_dir /home/afmondra/zephyr-course
  obj_dir      None
  gcda_fname   ../../../twister-out/native_sim_native/host/homework.unit.ring_buf/zephyr/kernel/CMakeFiles/kernel.dir/mailbox.c.gcno
  --> fname    /home/afmondra/deps/zephyr/kernel/include/wait_q.h
(DEBUG) Check if /home/afmondra/deps/zephyr/kernel/include/wait_q.h is included...
(DEBUG)   No filter matched.
(DEBUG) Finding source file corresponding to a gcov data file
  gcov_fname   /home/afmondra/zephyr-course/app/modules/ring_buf/mailbox.c##f5d20494a4e58ee48b3b8e78f8491a39.gcov
  current_dir  /home/afmondra/zephyr-course/app/modules/ring_buf
  root         /home/afmondra/zephyr-course/app/modules/ring_buf
  starting_dir /home/afmondra/zephyr-course
  obj_dir      None
  gcda_fname   ../../../twister-out/native_sim_native/host/homework.unit.ring_buf/zephyr/kernel/CMakeFiles/kernel.dir/mailbox.c.gcno
  --> fname    /home/afmondra/deps/zephyr/kernel/mailbox.c
(DEBUG) Check if /home/afmondra/deps/zephyr/kernel/mailbox.c is included...
(DEBUG)   No filter matched.
(DEBUG) Finding source file corresponding to a gcov data file
  gcov_fname   /home/afmondra/zephyr-course/app/modules/ring_buf/kthread.h##f5ac6029d1fd819fb88ff662c28cfe33.gcov
  current_dir  /home/afmondra/zephyr-course/app/modules/ring_buf
  root         /home/afmondra/zephyr-course/app/modules/ring_buf
  starting_dir /home/afmondra/zephyr-course
  obj_dir      None
  gcda_fname   ../../../twister-out/native_sim_native/host/homework.unit.ring_buf/zephyr/kernel/CMakeFiles/kernel.dir/mailbox.c.gcno
  --> fname    /home/afmondra/deps/zephyr/kernel/include/kthread.h
(DEBUG) Check if /home/afmondra/deps/zephyr/kernel/include/kthread.h is included...
(DEBUG)   No filter matched.
(DEBUG) Finding source file corresponding to a gcov data file
  gcov_fname   /home/afmondra/zephyr-course/app/modules/ring_buf/kernel_arch_func.h##379cf6a4b0e9931ee2a0b5e22a6341aa.gcov
  current_dir  /home/afmondra/zephyr-course/app/modules/ring_buf
  root         /home/afmondra/zephyr-course/app/modules/ring_buf
  starting_dir /home/afmondra/zephyr-course
  obj_dir      None
  gcda_fname   ../../../twister-out/native_sim_native/host/homework.unit.ring_buf/zephyr/kernel/CMakeFiles/kernel.dir/mailbox.c.gcno
  --> fname    /home/afmondra/deps/zephyr/arch/posix/include/kernel_arch_func.h
(DEBUG) Check if /home/afmondra/deps/zephyr/arch/posix/include/kernel_arch_func.h is included...
(DEBUG)   No filter matched.
(DEBUG) Finding source file corresponding to a gcov data file
  gcov_fname   /home/afmondra/zephyr-course/app/modules/ring_buf/dlist.h##a327e4cc11655394ebace39a0dfd33dd.gcov
  current_dir  /home/afmondra/zephyr-course/app/modules/ring_buf
  root         /home/afmondra/zephyr-course/app/modules/ring_buf
  starting_dir /home/afmondra/zephyr-course
  obj_dir      None
  gcda_fname   ../../../twister-out/native_sim_native/host/homework.unit.ring_buf/zephyr/kernel/CMakeFiles/kernel.dir/mailbox.c.gcno
  --> fname    /home/afmondra/deps/zephyr/include/zephyr/sys/dlist.h
(DEBUG) Check if /home/afmondra/deps/zephyr/include/zephyr/sys/dlist.h is included...
(DEBUG)   No filter matched.
(DEBUG) Processing file: /home/afmondra/zephyr-course/twister-out/native_sim_native/host/homework.unit.ring_buf/zephyr/kernel/CMakeFiles/kernel.dir/main_weak.c.gcno
(DEBUG) Running gcov: 'gcov /home/afmondra/zephyr-course/twister-out/native_sim_native/host/homework.unit.ring_buf/zephyr/kernel/CMakeFiles/kernel.dir/main_weak.c.gcno --branch-counts --branch-probabilities --all-blocks --demangled-names --hash-filenames --object-directory ../../../twister-out/native_sim_native/host/homework.unit.ring_buf/zephyr/kernel/CMakeFiles/kernel.dir' in '/home/afmondra/zephyr-course/app/modules/ring_buf'
(DEBUG) GCOV return code was 0, stdout was:
File '/home/afmondra/deps/zephyr/kernel/main_weak.c'
Lines executed:0.00% of 3
No branches
Calls executed:0.00% of 1
Creating 'main_weak.c##f5601fff424ee4e2ea320093dc0bf54d.gcov'

File '/home/afmondra/deps/zephyr/include/zephyr/arch/posix/arch.h'
Lines executed:0.00% of 3
No branches
Calls executed:0.00% of 1
Creating 'arch.h##eee3095deeb51a158c6bb5ded542fa59.gcov'

Lines executed:0.00% of 6
<<, stderr was:
../../../twister-out/native_sim_native/host/homework.unit.ring_buf/zephyr/kernel/CMakeFiles/kernel.dir/main_weak.c.gcda:cannot open data file, assuming not executed
<<
(DEBUG) Check if main_weak.c##f5601fff424ee4e2ea320093dc0bf54d.gcov is included...
(DEBUG) Check if arch.h##eee3095deeb51a158c6bb5ded542fa59.gcov is included...
(DEBUG) Finding source file corresponding to a gcov data file
  gcov_fname   /home/afmondra/zephyr-course/app/modules/ring_buf/arch.h##eee3095deeb51a158c6bb5ded542fa59.gcov
  current_dir  /home/afmondra/zephyr-course/app/modules/ring_buf
  root         /home/afmondra/zephyr-course/app/modules/ring_buf
  starting_dir /home/afmondra/zephyr-course
  obj_dir      None
  gcda_fname   ../../../twister-out/native_sim_native/host/homework.unit.ring_buf/zephyr/kernel/CMakeFiles/kernel.dir/main_weak.c.gcno
  --> fname    /home/afmondra/deps/zephyr/include/zephyr/arch/posix/arch.h
(DEBUG) Check if /home/afmondra/deps/zephyr/include/zephyr/arch/posix/arch.h is included...
(DEBUG)   No filter matched.
(DEBUG) Finding source file corresponding to a gcov data file
  gcov_fname   /home/afmondra/zephyr-course/app/modules/ring_buf/main_weak.c##f5601fff424ee4e2ea320093dc0bf54d.gcov
  current_dir  /home/afmondra/zephyr-course/app/modules/ring_buf
  root         /home/afmondra/zephyr-course/app/modules/ring_buf
  starting_dir /home/afmondra/zephyr-course
  obj_dir      None
  gcda_fname   ../../../twister-out/native_sim_native/host/homework.unit.ring_buf/zephyr/kernel/CMakeFiles/kernel.dir/main_weak.c.gcno
  --> fname    /home/afmondra/deps/zephyr/kernel/main_weak.c
(DEBUG) Check if /home/afmondra/deps/zephyr/kernel/main_weak.c is included...
(DEBUG)   No filter matched.
(DEBUG) Processing file: /home/afmondra/zephyr-course/twister-out/native_sim_native/host/homework.unit.ring_buf/zephyr/kernel/CMakeFiles/kernel.dir/mem_slab.c.gcno
(DEBUG) Running gcov: 'gcov /home/afmondra/zephyr-course/twister-out/native_sim_native/host/homework.unit.ring_buf/zephyr/kernel/CMakeFiles/kernel.dir/mem_slab.c.gcno --branch-counts --branch-probabilities --all-blocks --demangled-names --hash-filenames --object-directory ../../../twister-out/native_sim_native/host/homework.unit.ring_buf/zephyr/kernel/CMakeFiles/kernel.dir' in '/home/afmondra/zephyr-course/app/modules/ring_buf'
(DEBUG) GCOV return code was 0, stdout was:
File '/home/afmondra/deps/zephyr/kernel/mem_slab.c'
Lines executed:0.00% of 81
Branches executed:0.00% of 40
Taken at least once:0.00% of 40
Calls executed:0.00% of 33
Creating 'mem_slab.c##b24aeacd409e7f00c08cd4db6cf36afc.gcov'

File '/home/afmondra/deps/zephyr/kernel/include/wait_q.h'
Lines executed:0.00% of 3
No branches
Calls executed:0.00% of 1
Creating 'wait_q.h##7d194b64851e991ac75a7d3dbc9cc4b5.gcov'

File '/home/afmondra/deps/zephyr/kernel/include/ksched.h'
Lines executed:0.00% of 16
Branches executed:0.00% of 6
Taken at least once:0.00% of 6
Calls executed:0.00% of 18
Creating 'ksched.h##66840255ea5d90e8133169214ef7589d.gcov'

File '/home/afmondra/deps/zephyr/kernel/include/priority_q.h'
Lines executed:0.00% of 9
Branches executed:0.00% of 2
Taken at least once:0.00% of 2
Calls executed:0.00% of 2
Creating 'priority_q.h##019a5395a95fa982590d634a0de7c00b.gcov'

File '/home/afmondra/deps/zephyr/kernel/include/kthread.h'
Lines executed:0.00% of 3
No branches
No calls
Creating 'kthread.h##f5ac6029d1fd819fb88ff662c28cfe33.gcov'

File '/home/afmondra/deps/zephyr/kernel/include/timeout_q.h'
Lines executed:0.00% of 3
No branches
Calls executed:0.00% of 1
Creating 'timeout_q.h##0019aefc9ed6cdad0bdd6ed43d40cc99.gcov'

File '/home/afmondra/deps/zephyr/kernel/include/kernel_internal.h'
Lines executed:0.00% of 4
No branches
Calls executed:0.00% of 1
Creating 'kernel_internal.h##c94d6fbabfefc46651cba9d879b4e358.gcov'

File '/home/afmondra/deps/zephyr/arch/posix/include/kernel_arch_func.h'
Lines executed:0.00% of 3
No branches
No calls
Creating 'kernel_arch_func.h##379cf6a4b0e9931ee2a0b5e22a6341aa.gcov'

File '/home/afmondra/deps/zephyr/include/zephyr/sys/internal/kobject_internal.h'
Lines executed:0.00% of 2
No branches
No calls
Creating 'kobject_internal.h##7fc8757d0ace3c199ecb77726040aa27.gcov'

File '/home/afmondra/deps/zephyr/include/zephyr/spinlock.h'
Lines executed:0.00% of 15
Branches executed:0.00% of 4
Taken at least once:0.00% of 4
Calls executed:0.00% of 17
Creating 'spinlock.h##0907215eaec88fd477ba521e3409787d.gcov'

File '/home/afmondra/deps/zephyr/include/zephyr/arch/posix/arch.h'
Lines executed:0.00% of 7
No branches
Calls executed:0.00% of 2
Creating 'arch.h##eee3095deeb51a158c6bb5ded542fa59.gcov'

File '/home/afmondra/deps/zephyr/include/zephyr/sys/dlist.h'
Lines executed:0.00% of 19
Branches executed:0.00% of 2
Taken at least once:0.00% of 2
Calls executed:0.00% of 2
Creating 'dlist.h##a327e4cc11655394ebace39a0dfd33dd.gcov'

Lines executed:0.00% of 165
<<, stderr was:
../../../twister-out/native_sim_native/host/homework.unit.ring_buf/zephyr/kernel/CMakeFiles/kernel.dir/mem_slab.c.gcda:cannot open data file, assuming not executed
<<
(DEBUG) Check if mem_slab.c##b24aeacd409e7f00c08cd4db6cf36afc.gcov is included...
(DEBUG) Check if wait_q.h##7d194b64851e991ac75a7d3dbc9cc4b5.gcov is included...
(DEBUG) Check if ksched.h##66840255ea5d90e8133169214ef7589d.gcov is included...
(DEBUG) Check if priority_q.h##019a5395a95fa982590d634a0de7c00b.gcov is included...
(DEBUG) Check if kthread.h##f5ac6029d1fd819fb88ff662c28cfe33.gcov is included...
(DEBUG) Check if timeout_q.h##0019aefc9ed6cdad0bdd6ed43d40cc99.gcov is included...
(DEBUG) Check if kernel_internal.h##c94d6fbabfefc46651cba9d879b4e358.gcov is included...
(DEBUG) Check if kernel_arch_func.h##379cf6a4b0e9931ee2a0b5e22a6341aa.gcov is included...
(DEBUG) Check if kobject_internal.h##7fc8757d0ace3c199ecb77726040aa27.gcov is included...
(DEBUG) Check if spinlock.h##0907215eaec88fd477ba521e3409787d.gcov is included...
(DEBUG) Check if arch.h##eee3095deeb51a158c6bb5ded542fa59.gcov is included...
(DEBUG) Check if dlist.h##a327e4cc11655394ebace39a0dfd33dd.gcov is included...
(DEBUG) Finding source file corresponding to a gcov data file
  gcov_fname   /home/afmondra/zephyr-course/app/modules/ring_buf/arch.h##eee3095deeb51a158c6bb5ded542fa59.gcov
  current_dir  /home/afmondra/zephyr-course/app/modules/ring_buf
  root         /home/afmondra/zephyr-course/app/modules/ring_buf
  starting_dir /home/afmondra/zephyr-course
  obj_dir      None
  gcda_fname   ../../../twister-out/native_sim_native/host/homework.unit.ring_buf/zephyr/kernel/CMakeFiles/kernel.dir/mem_slab.c.gcno
  --> fname    /home/afmondra/deps/zephyr/include/zephyr/arch/posix/arch.h
(DEBUG) Check if /home/afmondra/deps/zephyr/include/zephyr/arch/posix/arch.h is included...
(DEBUG)   No filter matched.
(DEBUG) Finding source file corresponding to a gcov data file
  gcov_fname   /home/afmondra/zephyr-course/app/modules/ring_buf/timeout_q.h##0019aefc9ed6cdad0bdd6ed43d40cc99.gcov
  current_dir  /home/afmondra/zephyr-course/app/modules/ring_buf
  root         /home/afmondra/zephyr-course/app/modules/ring_buf
  starting_dir /home/afmondra/zephyr-course
  obj_dir      None
  gcda_fname   ../../../twister-out/native_sim_native/host/homework.unit.ring_buf/zephyr/kernel/CMakeFiles/kernel.dir/mem_slab.c.gcno
  --> fname    /home/afmondra/deps/zephyr/kernel/include/timeout_q.h
(DEBUG) Check if /home/afmondra/deps/zephyr/kernel/include/timeout_q.h is included...
(DEBUG)   No filter matched.
(DEBUG) Finding source file corresponding to a gcov data file
  gcov_fname   /home/afmondra/zephyr-course/app/modules/ring_buf/spinlock.h##0907215eaec88fd477ba521e3409787d.gcov
  current_dir  /home/afmondra/zephyr-course/app/modules/ring_buf
  root         /home/afmondra/zephyr-course/app/modules/ring_buf
  starting_dir /home/afmondra/zephyr-course
  obj_dir      None
  gcda_fname   ../../../twister-out/native_sim_native/host/homework.unit.ring_buf/zephyr/kernel/CMakeFiles/kernel.dir/mem_slab.c.gcno
  --> fname    /home/afmondra/deps/zephyr/include/zephyr/spinlock.h
(DEBUG) Check if /home/afmondra/deps/zephyr/include/zephyr/spinlock.h is included...
(DEBUG)   No filter matched.
(DEBUG) Finding source file corresponding to a gcov data file
  gcov_fname   /home/afmondra/zephyr-course/app/modules/ring_buf/ksched.h##66840255ea5d90e8133169214ef7589d.gcov
  current_dir  /home/afmondra/zephyr-course/app/modules/ring_buf
  root         /home/afmondra/zephyr-course/app/modules/ring_buf
  starting_dir /home/afmondra/zephyr-course
  obj_dir      None
  gcda_fname   ../../../twister-out/native_sim_native/host/homework.unit.ring_buf/zephyr/kernel/CMakeFiles/kernel.dir/mem_slab.c.gcno
  --> fname    /home/afmondra/deps/zephyr/kernel/include/ksched.h
(DEBUG) Check if /home/afmondra/deps/zephyr/kernel/include/ksched.h is included...
(DEBUG)   No filter matched.
(DEBUG) Finding source file corresponding to a gcov data file
  gcov_fname   /home/afmondra/zephyr-course/app/modules/ring_buf/wait_q.h##7d194b64851e991ac75a7d3dbc9cc4b5.gcov
  current_dir  /home/afmondra/zephyr-course/app/modules/ring_buf
  root         /home/afmondra/zephyr-course/app/modules/ring_buf
  starting_dir /home/afmondra/zephyr-course
  obj_dir      None
  gcda_fname   ../../../twister-out/native_sim_native/host/homework.unit.ring_buf/zephyr/kernel/CMakeFiles/kernel.dir/mem_slab.c.gcno
  --> fname    /home/afmondra/deps/zephyr/kernel/include/wait_q.h
(DEBUG) Check if /home/afmondra/deps/zephyr/kernel/include/wait_q.h is included...
(DEBUG)   No filter matched.
(DEBUG) Finding source file corresponding to a gcov data file
  gcov_fname   /home/afmondra/zephyr-course/app/modules/ring_buf/priority_q.h##019a5395a95fa982590d634a0de7c00b.gcov
  current_dir  /home/afmondra/zephyr-course/app/modules/ring_buf
  root         /home/afmondra/zephyr-course/app/modules/ring_buf
  starting_dir /home/afmondra/zephyr-course
  obj_dir      None
  gcda_fname   ../../../twister-out/native_sim_native/host/homework.unit.ring_buf/zephyr/kernel/CMakeFiles/kernel.dir/mem_slab.c.gcno
  --> fname    /home/afmondra/deps/zephyr/kernel/include/priority_q.h
(DEBUG) Check if /home/afmondra/deps/zephyr/kernel/include/priority_q.h is included...
(DEBUG)   No filter matched.
(DEBUG) Finding source file corresponding to a gcov data file
  gcov_fname   /home/afmondra/zephyr-course/app/modules/ring_buf/kobject_internal.h##7fc8757d0ace3c199ecb77726040aa27.gcov
  current_dir  /home/afmondra/zephyr-course/app/modules/ring_buf
  root         /home/afmondra/zephyr-course/app/modules/ring_buf
  starting_dir /home/afmondra/zephyr-course
  obj_dir      None
  gcda_fname   ../../../twister-out/native_sim_native/host/homework.unit.ring_buf/zephyr/kernel/CMakeFiles/kernel.dir/mem_slab.c.gcno
  --> fname    /home/afmondra/deps/zephyr/include/zephyr/sys/internal/kobject_internal.h
(DEBUG) Check if /home/afmondra/deps/zephyr/include/zephyr/sys/internal/kobject_internal.h is included...
(DEBUG)   No filter matched.
(DEBUG) Finding source file corresponding to a gcov data file
  gcov_fname   /home/afmondra/zephyr-course/app/modules/ring_buf/kernel_internal.h##c94d6fbabfefc46651cba9d879b4e358.gcov
  current_dir  /home/afmondra/zephyr-course/app/modules/ring_buf
  root         /home/afmondra/zephyr-course/app/modules/ring_buf
  starting_dir /home/afmondra/zephyr-course
  obj_dir      None
  gcda_fname   ../../../twister-out/native_sim_native/host/homework.unit.ring_buf/zephyr/kernel/CMakeFiles/kernel.dir/mem_slab.c.gcno
  --> fname    /home/afmondra/deps/zephyr/kernel/include/kernel_internal.h
(DEBUG) Check if /home/afmondra/deps/zephyr/kernel/include/kernel_internal.h is included...
(DEBUG)   No filter matched.
(DEBUG) Finding source file corresponding to a gcov data file
  gcov_fname   /home/afmondra/zephyr-course/app/modules/ring_buf/kthread.h##f5ac6029d1fd819fb88ff662c28cfe33.gcov
  current_dir  /home/afmondra/zephyr-course/app/modules/ring_buf
  root         /home/afmondra/zephyr-course/app/modules/ring_buf
  starting_dir /home/afmondra/zephyr-course
  obj_dir      None
  gcda_fname   ../../../twister-out/native_sim_native/host/homework.unit.ring_buf/zephyr/kernel/CMakeFiles/kernel.dir/mem_slab.c.gcno
  --> fname    /home/afmondra/deps/zephyr/kernel/include/kthread.h
(DEBUG) Check if /home/afmondra/deps/zephyr/kernel/include/kthread.h is included...
(DEBUG)   No filter matched.
(DEBUG) Finding source file corresponding to a gcov data file
  gcov_fname   /home/afmondra/zephyr-course/app/modules/ring_buf/kernel_arch_func.h##379cf6a4b0e9931ee2a0b5e22a6341aa.gcov
  current_dir  /home/afmondra/zephyr-course/app/modules/ring_buf
  root         /home/afmondra/zephyr-course/app/modules/ring_buf
  starting_dir /home/afmondra/zephyr-course
  obj_dir      None
  gcda_fname   ../../../twister-out/native_sim_native/host/homework.unit.ring_buf/zephyr/kernel/CMakeFiles/kernel.dir/mem_slab.c.gcno
  --> fname    /home/afmondra/deps/zephyr/arch/posix/include/kernel_arch_func.h
(DEBUG) Check if /home/afmondra/deps/zephyr/arch/posix/include/kernel_arch_func.h is included...
(DEBUG)   No filter matched.
(DEBUG) Finding source file corresponding to a gcov data file
  gcov_fname   /home/afmondra/zephyr-course/app/modules/ring_buf/mem_slab.c##b24aeacd409e7f00c08cd4db6cf36afc.gcov
  current_dir  /home/afmondra/zephyr-course/app/modules/ring_buf
  root         /home/afmondra/zephyr-course/app/modules/ring_buf
  starting_dir /home/afmondra/zephyr-course
  obj_dir      None
  gcda_fname   ../../../twister-out/native_sim_native/host/homework.unit.ring_buf/zephyr/kernel/CMakeFiles/kernel.dir/mem_slab.c.gcno
  --> fname    /home/afmondra/deps/zephyr/kernel/mem_slab.c
(DEBUG) Check if /home/afmondra/deps/zephyr/kernel/mem_slab.c is included...
(DEBUG)   No filter matched.
(DEBUG) Finding source file corresponding to a gcov data file
  gcov_fname   /home/afmondra/zephyr-course/app/modules/ring_buf/dlist.h##a327e4cc11655394ebace39a0dfd33dd.gcov
  current_dir  /home/afmondra/zephyr-course/app/modules/ring_buf
  root         /home/afmondra/zephyr-course/app/modules/ring_buf
  starting_dir /home/afmondra/zephyr-course
  obj_dir      None
  gcda_fname   ../../../twister-out/native_sim_native/host/homework.unit.ring_buf/zephyr/kernel/CMakeFiles/kernel.dir/mem_slab.c.gcno
  --> fname    /home/afmondra/deps/zephyr/include/zephyr/sys/dlist.h
(DEBUG) Check if /home/afmondra/deps/zephyr/include/zephyr/sys/dlist.h is included...
(DEBUG)   No filter matched.
(DEBUG) Processing file: /home/afmondra/zephyr-course/twister-out/native_sim_native/host/homework.unit.ring_buf/zephyr/kernel/CMakeFiles/kernel.dir/mempool.c.gcno
(DEBUG) Running gcov: 'gcov /home/afmondra/zephyr-course/twister-out/native_sim_native/host/homework.unit.ring_buf/zephyr/kernel/CMakeFiles/kernel.dir/mempool.c.gcno --branch-counts --branch-probabilities --all-blocks --demangled-names --hash-filenames --object-directory ../../../twister-out/native_sim_native/host/homework.unit.ring_buf/zephyr/kernel/CMakeFiles/kernel.dir' in '/home/afmondra/zephyr-course/app/modules/ring_buf'
(DEBUG) GCOV return code was 0, stdout was:
File '/home/afmondra/deps/zephyr/kernel/mempool.c'
Lines executed:0.00% of 34
Branches executed:0.00% of 16
Taken at least once:0.00% of 16
Calls executed:0.00% of 19
Creating 'mempool.c##45a1bbd7a224bd5535392647df3c8d69.gcov'

File '/home/afmondra/deps/zephyr/include/zephyr/sys/math_extras_impl.h'
Lines executed:0.00% of 2
No branches
No calls
Creating 'math_extras_impl.h##9486ac6719294299399476898ddf3fd9.gcov'

File '/home/afmondra/deps/zephyr/include/zephyr/spinlock.h'
Lines executed:0.00% of 15
Branches executed:0.00% of 4
Taken at least once:0.00% of 4
Calls executed:0.00% of 17
Creating 'spinlock.h##0907215eaec88fd477ba521e3409787d.gcov'

File '/home/afmondra/deps/zephyr/include/zephyr/arch/posix/arch.h'
Lines executed:0.00% of 5
No branches
Calls executed:0.00% of 2
Creating 'arch.h##eee3095deeb51a158c6bb5ded542fa59.gcov'

Lines executed:0.00% of 56
<<, stderr was:
../../../twister-out/native_sim_native/host/homework.unit.ring_buf/zephyr/kernel/CMakeFiles/kernel.dir/mempool.c.gcda:cannot open data file, assuming not executed
<<
(DEBUG) Check if mempool.c##45a1bbd7a224bd5535392647df3c8d69.gcov is included...
(DEBUG) Check if math_extras_impl.h##9486ac6719294299399476898ddf3fd9.gcov is included...
(DEBUG) Check if spinlock.h##0907215eaec88fd477ba521e3409787d.gcov is included...
(DEBUG) Check if arch.h##eee3095deeb51a158c6bb5ded542fa59.gcov is included...
(DEBUG) Finding source file corresponding to a gcov data file
  gcov_fname   /home/afmondra/zephyr-course/app/modules/ring_buf/math_extras_impl.h##9486ac6719294299399476898ddf3fd9.gcov
  current_dir  /home/afmondra/zephyr-course/app/modules/ring_buf
  root         /home/afmondra/zephyr-course/app/modules/ring_buf
  starting_dir /home/afmondra/zephyr-course
  obj_dir      None
  gcda_fname   ../../../twister-out/native_sim_native/host/homework.unit.ring_buf/zephyr/kernel/CMakeFiles/kernel.dir/mempool.c.gcno
  --> fname    /home/afmondra/deps/zephyr/include/zephyr/sys/math_extras_impl.h
(DEBUG) Check if /home/afmondra/deps/zephyr/include/zephyr/sys/math_extras_impl.h is included...
(DEBUG)   No filter matched.
(DEBUG) Finding source file corresponding to a gcov data file
  gcov_fname   /home/afmondra/zephyr-course/app/modules/ring_buf/mempool.c##45a1bbd7a224bd5535392647df3c8d69.gcov
  current_dir  /home/afmondra/zephyr-course/app/modules/ring_buf
  root         /home/afmondra/zephyr-course/app/modules/ring_buf
  starting_dir /home/afmondra/zephyr-course
  obj_dir      None
  gcda_fname   ../../../twister-out/native_sim_native/host/homework.unit.ring_buf/zephyr/kernel/CMakeFiles/kernel.dir/mempool.c.gcno
  --> fname    /home/afmondra/deps/zephyr/kernel/mempool.c
(DEBUG) Check if /home/afmondra/deps/zephyr/kernel/mempool.c is included...
(DEBUG)   No filter matched.
(DEBUG) Finding source file corresponding to a gcov data file
  gcov_fname   /home/afmondra/zephyr-course/app/modules/ring_buf/spinlock.h##0907215eaec88fd477ba521e3409787d.gcov
  current_dir  /home/afmondra/zephyr-course/app/modules/ring_buf
  root         /home/afmondra/zephyr-course/app/modules/ring_buf
  starting_dir /home/afmondra/zephyr-course
  obj_dir      None
  gcda_fname   ../../../twister-out/native_sim_native/host/homework.unit.ring_buf/zephyr/kernel/CMakeFiles/kernel.dir/mempool.c.gcno
  --> fname    /home/afmondra/deps/zephyr/include/zephyr/spinlock.h
(DEBUG) Check if /home/afmondra/deps/zephyr/include/zephyr/spinlock.h is included...
(DEBUG)   No filter matched.
(DEBUG) Finding source file corresponding to a gcov data file
  gcov_fname   /home/afmondra/zephyr-course/app/modules/ring_buf/arch.h##eee3095deeb51a158c6bb5ded542fa59.gcov
  current_dir  /home/afmondra/zephyr-course/app/modules/ring_buf
  root         /home/afmondra/zephyr-course/app/modules/ring_buf
  starting_dir /home/afmondra/zephyr-course
  obj_dir      None
  gcda_fname   ../../../twister-out/native_sim_native/host/homework.unit.ring_buf/zephyr/kernel/CMakeFiles/kernel.dir/mempool.c.gcno
  --> fname    /home/afmondra/deps/zephyr/include/zephyr/arch/posix/arch.h
(DEBUG) Check if /home/afmondra/deps/zephyr/include/zephyr/arch/posix/arch.h is included...
(DEBUG)   No filter matched.
(DEBUG) Processing file: /home/afmondra/zephyr-course/twister-out/native_sim_native/host/homework.unit.ring_buf/zephyr/kernel/CMakeFiles/kernel.dir/msg_q.c.gcno
(DEBUG) Running gcov: 'gcov /home/afmondra/zephyr-course/twister-out/native_sim_native/host/homework.unit.ring_buf/zephyr/kernel/CMakeFiles/kernel.dir/msg_q.c.gcno --branch-counts --branch-probabilities --all-blocks --demangled-names --hash-filenames --object-directory ../../../twister-out/native_sim_native/host/homework.unit.ring_buf/zephyr/kernel/CMakeFiles/kernel.dir' in '/home/afmondra/zephyr-course/app/modules/ring_buf'
(DEBUG) GCOV return code was 0, stdout was:
File '/home/afmondra/deps/zephyr/kernel/msg_q.c'
Lines executed:0.00% of 133
Branches executed:0.00% of 56
Taken at least once:0.00% of 56
Calls executed:0.00% of 53
Creating 'msg_q.c##2d9d47ac0609e917c768e01f03c7b659.gcov'

File '/home/afmondra/deps/zephyr/kernel/include/wait_q.h'
Lines executed:0.00% of 5
No branches
Calls executed:0.00% of 2
Creating 'wait_q.h##7d194b64851e991ac75a7d3dbc9cc4b5.gcov'

File '/home/afmondra/deps/zephyr/kernel/include/ksched.h'
Lines executed:0.00% of 16
Branches executed:0.00% of 6
Taken at least once:0.00% of 6
Calls executed:0.00% of 18
Creating 'ksched.h##66840255ea5d90e8133169214ef7589d.gcov'

File '/home/afmondra/deps/zephyr/kernel/include/priority_q.h'
Lines executed:0.00% of 9
Branches executed:0.00% of 2
Taken at least once:0.00% of 2
Calls executed:0.00% of 2
Creating 'priority_q.h##019a5395a95fa982590d634a0de7c00b.gcov'

File '/home/afmondra/deps/zephyr/include/zephyr/sys/math_extras_impl.h'
Lines executed:0.00% of 2
No branches
No calls
Creating 'math_extras_impl.h##9486ac6719294299399476898ddf3fd9.gcov'

File '/home/afmondra/deps/zephyr/kernel/include/kthread.h'
Lines executed:0.00% of 3
No branches
No calls
Creating 'kthread.h##f5ac6029d1fd819fb88ff662c28cfe33.gcov'

File '/home/afmondra/deps/zephyr/kernel/include/timeout_q.h'
Lines executed:0.00% of 3
No branches
Calls executed:0.00% of 1
Creating 'timeout_q.h##0019aefc9ed6cdad0bdd6ed43d40cc99.gcov'

File '/home/afmondra/deps/zephyr/arch/posix/include/kernel_arch_func.h'
Lines executed:0.00% of 5
No branches
No calls
Creating 'kernel_arch_func.h##379cf6a4b0e9931ee2a0b5e22a6341aa.gcov'

File '/home/afmondra/deps/zephyr/include/zephyr/sys/internal/kobject_internal.h'
Lines executed:0.00% of 2
No branches
No calls
Creating 'kobject_internal.h##7fc8757d0ace3c199ecb77726040aa27.gcov'

File '/home/afmondra/deps/zephyr/include/zephyr/spinlock.h'
Lines executed:0.00% of 15
Branches executed:0.00% of 4
Taken at least once:0.00% of 4
Calls executed:0.00% of 17
Creating 'spinlock.h##0907215eaec88fd477ba521e3409787d.gcov'

File '/home/afmondra/deps/zephyr/include/zephyr/arch/posix/arch.h'
Lines executed:0.00% of 7
No branches
Calls executed:0.00% of 2
Creating 'arch.h##eee3095deeb51a158c6bb5ded542fa59.gcov'

File '/home/afmondra/deps/zephyr/include/zephyr/sys/dlist.h'
Lines executed:0.00% of 19
Branches executed:0.00% of 2
Taken at least once:0.00% of 2
Calls executed:0.00% of 2
Creating 'dlist.h##a327e4cc11655394ebace39a0dfd33dd.gcov'

Lines executed:0.00% of 219
<<, stderr was:
../../../twister-out/native_sim_native/host/homework.unit.ring_buf/zephyr/kernel/CMakeFiles/kernel.dir/msg_q.c.gcda:cannot open data file, assuming not executed
<<
(DEBUG) Check if msg_q.c##2d9d47ac0609e917c768e01f03c7b659.gcov is included...
(DEBUG) Check if wait_q.h##7d194b64851e991ac75a7d3dbc9cc4b5.gcov is included...
(DEBUG) Check if ksched.h##66840255ea5d90e8133169214ef7589d.gcov is included...
(DEBUG) Check if priority_q.h##019a5395a95fa982590d634a0de7c00b.gcov is included...
(DEBUG) Check if math_extras_impl.h##9486ac6719294299399476898ddf3fd9.gcov is included...
(DEBUG) Check if kthread.h##f5ac6029d1fd819fb88ff662c28cfe33.gcov is included...
(DEBUG) Check if timeout_q.h##0019aefc9ed6cdad0bdd6ed43d40cc99.gcov is included...
(DEBUG) Check if kernel_arch_func.h##379cf6a4b0e9931ee2a0b5e22a6341aa.gcov is included...
(DEBUG) Check if kobject_internal.h##7fc8757d0ace3c199ecb77726040aa27.gcov is included...
(DEBUG) Check if spinlock.h##0907215eaec88fd477ba521e3409787d.gcov is included...
(DEBUG) Check if arch.h##eee3095deeb51a158c6bb5ded542fa59.gcov is included...
(DEBUG) Check if dlist.h##a327e4cc11655394ebace39a0dfd33dd.gcov is included...
(DEBUG) Finding source file corresponding to a gcov data file
  gcov_fname   /home/afmondra/zephyr-course/app/modules/ring_buf/math_extras_impl.h##9486ac6719294299399476898ddf3fd9.gcov
  current_dir  /home/afmondra/zephyr-course/app/modules/ring_buf
  root         /home/afmondra/zephyr-course/app/modules/ring_buf
  starting_dir /home/afmondra/zephyr-course
  obj_dir      None
  gcda_fname   ../../../twister-out/native_sim_native/host/homework.unit.ring_buf/zephyr/kernel/CMakeFiles/kernel.dir/msg_q.c.gcno
  --> fname    /home/afmondra/deps/zephyr/include/zephyr/sys/math_extras_impl.h
(DEBUG) Check if /home/afmondra/deps/zephyr/include/zephyr/sys/math_extras_impl.h is included...
(DEBUG)   No filter matched.
(DEBUG) Finding source file corresponding to a gcov data file
  gcov_fname   /home/afmondra/zephyr-course/app/modules/ring_buf/timeout_q.h##0019aefc9ed6cdad0bdd6ed43d40cc99.gcov
  current_dir  /home/afmondra/zephyr-course/app/modules/ring_buf
  root         /home/afmondra/zephyr-course/app/modules/ring_buf
  starting_dir /home/afmondra/zephyr-course
  obj_dir      None
  gcda_fname   ../../../twister-out/native_sim_native/host/homework.unit.ring_buf/zephyr/kernel/CMakeFiles/kernel.dir/msg_q.c.gcno
  --> fname    /home/afmondra/deps/zephyr/kernel/include/timeout_q.h
(DEBUG) Check if /home/afmondra/deps/zephyr/kernel/include/timeout_q.h is included...
(DEBUG)   No filter matched.
(DEBUG) Finding source file corresponding to a gcov data file
  gcov_fname   /home/afmondra/zephyr-course/app/modules/ring_buf/arch.h##eee3095deeb51a158c6bb5ded542fa59.gcov
  current_dir  /home/afmondra/zephyr-course/app/modules/ring_buf
  root         /home/afmondra/zephyr-course/app/modules/ring_buf
  starting_dir /home/afmondra/zephyr-course
  obj_dir      None
  gcda_fname   ../../../twister-out/native_sim_native/host/homework.unit.ring_buf/zephyr/kernel/CMakeFiles/kernel.dir/msg_q.c.gcno
  --> fname    /home/afmondra/deps/zephyr/include/zephyr/arch/posix/arch.h
(DEBUG) Check if /home/afmondra/deps/zephyr/include/zephyr/arch/posix/arch.h is included...
(DEBUG)   No filter matched.
(DEBUG) Finding source file corresponding to a gcov data file
  gcov_fname   /home/afmondra/zephyr-course/app/modules/ring_buf/spinlock.h##0907215eaec88fd477ba521e3409787d.gcov
  current_dir  /home/afmondra/zephyr-course/app/modules/ring_buf
  root         /home/afmondra/zephyr-course/app/modules/ring_buf
  starting_dir /home/afmondra/zephyr-course
  obj_dir      None
  gcda_fname   ../../../twister-out/native_sim_native/host/homework.unit.ring_buf/zephyr/kernel/CMakeFiles/kernel.dir/msg_q.c.gcno
  --> fname    /home/afmondra/deps/zephyr/include/zephyr/spinlock.h
(DEBUG) Check if /home/afmondra/deps/zephyr/include/zephyr/spinlock.h is included...
(DEBUG)   No filter matched.
(DEBUG) Finding source file corresponding to a gcov data file
  gcov_fname   /home/afmondra/zephyr-course/app/modules/ring_buf/ksched.h##66840255ea5d90e8133169214ef7589d.gcov
  current_dir  /home/afmondra/zephyr-course/app/modules/ring_buf
  root         /home/afmondra/zephyr-course/app/modules/ring_buf
  starting_dir /home/afmondra/zephyr-course
  obj_dir      None
  gcda_fname   ../../../twister-out/native_sim_native/host/homework.unit.ring_buf/zephyr/kernel/CMakeFiles/kernel.dir/msg_q.c.gcno
  --> fname    /home/afmondra/deps/zephyr/kernel/include/ksched.h
(DEBUG) Check if /home/afmondra/deps/zephyr/kernel/include/ksched.h is included...
(DEBUG)   No filter matched.
(DEBUG) Finding source file corresponding to a gcov data file
  gcov_fname   /home/afmondra/zephyr-course/app/modules/ring_buf/wait_q.h##7d194b64851e991ac75a7d3dbc9cc4b5.gcov
  current_dir  /home/afmondra/zephyr-course/app/modules/ring_buf
  root         /home/afmondra/zephyr-course/app/modules/ring_buf
  starting_dir /home/afmondra/zephyr-course
  obj_dir      None
  gcda_fname   ../../../twister-out/native_sim_native/host/homework.unit.ring_buf/zephyr/kernel/CMakeFiles/kernel.dir/msg_q.c.gcno
  --> fname    /home/afmondra/deps/zephyr/kernel/include/wait_q.h
(DEBUG) Check if /home/afmondra/deps/zephyr/kernel/include/wait_q.h is included...
(DEBUG)   No filter matched.
(DEBUG) Finding source file corresponding to a gcov data file
  gcov_fname   /home/afmondra/zephyr-course/app/modules/ring_buf/priority_q.h##019a5395a95fa982590d634a0de7c00b.gcov
  current_dir  /home/afmondra/zephyr-course/app/modules/ring_buf
  root         /home/afmondra/zephyr-course/app/modules/ring_buf
  starting_dir /home/afmondra/zephyr-course
  obj_dir      None
  gcda_fname   ../../../twister-out/native_sim_native/host/homework.unit.ring_buf/zephyr/kernel/CMakeFiles/kernel.dir/msg_q.c.gcno
  --> fname    /home/afmondra/deps/zephyr/kernel/include/priority_q.h
(DEBUG) Check if /home/afmondra/deps/zephyr/kernel/include/priority_q.h is included...
(DEBUG)   No filter matched.
(DEBUG) Finding source file corresponding to a gcov data file
  gcov_fname   /home/afmondra/zephyr-course/app/modules/ring_buf/kobject_internal.h##7fc8757d0ace3c199ecb77726040aa27.gcov
  current_dir  /home/afmondra/zephyr-course/app/modules/ring_buf
  root         /home/afmondra/zephyr-course/app/modules/ring_buf
  starting_dir /home/afmondra/zephyr-course
  obj_dir      None
  gcda_fname   ../../../twister-out/native_sim_native/host/homework.unit.ring_buf/zephyr/kernel/CMakeFiles/kernel.dir/msg_q.c.gcno
  --> fname    /home/afmondra/deps/zephyr/include/zephyr/sys/internal/kobject_internal.h
(DEBUG) Check if /home/afmondra/deps/zephyr/include/zephyr/sys/internal/kobject_internal.h is included...
(DEBUG)   No filter matched.
(DEBUG) Finding source file corresponding to a gcov data file
  gcov_fname   /home/afmondra/zephyr-course/app/modules/ring_buf/dlist.h##a327e4cc11655394ebace39a0dfd33dd.gcov
  current_dir  /home/afmondra/zephyr-course/app/modules/ring_buf
  root         /home/afmondra/zephyr-course/app/modules/ring_buf
  starting_dir /home/afmondra/zephyr-course
  obj_dir      None
  gcda_fname   ../../../twister-out/native_sim_native/host/homework.unit.ring_buf/zephyr/kernel/CMakeFiles/kernel.dir/msg_q.c.gcno
  --> fname    /home/afmondra/deps/zephyr/include/zephyr/sys/dlist.h
(DEBUG) Check if /home/afmondra/deps/zephyr/include/zephyr/sys/dlist.h is included...
(DEBUG)   No filter matched.
(DEBUG) Finding source file corresponding to a gcov data file
  gcov_fname   /home/afmondra/zephyr-course/app/modules/ring_buf/kthread.h##f5ac6029d1fd819fb88ff662c28cfe33.gcov
  current_dir  /home/afmondra/zephyr-course/app/modules/ring_buf
  root         /home/afmondra/zephyr-course/app/modules/ring_buf
  starting_dir /home/afmondra/zephyr-course
  obj_dir      None
  gcda_fname   ../../../twister-out/native_sim_native/host/homework.unit.ring_buf/zephyr/kernel/CMakeFiles/kernel.dir/msg_q.c.gcno
  --> fname    /home/afmondra/deps/zephyr/kernel/include/kthread.h
(DEBUG) Check if /home/afmondra/deps/zephyr/kernel/include/kthread.h is included...
(DEBUG)   No filter matched.
(DEBUG) Finding source file corresponding to a gcov data file
  gcov_fname   /home/afmondra/zephyr-course/app/modules/ring_buf/kernel_arch_func.h##379cf6a4b0e9931ee2a0b5e22a6341aa.gcov
  current_dir  /home/afmondra/zephyr-course/app/modules/ring_buf
  root         /home/afmondra/zephyr-course/app/modules/ring_buf
  starting_dir /home/afmondra/zephyr-course
  obj_dir      None
  gcda_fname   ../../../twister-out/native_sim_native/host/homework.unit.ring_buf/zephyr/kernel/CMakeFiles/kernel.dir/msg_q.c.gcno
  --> fname    /home/afmondra/deps/zephyr/arch/posix/include/kernel_arch_func.h
(DEBUG) Check if /home/afmondra/deps/zephyr/arch/posix/include/kernel_arch_func.h is included...
(DEBUG)   No filter matched.
(DEBUG) Finding source file corresponding to a gcov data file
  gcov_fname   /home/afmondra/zephyr-course/app/modules/ring_buf/msg_q.c##2d9d47ac0609e917c768e01f03c7b659.gcov
  current_dir  /home/afmondra/zephyr-course/app/modules/ring_buf
  root         /home/afmondra/zephyr-course/app/modules/ring_buf
  starting_dir /home/afmondra/zephyr-course
  obj_dir      None
  gcda_fname   ../../../twister-out/native_sim_native/host/homework.unit.ring_buf/zephyr/kernel/CMakeFiles/kernel.dir/msg_q.c.gcno
  --> fname    /home/afmondra/deps/zephyr/kernel/msg_q.c
(DEBUG) Check if /home/afmondra/deps/zephyr/kernel/msg_q.c is included...
(DEBUG)   No filter matched.
(DEBUG) Processing file: /home/afmondra/zephyr-course/twister-out/native_sim_native/host/homework.unit.ring_buf/zephyr/kernel/CMakeFiles/kernel.dir/mutex.c.gcno
(DEBUG) Running gcov: 'gcov /home/afmondra/zephyr-course/twister-out/native_sim_native/host/homework.unit.ring_buf/zephyr/kernel/CMakeFiles/kernel.dir/mutex.c.gcno --branch-counts --branch-probabilities --all-blocks --demangled-names --hash-filenames --object-directory ../../../twister-out/native_sim_native/host/homework.unit.ring_buf/zephyr/kernel/CMakeFiles/kernel.dir' in '/home/afmondra/zephyr-course/app/modules/ring_buf'
(DEBUG) GCOV return code was 0, stdout was:
File '/home/afmondra/deps/zephyr/kernel/mutex.c'
Lines executed:0.00% of 77
Branches executed:0.00% of 84
Taken at least once:0.00% of 84
Calls executed:0.00% of 51
Creating 'mutex.c##3f5e4a3ee957f6fdb8d5df2981387d7c.gcov'

File '/home/afmondra/deps/zephyr/include/zephyr/logging/log_msg.h'
Lines executed:0.00% of 5
No branches
Calls executed:0.00% of 1
Creating 'log_msg.h##79b8d5e6c50f02645efdf4e980ac5492.gcov'

File '/home/afmondra/deps/zephyr/kernel/include/wait_q.h'
Lines executed:0.00% of 5
No branches
Calls executed:0.00% of 2
Creating 'wait_q.h##7d194b64851e991ac75a7d3dbc9cc4b5.gcov'

File '/home/afmondra/deps/zephyr/kernel/include/ksched.h'
Lines executed:0.00% of 24
Branches executed:0.00% of 8
Taken at least once:0.00% of 8
Calls executed:0.00% of 20
Creating 'ksched.h##66840255ea5d90e8133169214ef7589d.gcov'

File '/home/afmondra/deps/zephyr/kernel/include/priority_q.h'
Lines executed:0.00% of 9
Branches executed:0.00% of 2
Taken at least once:0.00% of 2
Calls executed:0.00% of 2
Creating 'priority_q.h##019a5395a95fa982590d634a0de7c00b.gcov'

File '/home/afmondra/deps/zephyr/kernel/include/kthread.h'
Lines executed:0.00% of 9
No branches
Calls executed:0.00% of 1
Creating 'kthread.h##f5ac6029d1fd819fb88ff662c28cfe33.gcov'

File '/home/afmondra/deps/zephyr/kernel/include/timeout_q.h'
Lines executed:0.00% of 3
No branches
Calls executed:0.00% of 1
Creating 'timeout_q.h##0019aefc9ed6cdad0bdd6ed43d40cc99.gcov'

File '/home/afmondra/deps/zephyr/arch/posix/include/kernel_arch_func.h'
Lines executed:0.00% of 5
No branches
No calls
Creating 'kernel_arch_func.h##379cf6a4b0e9931ee2a0b5e22a6341aa.gcov'

File '/home/afmondra/deps/zephyr/include/zephyr/sys/internal/kobject_internal.h'
Lines executed:0.00% of 2
No branches
No calls
Creating 'kobject_internal.h##7fc8757d0ace3c199ecb77726040aa27.gcov'

File '/home/afmondra/deps/zephyr/include/zephyr/spinlock.h'
Lines executed:0.00% of 15
Branches executed:0.00% of 4
Taken at least once:0.00% of 4
Calls executed:0.00% of 17
Creating 'spinlock.h##0907215eaec88fd477ba521e3409787d.gcov'

File '/home/afmondra/deps/zephyr/include/zephyr/arch/posix/arch.h'
Lines executed:0.00% of 7
No branches
Calls executed:0.00% of 2
Creating 'arch.h##eee3095deeb51a158c6bb5ded542fa59.gcov'

File '/home/afmondra/deps/zephyr/include/zephyr/sys/dlist.h'
Lines executed:0.00% of 19
Branches executed:0.00% of 2
Taken at least once:0.00% of 2
Calls executed:0.00% of 2
Creating 'dlist.h##a327e4cc11655394ebace39a0dfd33dd.gcov'

Lines executed:0.00% of 180
<<, stderr was:
../../../twister-out/native_sim_native/host/homework.unit.ring_buf/zephyr/kernel/CMakeFiles/kernel.dir/mutex.c.gcda:cannot open data file, assuming not executed
<<
(DEBUG) Check if mutex.c##3f5e4a3ee957f6fdb8d5df2981387d7c.gcov is included...
(DEBUG) Check if log_msg.h##79b8d5e6c50f02645efdf4e980ac5492.gcov is included...
(DEBUG) Check if wait_q.h##7d194b64851e991ac75a7d3dbc9cc4b5.gcov is included...
(DEBUG) Check if ksched.h##66840255ea5d90e8133169214ef7589d.gcov is included...
(DEBUG) Check if priority_q.h##019a5395a95fa982590d634a0de7c00b.gcov is included...
(DEBUG) Check if kthread.h##f5ac6029d1fd819fb88ff662c28cfe33.gcov is included...
(DEBUG) Check if timeout_q.h##0019aefc9ed6cdad0bdd6ed43d40cc99.gcov is included...
(DEBUG) Check if kernel_arch_func.h##379cf6a4b0e9931ee2a0b5e22a6341aa.gcov is included...
(DEBUG) Check if kobject_internal.h##7fc8757d0ace3c199ecb77726040aa27.gcov is included...
(DEBUG) Check if spinlock.h##0907215eaec88fd477ba521e3409787d.gcov is included...
(DEBUG) Check if arch.h##eee3095deeb51a158c6bb5ded542fa59.gcov is included...
(DEBUG) Check if dlist.h##a327e4cc11655394ebace39a0dfd33dd.gcov is included...
(DEBUG) Finding source file corresponding to a gcov data file
  gcov_fname   /home/afmondra/zephyr-course/app/modules/ring_buf/mutex.c##3f5e4a3ee957f6fdb8d5df2981387d7c.gcov
  current_dir  /home/afmondra/zephyr-course/app/modules/ring_buf
  root         /home/afmondra/zephyr-course/app/modules/ring_buf
  starting_dir /home/afmondra/zephyr-course
  obj_dir      None
  gcda_fname   ../../../twister-out/native_sim_native/host/homework.unit.ring_buf/zephyr/kernel/CMakeFiles/kernel.dir/mutex.c.gcno
  --> fname    /home/afmondra/deps/zephyr/kernel/mutex.c
(DEBUG) Check if /home/afmondra/deps/zephyr/kernel/mutex.c is included...
(DEBUG)   No filter matched.
(DEBUG) Finding source file corresponding to a gcov data file
  gcov_fname   /home/afmondra/zephyr-course/app/modules/ring_buf/timeout_q.h##0019aefc9ed6cdad0bdd6ed43d40cc99.gcov
  current_dir  /home/afmondra/zephyr-course/app/modules/ring_buf
  root         /home/afmondra/zephyr-course/app/modules/ring_buf
  starting_dir /home/afmondra/zephyr-course
  obj_dir      None
  gcda_fname   ../../../twister-out/native_sim_native/host/homework.unit.ring_buf/zephyr/kernel/CMakeFiles/kernel.dir/mutex.c.gcno
  --> fname    /home/afmondra/deps/zephyr/kernel/include/timeout_q.h
(DEBUG) Check if /home/afmondra/deps/zephyr/kernel/include/timeout_q.h is included...
(DEBUG)   No filter matched.
(DEBUG) Finding source file corresponding to a gcov data file
  gcov_fname   /home/afmondra/zephyr-course/app/modules/ring_buf/arch.h##eee3095deeb51a158c6bb5ded542fa59.gcov
  current_dir  /home/afmondra/zephyr-course/app/modules/ring_buf
  root         /home/afmondra/zephyr-course/app/modules/ring_buf
  starting_dir /home/afmondra/zephyr-course
  obj_dir      None
  gcda_fname   ../../../twister-out/native_sim_native/host/homework.unit.ring_buf/zephyr/kernel/CMakeFiles/kernel.dir/mutex.c.gcno
  --> fname    /home/afmondra/deps/zephyr/include/zephyr/arch/posix/arch.h
(DEBUG) Check if /home/afmondra/deps/zephyr/include/zephyr/arch/posix/arch.h is included...
(DEBUG)   No filter matched.
(DEBUG) Finding source file corresponding to a gcov data file
  gcov_fname   /home/afmondra/zephyr-course/app/modules/ring_buf/spinlock.h##0907215eaec88fd477ba521e3409787d.gcov
  current_dir  /home/afmondra/zephyr-course/app/modules/ring_buf
  root         /home/afmondra/zephyr-course/app/modules/ring_buf
  starting_dir /home/afmondra/zephyr-course
  obj_dir      None
  gcda_fname   ../../../twister-out/native_sim_native/host/homework.unit.ring_buf/zephyr/kernel/CMakeFiles/kernel.dir/mutex.c.gcno
  --> fname    /home/afmondra/deps/zephyr/include/zephyr/spinlock.h
(DEBUG) Check if /home/afmondra/deps/zephyr/include/zephyr/spinlock.h is included...
(DEBUG)   No filter matched.
(DEBUG) Finding source file corresponding to a gcov data file
  gcov_fname   /home/afmondra/zephyr-course/app/modules/ring_buf/ksched.h##66840255ea5d90e8133169214ef7589d.gcov
  current_dir  /home/afmondra/zephyr-course/app/modules/ring_buf
  root         /home/afmondra/zephyr-course/app/modules/ring_buf
  starting_dir /home/afmondra/zephyr-course
  obj_dir      None
  gcda_fname   ../../../twister-out/native_sim_native/host/homework.unit.ring_buf/zephyr/kernel/CMakeFiles/kernel.dir/mutex.c.gcno
  --> fname    /home/afmondra/deps/zephyr/kernel/include/ksched.h
(DEBUG) Check if /home/afmondra/deps/zephyr/kernel/include/ksched.h is included...
(DEBUG)   No filter matched.
(DEBUG) Finding source file corresponding to a gcov data file
  gcov_fname   /home/afmondra/zephyr-course/app/modules/ring_buf/wait_q.h##7d194b64851e991ac75a7d3dbc9cc4b5.gcov
  current_dir  /home/afmondra/zephyr-course/app/modules/ring_buf
  root         /home/afmondra/zephyr-course/app/modules/ring_buf
  starting_dir /home/afmondra/zephyr-course
  obj_dir      None
  gcda_fname   ../../../twister-out/native_sim_native/host/homework.unit.ring_buf/zephyr/kernel/CMakeFiles/kernel.dir/mutex.c.gcno
  --> fname    /home/afmondra/deps/zephyr/kernel/include/wait_q.h
(DEBUG) Check if /home/afmondra/deps/zephyr/kernel/include/wait_q.h is included...
(DEBUG)   No filter matched.
(DEBUG) Finding source file corresponding to a gcov data file
  gcov_fname   /home/afmondra/zephyr-course/app/modules/ring_buf/priority_q.h##019a5395a95fa982590d634a0de7c00b.gcov
  current_dir  /home/afmondra/zephyr-course/app/modules/ring_buf
  root         /home/afmondra/zephyr-course/app/modules/ring_buf
  starting_dir /home/afmondra/zephyr-course
  obj_dir      None
  gcda_fname   ../../../twister-out/native_sim_native/host/homework.unit.ring_buf/zephyr/kernel/CMakeFiles/kernel.dir/mutex.c.gcno
  --> fname    /home/afmondra/deps/zephyr/kernel/include/priority_q.h
(DEBUG) Check if /home/afmondra/deps/zephyr/kernel/include/priority_q.h is included...
(DEBUG)   No filter matched.
(DEBUG) Finding source file corresponding to a gcov data file
  gcov_fname   /home/afmondra/zephyr-course/app/modules/ring_buf/kobject_internal.h##7fc8757d0ace3c199ecb77726040aa27.gcov
  current_dir  /home/afmondra/zephyr-course/app/modules/ring_buf
  root         /home/afmondra/zephyr-course/app/modules/ring_buf
  starting_dir /home/afmondra/zephyr-course
  obj_dir      None
  gcda_fname   ../../../twister-out/native_sim_native/host/homework.unit.ring_buf/zephyr/kernel/CMakeFiles/kernel.dir/mutex.c.gcno
  --> fname    /home/afmondra/deps/zephyr/include/zephyr/sys/internal/kobject_internal.h
(DEBUG) Check if /home/afmondra/deps/zephyr/include/zephyr/sys/internal/kobject_internal.h is included...
(DEBUG)   No filter matched.
(DEBUG) Finding source file corresponding to a gcov data file
  gcov_fname   /home/afmondra/zephyr-course/app/modules/ring_buf/kthread.h##f5ac6029d1fd819fb88ff662c28cfe33.gcov
  current_dir  /home/afmondra/zephyr-course/app/modules/ring_buf
  root         /home/afmondra/zephyr-course/app/modules/ring_buf
  starting_dir /home/afmondra/zephyr-course
  obj_dir      None
  gcda_fname   ../../../twister-out/native_sim_native/host/homework.unit.ring_buf/zephyr/kernel/CMakeFiles/kernel.dir/mutex.c.gcno
  --> fname    /home/afmondra/deps/zephyr/kernel/include/kthread.h
(DEBUG) Check if /home/afmondra/deps/zephyr/kernel/include/kthread.h is included...
(DEBUG)   No filter matched.
(DEBUG) Finding source file corresponding to a gcov data file
  gcov_fname   /home/afmondra/zephyr-course/app/modules/ring_buf/log_msg.h##79b8d5e6c50f02645efdf4e980ac5492.gcov
  current_dir  /home/afmondra/zephyr-course/app/modules/ring_buf
  root         /home/afmondra/zephyr-course/app/modules/ring_buf
  starting_dir /home/afmondra/zephyr-course
  obj_dir      None
  gcda_fname   ../../../twister-out/native_sim_native/host/homework.unit.ring_buf/zephyr/kernel/CMakeFiles/kernel.dir/mutex.c.gcno
  --> fname    /home/afmondra/deps/zephyr/include/zephyr/logging/log_msg.h
(DEBUG) Check if /home/afmondra/deps/zephyr/include/zephyr/logging/log_msg.h is included...
(DEBUG)   No filter matched.
(DEBUG) Finding source file corresponding to a gcov data file
  gcov_fname   /home/afmondra/zephyr-course/app/modules/ring_buf/kernel_arch_func.h##379cf6a4b0e9931ee2a0b5e22a6341aa.gcov
  current_dir  /home/afmondra/zephyr-course/app/modules/ring_buf
  root         /home/afmondra/zephyr-course/app/modules/ring_buf
  starting_dir /home/afmondra/zephyr-course
  obj_dir      None
  gcda_fname   ../../../twister-out/native_sim_native/host/homework.unit.ring_buf/zephyr/kernel/CMakeFiles/kernel.dir/mutex.c.gcno
  --> fname    /home/afmondra/deps/zephyr/arch/posix/include/kernel_arch_func.h
(DEBUG) Check if /home/afmondra/deps/zephyr/arch/posix/include/kernel_arch_func.h is included...
(DEBUG)   No filter matched.
(DEBUG) Finding source file corresponding to a gcov data file
  gcov_fname   /home/afmondra/zephyr-course/app/modules/ring_buf/dlist.h##a327e4cc11655394ebace39a0dfd33dd.gcov
  current_dir  /home/afmondra/zephyr-course/app/modules/ring_buf
  root         /home/afmondra/zephyr-course/app/modules/ring_buf
  starting_dir /home/afmondra/zephyr-course
  obj_dir      None
  gcda_fname   ../../../twister-out/native_sim_native/host/homework.unit.ring_buf/zephyr/kernel/CMakeFiles/kernel.dir/mutex.c.gcno
  --> fname    /home/afmondra/deps/zephyr/include/zephyr/sys/dlist.h
(DEBUG) Check if /home/afmondra/deps/zephyr/include/zephyr/sys/dlist.h is included...
(DEBUG)   No filter matched.
(DEBUG) Processing file: /home/afmondra/zephyr-course/twister-out/native_sim_native/host/homework.unit.ring_buf/zephyr/kernel/CMakeFiles/kernel.dir/pipe.c.gcno
(DEBUG) Running gcov: 'gcov /home/afmondra/zephyr-course/twister-out/native_sim_native/host/homework.unit.ring_buf/zephyr/kernel/CMakeFiles/kernel.dir/pipe.c.gcno --branch-counts --branch-probabilities --all-blocks --demangled-names --hash-filenames --object-directory ../../../twister-out/native_sim_native/host/homework.unit.ring_buf/zephyr/kernel/CMakeFiles/kernel.dir' in '/home/afmondra/zephyr-course/app/modules/ring_buf'
(DEBUG) GCOV return code was 0, stdout was:
File '/home/afmondra/deps/zephyr/kernel/pipe.c'
Lines executed:0.00% of 127
Branches executed:0.00% of 60
Taken at least once:0.00% of 60
Calls executed:0.00% of 46
Creating 'pipe.c##d69624284e40a1b3e3da4f3c6f72decc.gcov'

File '/home/afmondra/deps/zephyr/kernel/include/wait_q.h'
Lines executed:0.00% of 3
No branches
Calls executed:0.00% of 1
Creating 'wait_q.h##7d194b64851e991ac75a7d3dbc9cc4b5.gcov'

File '/home/afmondra/deps/zephyr/kernel/include/ksched.h'
Lines executed:0.00% of 13
Branches executed:0.00% of 4
Taken at least once:0.00% of 4
Calls executed:0.00% of 8
Creating 'ksched.h##66840255ea5d90e8133169214ef7589d.gcov'

File '/home/afmondra/deps/zephyr/kernel/include/priority_q.h'
Lines executed:0.00% of 9
Branches executed:0.00% of 2
Taken at least once:0.00% of 2
Calls executed:0.00% of 2
Creating 'priority_q.h##019a5395a95fa982590d634a0de7c00b.gcov'

File '/home/afmondra/deps/zephyr/kernel/include/kthread.h'
Lines executed:0.00% of 3
No branches
No calls
Creating 'kthread.h##f5ac6029d1fd819fb88ff662c28cfe33.gcov'

File '/home/afmondra/deps/zephyr/kernel/include/timeout_q.h'
Lines executed:0.00% of 3
No branches
Calls executed:0.00% of 1
Creating 'timeout_q.h##0019aefc9ed6cdad0bdd6ed43d40cc99.gcov'

File '/home/afmondra/deps/zephyr/kernel/include/kernel_internal.h'
Lines executed:0.00% of 4
No branches
Calls executed:0.00% of 1
Creating 'kernel_internal.h##c94d6fbabfefc46651cba9d879b4e358.gcov'

File '/home/afmondra/deps/zephyr/arch/posix/include/kernel_arch_func.h'
Lines executed:0.00% of 3
No branches
No calls
Creating 'kernel_arch_func.h##379cf6a4b0e9931ee2a0b5e22a6341aa.gcov'

File '/home/afmondra/deps/zephyr/include/zephyr/sys/ring_buffer.h'
Lines executed:0.00% of 18
Branches executed:0.00% of 2
Taken at least once:0.00% of 2
Calls executed:0.00% of 7
Creating 'ring_buffer.h##80f1a8383da5b8a85ed4c0a79bfacac8.gcov'

File '/home/afmondra/deps/zephyr/include/zephyr/sys/internal/kobject_internal.h'
Lines executed:0.00% of 2
No branches
No calls
Creating 'kobject_internal.h##7fc8757d0ace3c199ecb77726040aa27.gcov'

File '/home/afmondra/deps/zephyr/include/zephyr/spinlock.h'
Lines executed:0.00% of 18
Branches executed:0.00% of 6
Taken at least once:0.00% of 6
Calls executed:0.00% of 22
Creating 'spinlock.h##0907215eaec88fd477ba521e3409787d.gcov'

File '/home/afmondra/deps/zephyr/include/zephyr/arch/posix/arch.h'
Lines executed:0.00% of 5
No branches
Calls executed:0.00% of 2
Creating 'arch.h##eee3095deeb51a158c6bb5ded542fa59.gcov'

File '/home/afmondra/deps/zephyr/include/zephyr/sys/dlist.h'
Lines executed:0.00% of 19
Branches executed:0.00% of 2
Taken at least once:0.00% of 2
Calls executed:0.00% of 2
Creating 'dlist.h##a327e4cc11655394ebace39a0dfd33dd.gcov'

Lines executed:0.00% of 227
<<, stderr was:
../../../twister-out/native_sim_native/host/homework.unit.ring_buf/zephyr/kernel/CMakeFiles/kernel.dir/pipe.c.gcda:cannot open data file, assuming not executed
<<
(DEBUG) Check if pipe.c##d69624284e40a1b3e3da4f3c6f72decc.gcov is included...
(DEBUG) Check if wait_q.h##7d194b64851e991ac75a7d3dbc9cc4b5.gcov is included...
(DEBUG) Check if ksched.h##66840255ea5d90e8133169214ef7589d.gcov is included...
(DEBUG) Check if priority_q.h##019a5395a95fa982590d634a0de7c00b.gcov is included...
(DEBUG) Check if kthread.h##f5ac6029d1fd819fb88ff662c28cfe33.gcov is included...
(DEBUG) Check if timeout_q.h##0019aefc9ed6cdad0bdd6ed43d40cc99.gcov is included...
(DEBUG) Check if kernel_internal.h##c94d6fbabfefc46651cba9d879b4e358.gcov is included...
(DEBUG) Check if kernel_arch_func.h##379cf6a4b0e9931ee2a0b5e22a6341aa.gcov is included...
(DEBUG) Check if ring_buffer.h##80f1a8383da5b8a85ed4c0a79bfacac8.gcov is included...
(DEBUG) Check if kobject_internal.h##7fc8757d0ace3c199ecb77726040aa27.gcov is included...
(DEBUG) Check if spinlock.h##0907215eaec88fd477ba521e3409787d.gcov is included...
(DEBUG) Check if arch.h##eee3095deeb51a158c6bb5ded542fa59.gcov is included...
(DEBUG) Check if dlist.h##a327e4cc11655394ebace39a0dfd33dd.gcov is included...
(DEBUG) Finding source file corresponding to a gcov data file
  gcov_fname   /home/afmondra/zephyr-course/app/modules/ring_buf/pipe.c##d69624284e40a1b3e3da4f3c6f72decc.gcov
  current_dir  /home/afmondra/zephyr-course/app/modules/ring_buf
  root         /home/afmondra/zephyr-course/app/modules/ring_buf
  starting_dir /home/afmondra/zephyr-course
  obj_dir      None
  gcda_fname   ../../../twister-out/native_sim_native/host/homework.unit.ring_buf/zephyr/kernel/CMakeFiles/kernel.dir/pipe.c.gcno
  --> fname    /home/afmondra/deps/zephyr/kernel/pipe.c
(DEBUG) Check if /home/afmondra/deps/zephyr/kernel/pipe.c is included...
(DEBUG)   No filter matched.
(DEBUG) Finding source file corresponding to a gcov data file
  gcov_fname   /home/afmondra/zephyr-course/app/modules/ring_buf/arch.h##eee3095deeb51a158c6bb5ded542fa59.gcov
  current_dir  /home/afmondra/zephyr-course/app/modules/ring_buf
  root         /home/afmondra/zephyr-course/app/modules/ring_buf
  starting_dir /home/afmondra/zephyr-course
  obj_dir      None
  gcda_fname   ../../../twister-out/native_sim_native/host/homework.unit.ring_buf/zephyr/kernel/CMakeFiles/kernel.dir/pipe.c.gcno
  --> fname    /home/afmondra/deps/zephyr/include/zephyr/arch/posix/arch.h
(DEBUG) Check if /home/afmondra/deps/zephyr/include/zephyr/arch/posix/arch.h is included...
(DEBUG)   No filter matched.
(DEBUG) Finding source file corresponding to a gcov data file
  gcov_fname   /home/afmondra/zephyr-course/app/modules/ring_buf/timeout_q.h##0019aefc9ed6cdad0bdd6ed43d40cc99.gcov
  current_dir  /home/afmondra/zephyr-course/app/modules/ring_buf
  root         /home/afmondra/zephyr-course/app/modules/ring_buf
  starting_dir /home/afmondra/zephyr-course
  obj_dir      None
  gcda_fname   ../../../twister-out/native_sim_native/host/homework.unit.ring_buf/zephyr/kernel/CMakeFiles/kernel.dir/pipe.c.gcno
  --> fname    /home/afmondra/deps/zephyr/kernel/include/timeout_q.h
(DEBUG) Check if /home/afmondra/deps/zephyr/kernel/include/timeout_q.h is included...
(DEBUG)   No filter matched.
(DEBUG) Finding source file corresponding to a gcov data file
  gcov_fname   /home/afmondra/zephyr-course/app/modules/ring_buf/spinlock.h##0907215eaec88fd477ba521e3409787d.gcov
  current_dir  /home/afmondra/zephyr-course/app/modules/ring_buf
  root         /home/afmondra/zephyr-course/app/modules/ring_buf
  starting_dir /home/afmondra/zephyr-course
  obj_dir      None
  gcda_fname   ../../../twister-out/native_sim_native/host/homework.unit.ring_buf/zephyr/kernel/CMakeFiles/kernel.dir/pipe.c.gcno
  --> fname    /home/afmondra/deps/zephyr/include/zephyr/spinlock.h
(DEBUG) Check if /home/afmondra/deps/zephyr/include/zephyr/spinlock.h is included...
(DEBUG)   No filter matched.
(DEBUG) Finding source file corresponding to a gcov data file
  gcov_fname   /home/afmondra/zephyr-course/app/modules/ring_buf/ksched.h##66840255ea5d90e8133169214ef7589d.gcov
  current_dir  /home/afmondra/zephyr-course/app/modules/ring_buf
  root         /home/afmondra/zephyr-course/app/modules/ring_buf
  starting_dir /home/afmondra/zephyr-course
  obj_dir      None
  gcda_fname   ../../../twister-out/native_sim_native/host/homework.unit.ring_buf/zephyr/kernel/CMakeFiles/kernel.dir/pipe.c.gcno
  --> fname    /home/afmondra/deps/zephyr/kernel/include/ksched.h
(DEBUG) Check if /home/afmondra/deps/zephyr/kernel/include/ksched.h is included...
(DEBUG)   No filter matched.
(DEBUG) Finding source file corresponding to a gcov data file
  gcov_fname   /home/afmondra/zephyr-course/app/modules/ring_buf/wait_q.h##7d194b64851e991ac75a7d3dbc9cc4b5.gcov
  current_dir  /home/afmondra/zephyr-course/app/modules/ring_buf
  root         /home/afmondra/zephyr-course/app/modules/ring_buf
  starting_dir /home/afmondra/zephyr-course
  obj_dir      None
  gcda_fname   ../../../twister-out/native_sim_native/host/homework.unit.ring_buf/zephyr/kernel/CMakeFiles/kernel.dir/pipe.c.gcno
  --> fname    /home/afmondra/deps/zephyr/kernel/include/wait_q.h
(DEBUG) Check if /home/afmondra/deps/zephyr/kernel/include/wait_q.h is included...
(DEBUG)   No filter matched.
(DEBUG) Finding source file corresponding to a gcov data file
  gcov_fname   /home/afmondra/zephyr-course/app/modules/ring_buf/priority_q.h##019a5395a95fa982590d634a0de7c00b.gcov
  current_dir  /home/afmondra/zephyr-course/app/modules/ring_buf
  root         /home/afmondra/zephyr-course/app/modules/ring_buf
  starting_dir /home/afmondra/zephyr-course
  obj_dir      None
  gcda_fname   ../../../twister-out/native_sim_native/host/homework.unit.ring_buf/zephyr/kernel/CMakeFiles/kernel.dir/pipe.c.gcno
  --> fname    /home/afmondra/deps/zephyr/kernel/include/priority_q.h
(DEBUG) Check if /home/afmondra/deps/zephyr/kernel/include/priority_q.h is included...
(DEBUG)   No filter matched.
(DEBUG) Finding source file corresponding to a gcov data file
  gcov_fname   /home/afmondra/zephyr-course/app/modules/ring_buf/kobject_internal.h##7fc8757d0ace3c199ecb77726040aa27.gcov
  current_dir  /home/afmondra/zephyr-course/app/modules/ring_buf
  root         /home/afmondra/zephyr-course/app/modules/ring_buf
  starting_dir /home/afmondra/zephyr-course
  obj_dir      None
  gcda_fname   ../../../twister-out/native_sim_native/host/homework.unit.ring_buf/zephyr/kernel/CMakeFiles/kernel.dir/pipe.c.gcno
  --> fname    /home/afmondra/deps/zephyr/include/zephyr/sys/internal/kobject_internal.h
(DEBUG) Check if /home/afmondra/deps/zephyr/include/zephyr/sys/internal/kobject_internal.h is included...
(DEBUG)   No filter matched.
(DEBUG) Finding source file corresponding to a gcov data file
  gcov_fname   /home/afmondra/zephyr-course/app/modules/ring_buf/kernel_internal.h##c94d6fbabfefc46651cba9d879b4e358.gcov
  current_dir  /home/afmondra/zephyr-course/app/modules/ring_buf
  root         /home/afmondra/zephyr-course/app/modules/ring_buf
  starting_dir /home/afmondra/zephyr-course
  obj_dir      None
  gcda_fname   ../../../twister-out/native_sim_native/host/homework.unit.ring_buf/zephyr/kernel/CMakeFiles/kernel.dir/pipe.c.gcno
  --> fname    /home/afmondra/deps/zephyr/kernel/include/kernel_internal.h
(DEBUG) Check if /home/afmondra/deps/zephyr/kernel/include/kernel_internal.h is included...
(DEBUG)   No filter matched.
(DEBUG) Finding source file corresponding to a gcov data file
  gcov_fname   /home/afmondra/zephyr-course/app/modules/ring_buf/kthread.h##f5ac6029d1fd819fb88ff662c28cfe33.gcov
  current_dir  /home/afmondra/zephyr-course/app/modules/ring_buf
  root         /home/afmondra/zephyr-course/app/modules/ring_buf
  starting_dir /home/afmondra/zephyr-course
  obj_dir      None
  gcda_fname   ../../../twister-out/native_sim_native/host/homework.unit.ring_buf/zephyr/kernel/CMakeFiles/kernel.dir/pipe.c.gcno
  --> fname    /home/afmondra/deps/zephyr/kernel/include/kthread.h
(DEBUG) Check if /home/afmondra/deps/zephyr/kernel/include/kthread.h is included...
(DEBUG)   No filter matched.
(DEBUG) Finding source file corresponding to a gcov data file
  gcov_fname   /home/afmondra/zephyr-course/app/modules/ring_buf/kernel_arch_func.h##379cf6a4b0e9931ee2a0b5e22a6341aa.gcov
  current_dir  /home/afmondra/zephyr-course/app/modules/ring_buf
  root         /home/afmondra/zephyr-course/app/modules/ring_buf
  starting_dir /home/afmondra/zephyr-course
  obj_dir      None
  gcda_fname   ../../../twister-out/native_sim_native/host/homework.unit.ring_buf/zephyr/kernel/CMakeFiles/kernel.dir/pipe.c.gcno
  --> fname    /home/afmondra/deps/zephyr/arch/posix/include/kernel_arch_func.h
(DEBUG) Check if /home/afmondra/deps/zephyr/arch/posix/include/kernel_arch_func.h is included...
(DEBUG)   No filter matched.
(DEBUG) Finding source file corresponding to a gcov data file
  gcov_fname   /home/afmondra/zephyr-course/app/modules/ring_buf/dlist.h##a327e4cc11655394ebace39a0dfd33dd.gcov
  current_dir  /home/afmondra/zephyr-course/app/modules/ring_buf
  root         /home/afmondra/zephyr-course/app/modules/ring_buf
  starting_dir /home/afmondra/zephyr-course
  obj_dir      None
  gcda_fname   ../../../twister-out/native_sim_native/host/homework.unit.ring_buf/zephyr/kernel/CMakeFiles/kernel.dir/pipe.c.gcno
  --> fname    /home/afmondra/deps/zephyr/include/zephyr/sys/dlist.h
(DEBUG) Check if /home/afmondra/deps/zephyr/include/zephyr/sys/dlist.h is included...
(DEBUG)   No filter matched.
(DEBUG) Finding source file corresponding to a gcov data file
  gcov_fname   /home/afmondra/zephyr-course/app/modules/ring_buf/ring_buffer.h##80f1a8383da5b8a85ed4c0a79bfacac8.gcov
  current_dir  /home/afmondra/zephyr-course/app/modules/ring_buf
  root         /home/afmondra/zephyr-course/app/modules/ring_buf
  starting_dir /home/afmondra/zephyr-course
  obj_dir      None
  gcda_fname   ../../../twister-out/native_sim_native/host/homework.unit.ring_buf/zephyr/kernel/CMakeFiles/kernel.dir/pipe.c.gcno
  --> fname    /home/afmondra/deps/zephyr/include/zephyr/sys/ring_buffer.h
(DEBUG) Check if /home/afmondra/deps/zephyr/include/zephyr/sys/ring_buffer.h is included...
(DEBUG)   No filter matched.
(DEBUG) Processing file: /home/afmondra/zephyr-course/twister-out/native_sim_native/host/homework.unit.ring_buf/zephyr/kernel/CMakeFiles/kernel.dir/queue.c.gcno
(DEBUG) Running gcov: 'gcov /home/afmondra/zephyr-course/twister-out/native_sim_native/host/homework.unit.ring_buf/zephyr/kernel/CMakeFiles/kernel.dir/queue.c.gcno --branch-counts --branch-probabilities --all-blocks --demangled-names --hash-filenames --object-directory ../../../twister-out/native_sim_native/host/homework.unit.ring_buf/zephyr/kernel/CMakeFiles/kernel.dir' in '/home/afmondra/zephyr-course/app/modules/ring_buf'
(DEBUG) GCOV return code was 0, stdout was:
File '/home/afmondra/deps/zephyr/kernel/queue.c'
Lines executed:0.00% of 129
Branches executed:0.00% of 56
Taken at least once:0.00% of 56
Calls executed:0.00% of 55
Creating 'queue.c##bbe3ce13f8160f3e54c204ed1b80cb91.gcov'

File '/home/afmondra/deps/zephyr/kernel/include/ksched.h'
Lines executed:0.00% of 16
Branches executed:0.00% of 6
Taken at least once:0.00% of 6
Calls executed:0.00% of 18
Creating 'ksched.h##66840255ea5d90e8133169214ef7589d.gcov'

File '/home/afmondra/deps/zephyr/kernel/include/kthread.h'
Lines executed:0.00% of 3
No branches
No calls
Creating 'kthread.h##f5ac6029d1fd819fb88ff662c28cfe33.gcov'

File '/home/afmondra/deps/zephyr/kernel/include/kernel_internal.h'
Lines executed:0.00% of 4
No branches
Calls executed:0.00% of 1
Creating 'kernel_internal.h##c94d6fbabfefc46651cba9d879b4e358.gcov'

File '/home/afmondra/deps/zephyr/arch/posix/include/kernel_arch_func.h'
Lines executed:0.00% of 3
No branches
No calls
Creating 'kernel_arch_func.h##379cf6a4b0e9931ee2a0b5e22a6341aa.gcov'

File '/home/afmondra/deps/zephyr/kernel/include/wait_q.h'
Lines executed:0.00% of 3
No branches
Calls executed:0.00% of 1
Creating 'wait_q.h##7d194b64851e991ac75a7d3dbc9cc4b5.gcov'

File '/home/afmondra/deps/zephyr/kernel/include/priority_q.h'
Lines executed:0.00% of 9
Branches executed:0.00% of 2
Taken at least once:0.00% of 2
Calls executed:0.00% of 2
Creating 'priority_q.h##019a5395a95fa982590d634a0de7c00b.gcov'

File '/home/afmondra/deps/zephyr/kernel/include/timeout_q.h'
Lines executed:0.00% of 3
No branches
Calls executed:0.00% of 1
Creating 'timeout_q.h##0019aefc9ed6cdad0bdd6ed43d40cc99.gcov'

File '/home/afmondra/deps/zephyr/include/zephyr/sys/internal/kobject_internal.h'
Lines executed:0.00% of 2
No branches
No calls
Creating 'kobject_internal.h##7fc8757d0ace3c199ecb77726040aa27.gcov'

File '/home/afmondra/deps/zephyr/include/zephyr/spinlock.h'
Lines executed:0.00% of 15
Branches executed:0.00% of 4
Taken at least once:0.00% of 4
Calls executed:0.00% of 17
Creating 'spinlock.h##0907215eaec88fd477ba521e3409787d.gcov'

File '/home/afmondra/deps/zephyr/include/zephyr/arch/posix/arch.h'
Lines executed:0.00% of 7
No branches
Calls executed:0.00% of 2
Creating 'arch.h##eee3095deeb51a158c6bb5ded542fa59.gcov'

File '/home/afmondra/deps/zephyr/include/zephyr/sys/sflist.h'
Lines executed:0.00% of 36
Branches executed:0.00% of 30
Taken at least once:0.00% of 30
Calls executed:0.00% of 52
Creating 'sflist.h##3a6f44d8b8629bbf81245dbea03e2d71.gcov'

File '/home/afmondra/deps/zephyr/include/zephyr/sys/slist.h'
Lines executed:0.00% of 7
No branches
Calls executed:0.00% of 1
Creating 'slist.h##51ca74fb21b66782a830f7008bf83ae6.gcov'

File '/home/afmondra/deps/zephyr/include/zephyr/sys/dlist.h'
Lines executed:0.00% of 19
Branches executed:0.00% of 2
Taken at least once:0.00% of 2
Calls executed:0.00% of 2
Creating 'dlist.h##a327e4cc11655394ebace39a0dfd33dd.gcov'

Lines executed:0.00% of 256
<<, stderr was:
../../../twister-out/native_sim_native/host/homework.unit.ring_buf/zephyr/kernel/CMakeFiles/kernel.dir/queue.c.gcda:cannot open data file, assuming not executed
<<
(DEBUG) Check if queue.c##bbe3ce13f8160f3e54c204ed1b80cb91.gcov is included...
(DEBUG) Check if ksched.h##66840255ea5d90e8133169214ef7589d.gcov is included...
(DEBUG) Check if kthread.h##f5ac6029d1fd819fb88ff662c28cfe33.gcov is included...
(DEBUG) Check if kernel_internal.h##c94d6fbabfefc46651cba9d879b4e358.gcov is included...
(DEBUG) Check if kernel_arch_func.h##379cf6a4b0e9931ee2a0b5e22a6341aa.gcov is included...
(DEBUG) Check if wait_q.h##7d194b64851e991ac75a7d3dbc9cc4b5.gcov is included...
(DEBUG) Check if priority_q.h##019a5395a95fa982590d634a0de7c00b.gcov is included...
(DEBUG) Check if timeout_q.h##0019aefc9ed6cdad0bdd6ed43d40cc99.gcov is included...
(DEBUG) Check if kobject_internal.h##7fc8757d0ace3c199ecb77726040aa27.gcov is included...
(DEBUG) Check if spinlock.h##0907215eaec88fd477ba521e3409787d.gcov is included...
(DEBUG) Check if arch.h##eee3095deeb51a158c6bb5ded542fa59.gcov is included...
(DEBUG) Check if sflist.h##3a6f44d8b8629bbf81245dbea03e2d71.gcov is included...
(DEBUG) Check if slist.h##51ca74fb21b66782a830f7008bf83ae6.gcov is included...
(DEBUG) Check if dlist.h##a327e4cc11655394ebace39a0dfd33dd.gcov is included...
(DEBUG) Finding source file corresponding to a gcov data file
  gcov_fname   /home/afmondra/zephyr-course/app/modules/ring_buf/arch.h##eee3095deeb51a158c6bb5ded542fa59.gcov
  current_dir  /home/afmondra/zephyr-course/app/modules/ring_buf
  root         /home/afmondra/zephyr-course/app/modules/ring_buf
  starting_dir /home/afmondra/zephyr-course
  obj_dir      None
  gcda_fname   ../../../twister-out/native_sim_native/host/homework.unit.ring_buf/zephyr/kernel/CMakeFiles/kernel.dir/queue.c.gcno
  --> fname    /home/afmondra/deps/zephyr/include/zephyr/arch/posix/arch.h
(DEBUG) Check if /home/afmondra/deps/zephyr/include/zephyr/arch/posix/arch.h is included...
(DEBUG)   No filter matched.
(DEBUG) Finding source file corresponding to a gcov data file
  gcov_fname   /home/afmondra/zephyr-course/app/modules/ring_buf/timeout_q.h##0019aefc9ed6cdad0bdd6ed43d40cc99.gcov
  current_dir  /home/afmondra/zephyr-course/app/modules/ring_buf
  root         /home/afmondra/zephyr-course/app/modules/ring_buf
  starting_dir /home/afmondra/zephyr-course
  obj_dir      None
  gcda_fname   ../../../twister-out/native_sim_native/host/homework.unit.ring_buf/zephyr/kernel/CMakeFiles/kernel.dir/queue.c.gcno
  --> fname    /home/afmondra/deps/zephyr/kernel/include/timeout_q.h
(DEBUG) Check if /home/afmondra/deps/zephyr/kernel/include/timeout_q.h is included...
(DEBUG)   No filter matched.
(DEBUG) Finding source file corresponding to a gcov data file
  gcov_fname   /home/afmondra/zephyr-course/app/modules/ring_buf/spinlock.h##0907215eaec88fd477ba521e3409787d.gcov
  current_dir  /home/afmondra/zephyr-course/app/modules/ring_buf
  root         /home/afmondra/zephyr-course/app/modules/ring_buf
  starting_dir /home/afmondra/zephyr-course
  obj_dir      None
  gcda_fname   ../../../twister-out/native_sim_native/host/homework.unit.ring_buf/zephyr/kernel/CMakeFiles/kernel.dir/queue.c.gcno
  --> fname    /home/afmondra/deps/zephyr/include/zephyr/spinlock.h
(DEBUG) Check if /home/afmondra/deps/zephyr/include/zephyr/spinlock.h is included...
(DEBUG)   No filter matched.
(DEBUG) Finding source file corresponding to a gcov data file
  gcov_fname   /home/afmondra/zephyr-course/app/modules/ring_buf/ksched.h##66840255ea5d90e8133169214ef7589d.gcov
  current_dir  /home/afmondra/zephyr-course/app/modules/ring_buf
  root         /home/afmondra/zephyr-course/app/modules/ring_buf
  starting_dir /home/afmondra/zephyr-course
  obj_dir      None
  gcda_fname   ../../../twister-out/native_sim_native/host/homework.unit.ring_buf/zephyr/kernel/CMakeFiles/kernel.dir/queue.c.gcno
  --> fname    /home/afmondra/deps/zephyr/kernel/include/ksched.h
(DEBUG) Check if /home/afmondra/deps/zephyr/kernel/include/ksched.h is included...
(DEBUG)   No filter matched.
(DEBUG) Finding source file corresponding to a gcov data file
  gcov_fname   /home/afmondra/zephyr-course/app/modules/ring_buf/wait_q.h##7d194b64851e991ac75a7d3dbc9cc4b5.gcov
  current_dir  /home/afmondra/zephyr-course/app/modules/ring_buf
  root         /home/afmondra/zephyr-course/app/modules/ring_buf
  starting_dir /home/afmondra/zephyr-course
  obj_dir      None
  gcda_fname   ../../../twister-out/native_sim_native/host/homework.unit.ring_buf/zephyr/kernel/CMakeFiles/kernel.dir/queue.c.gcno
  --> fname    /home/afmondra/deps/zephyr/kernel/include/wait_q.h
(DEBUG) Check if /home/afmondra/deps/zephyr/kernel/include/wait_q.h is included...
(DEBUG)   No filter matched.
(DEBUG) Finding source file corresponding to a gcov data file
  gcov_fname   /home/afmondra/zephyr-course/app/modules/ring_buf/queue.c##bbe3ce13f8160f3e54c204ed1b80cb91.gcov
  current_dir  /home/afmondra/zephyr-course/app/modules/ring_buf
  root         /home/afmondra/zephyr-course/app/modules/ring_buf
  starting_dir /home/afmondra/zephyr-course
  obj_dir      None
  gcda_fname   ../../../twister-out/native_sim_native/host/homework.unit.ring_buf/zephyr/kernel/CMakeFiles/kernel.dir/queue.c.gcno
  --> fname    /home/afmondra/deps/zephyr/kernel/queue.c
(DEBUG) Check if /home/afmondra/deps/zephyr/kernel/queue.c is included...
(DEBUG)   No filter matched.
(DEBUG) Finding source file corresponding to a gcov data file
  gcov_fname   /home/afmondra/zephyr-course/app/modules/ring_buf/priority_q.h##019a5395a95fa982590d634a0de7c00b.gcov
  current_dir  /home/afmondra/zephyr-course/app/modules/ring_buf
  root         /home/afmondra/zephyr-course/app/modules/ring_buf
  starting_dir /home/afmondra/zephyr-course
  obj_dir      None
  gcda_fname   ../../../twister-out/native_sim_native/host/homework.unit.ring_buf/zephyr/kernel/CMakeFiles/kernel.dir/queue.c.gcno
  --> fname    /home/afmondra/deps/zephyr/kernel/include/priority_q.h
(DEBUG) Check if /home/afmondra/deps/zephyr/kernel/include/priority_q.h is included...
(DEBUG)   No filter matched.
(DEBUG) Finding source file corresponding to a gcov data file
  gcov_fname   /home/afmondra/zephyr-course/app/modules/ring_buf/kernel_internal.h##c94d6fbabfefc46651cba9d879b4e358.gcov
  current_dir  /home/afmondra/zephyr-course/app/modules/ring_buf
  root         /home/afmondra/zephyr-course/app/modules/ring_buf
  starting_dir /home/afmondra/zephyr-course
  obj_dir      None
  gcda_fname   ../../../twister-out/native_sim_native/host/homework.unit.ring_buf/zephyr/kernel/CMakeFiles/kernel.dir/queue.c.gcno
  --> fname    /home/afmondra/deps/zephyr/kernel/include/kernel_internal.h
(DEBUG) Check if /home/afmondra/deps/zephyr/kernel/include/kernel_internal.h is included...
(DEBUG)   No filter matched.
(DEBUG) Finding source file corresponding to a gcov data file
  gcov_fname   /home/afmondra/zephyr-course/app/modules/ring_buf/kobject_internal.h##7fc8757d0ace3c199ecb77726040aa27.gcov
  current_dir  /home/afmondra/zephyr-course/app/modules/ring_buf
  root         /home/afmondra/zephyr-course/app/modules/ring_buf
  starting_dir /home/afmondra/zephyr-course
  obj_dir      None
  gcda_fname   ../../../twister-out/native_sim_native/host/homework.unit.ring_buf/zephyr/kernel/CMakeFiles/kernel.dir/queue.c.gcno
  --> fname    /home/afmondra/deps/zephyr/include/zephyr/sys/internal/kobject_internal.h
(DEBUG) Check if /home/afmondra/deps/zephyr/include/zephyr/sys/internal/kobject_internal.h is included...
(DEBUG)   No filter matched.
(DEBUG) Finding source file corresponding to a gcov data file
  gcov_fname   /home/afmondra/zephyr-course/app/modules/ring_buf/sflist.h##3a6f44d8b8629bbf81245dbea03e2d71.gcov
  current_dir  /home/afmondra/zephyr-course/app/modules/ring_buf
  root         /home/afmondra/zephyr-course/app/modules/ring_buf
  starting_dir /home/afmondra/zephyr-course
  obj_dir      None
  gcda_fname   ../../../twister-out/native_sim_native/host/homework.unit.ring_buf/zephyr/kernel/CMakeFiles/kernel.dir/queue.c.gcno
  --> fname    /home/afmondra/deps/zephyr/include/zephyr/sys/sflist.h
(DEBUG) Check if /home/afmondra/deps/zephyr/include/zephyr/sys/sflist.h is included...
(DEBUG)   No filter matched.
(DEBUG) Finding source file corresponding to a gcov data file
  gcov_fname   /home/afmondra/zephyr-course/app/modules/ring_buf/kthread.h##f5ac6029d1fd819fb88ff662c28cfe33.gcov
  current_dir  /home/afmondra/zephyr-course/app/modules/ring_buf
  root         /home/afmondra/zephyr-course/app/modules/ring_buf
  starting_dir /home/afmondra/zephyr-course
  obj_dir      None
  gcda_fname   ../../../twister-out/native_sim_native/host/homework.unit.ring_buf/zephyr/kernel/CMakeFiles/kernel.dir/queue.c.gcno
  --> fname    /home/afmondra/deps/zephyr/kernel/include/kthread.h
(DEBUG) Check if /home/afmondra/deps/zephyr/kernel/include/kthread.h is included...
(DEBUG)   No filter matched.
(DEBUG) Finding source file corresponding to a gcov data file
  gcov_fname   /home/afmondra/zephyr-course/app/modules/ring_buf/kernel_arch_func.h##379cf6a4b0e9931ee2a0b5e22a6341aa.gcov
  current_dir  /home/afmondra/zephyr-course/app/modules/ring_buf
  root         /home/afmondra/zephyr-course/app/modules/ring_buf
  starting_dir /home/afmondra/zephyr-course
  obj_dir      None
  gcda_fname   ../../../twister-out/native_sim_native/host/homework.unit.ring_buf/zephyr/kernel/CMakeFiles/kernel.dir/queue.c.gcno
  --> fname    /home/afmondra/deps/zephyr/arch/posix/include/kernel_arch_func.h
(DEBUG) Check if /home/afmondra/deps/zephyr/arch/posix/include/kernel_arch_func.h is included...
(DEBUG)   No filter matched.
(DEBUG) Finding source file corresponding to a gcov data file
  gcov_fname   /home/afmondra/zephyr-course/app/modules/ring_buf/slist.h##51ca74fb21b66782a830f7008bf83ae6.gcov
  current_dir  /home/afmondra/zephyr-course/app/modules/ring_buf
  root         /home/afmondra/zephyr-course/app/modules/ring_buf
  starting_dir /home/afmondra/zephyr-course
  obj_dir      None
  gcda_fname   ../../../twister-out/native_sim_native/host/homework.unit.ring_buf/zephyr/kernel/CMakeFiles/kernel.dir/queue.c.gcno
  --> fname    /home/afmondra/deps/zephyr/include/zephyr/sys/slist.h
(DEBUG) Check if /home/afmondra/deps/zephyr/include/zephyr/sys/slist.h is included...
(DEBUG)   No filter matched.
(DEBUG) Finding source file corresponding to a gcov data file
  gcov_fname   /home/afmondra/zephyr-course/app/modules/ring_buf/dlist.h##a327e4cc11655394ebace39a0dfd33dd.gcov
  current_dir  /home/afmondra/zephyr-course/app/modules/ring_buf
  root         /home/afmondra/zephyr-course/app/modules/ring_buf
  starting_dir /home/afmondra/zephyr-course
  obj_dir      None
  gcda_fname   ../../../twister-out/native_sim_native/host/homework.unit.ring_buf/zephyr/kernel/CMakeFiles/kernel.dir/queue.c.gcno
  --> fname    /home/afmondra/deps/zephyr/include/zephyr/sys/dlist.h
(DEBUG) Check if /home/afmondra/deps/zephyr/include/zephyr/sys/dlist.h is included...
(DEBUG)   No filter matched.
(DEBUG) Processing file: /home/afmondra/zephyr-course/twister-out/native_sim_native/host/homework.unit.ring_buf/zephyr/kernel/CMakeFiles/kernel.dir/sched.c.gcda
(DEBUG) Running gcov: 'gcov /home/afmondra/zephyr-course/twister-out/native_sim_native/host/homework.unit.ring_buf/zephyr/kernel/CMakeFiles/kernel.dir/sched.c.gcda --branch-counts --branch-probabilities --all-blocks --demangled-names --hash-filenames --object-directory ../../../twister-out/native_sim_native/host/homework.unit.ring_buf/zephyr/kernel/CMakeFiles/kernel.dir' in '/home/afmondra/zephyr-course/app/modules/ring_buf'
(DEBUG) GCOV return code was 0, stdout was:
File '/home/afmondra/deps/zephyr/kernel/sched.c'
Lines executed:35.04% of 391
Branches executed:37.38% of 214
Taken at least once:21.03% of 214
Calls executed:24.43% of 307
Creating 'sched.c##68ace1fef4b251b60329679f870152e2.gcov'

File '/home/afmondra/deps/zephyr/include/zephyr/logging/log_msg.h'
Lines executed:0.00% of 5
No branches
Calls executed:0.00% of 1
Creating 'log_msg.h##79b8d5e6c50f02645efdf4e980ac5492.gcov'

File '/home/afmondra/deps/zephyr/kernel/include/kswap.h'
Lines executed:100.00% of 8
No branches
Calls executed:100.00% of 3
Creating 'kswap.h##483f1340319f4640844203f3f81ed500.gcov'

File '/home/afmondra/deps/zephyr/kernel/include/wait_q.h'
Lines executed:100.00% of 2
No branches
Calls executed:100.00% of 1
Creating 'wait_q.h##7d194b64851e991ac75a7d3dbc9cc4b5.gcov'

File '/home/afmondra/deps/zephyr/kernel/include/ksched.h'
Lines executed:27.27% of 11
Branches executed:0.00% of 2
Taken at least once:0.00% of 2
Calls executed:22.22% of 9
Creating 'ksched.h##66840255ea5d90e8133169214ef7589d.gcov'

File '/home/afmondra/deps/zephyr/kernel/include/priority_q.h'
Lines executed:65.71% of 35
Branches executed:55.56% of 18
Taken at least once:38.89% of 18
Calls executed:50.00% of 16
Creating 'priority_q.h##019a5395a95fa982590d634a0de7c00b.gcov'

File '/home/afmondra/deps/zephyr/kernel/include/kthread.h'
Lines executed:57.38% of 61
Branches executed:80.00% of 10
Taken at least once:60.00% of 10
Calls executed:40.00% of 10
Creating 'kthread.h##f5ac6029d1fd819fb88ff662c28cfe33.gcov'

File '/home/afmondra/deps/zephyr/kernel/include/timeout_q.h'
Lines executed:33.33% of 9
No branches
Calls executed:33.33% of 3
Creating 'timeout_q.h##0019aefc9ed6cdad0bdd6ed43d40cc99.gcov'

File '/home/afmondra/deps/zephyr/kernel/include/kernel_internal.h'
Lines executed:0.00% of 4
No branches
Calls executed:0.00% of 1
Creating 'kernel_internal.h##c94d6fbabfefc46651cba9d879b4e358.gcov'

File '/home/afmondra/deps/zephyr/arch/posix/include/kernel_arch_func.h'
Lines executed:40.00% of 5
No branches
No calls
Creating 'kernel_arch_func.h##379cf6a4b0e9931ee2a0b5e22a6341aa.gcov'

File '/home/afmondra/zephyr-course/twister-out/native_sim_native/host/homework.unit.ring_buf/zephyr/include/generated/zephyr/syscalls/kernel.h'
Lines executed:0.00% of 4
No branches
Calls executed:0.00% of 2
Creating 'kernel.h##13f2e6a4c33f57e7946f4cdd024701bf.gcov'

File '/home/afmondra/deps/zephyr/include/zephyr/kernel.h'
Lines executed:0.00% of 2
No branches
No calls
Creating 'kernel.h##6b0baf6c49afefbfab07edb7166fdce2.gcov'

File '/home/afmondra/deps/zephyr/include/zephyr/spinlock.h'
Lines executed:100.00% of 21
Branches executed:100.00% of 8
Taken at least once:50.00% of 8
Calls executed:28.57% of 28
Creating 'spinlock.h##0907215eaec88fd477ba521e3409787d.gcov'

File '/home/afmondra/deps/zephyr/include/zephyr/arch/posix/arch.h'
Lines executed:100.00% of 7
No branches
Calls executed:100.00% of 2
Creating 'arch.h##eee3095deeb51a158c6bb5ded542fa59.gcov'

File '/home/afmondra/deps/zephyr/include/zephyr/sys/dlist.h'
Lines executed:76.74% of 43
Branches executed:33.33% of 6
Taken at least once:33.33% of 6
Calls executed:66.67% of 3
Creating 'dlist.h##a327e4cc11655394ebace39a0dfd33dd.gcov'

Lines executed:45.07% of 608
<<, stderr was:
<<
(DEBUG) Check if sched.c##68ace1fef4b251b60329679f870152e2.gcov is included...
(DEBUG) Check if log_msg.h##79b8d5e6c50f02645efdf4e980ac5492.gcov is included...
(DEBUG) Check if kswap.h##483f1340319f4640844203f3f81ed500.gcov is included...
(DEBUG) Check if wait_q.h##7d194b64851e991ac75a7d3dbc9cc4b5.gcov is included...
(DEBUG) Check if ksched.h##66840255ea5d90e8133169214ef7589d.gcov is included...
(DEBUG) Check if priority_q.h##019a5395a95fa982590d634a0de7c00b.gcov is included...
(DEBUG) Check if kthread.h##f5ac6029d1fd819fb88ff662c28cfe33.gcov is included...
(DEBUG) Check if timeout_q.h##0019aefc9ed6cdad0bdd6ed43d40cc99.gcov is included...
(DEBUG) Check if kernel_internal.h##c94d6fbabfefc46651cba9d879b4e358.gcov is included...
(DEBUG) Check if kernel_arch_func.h##379cf6a4b0e9931ee2a0b5e22a6341aa.gcov is included...
(DEBUG) Check if kernel.h##13f2e6a4c33f57e7946f4cdd024701bf.gcov is included...
(DEBUG) Check if kernel.h##6b0baf6c49afefbfab07edb7166fdce2.gcov is included...
(DEBUG) Check if spinlock.h##0907215eaec88fd477ba521e3409787d.gcov is included...
(DEBUG) Check if arch.h##eee3095deeb51a158c6bb5ded542fa59.gcov is included...
(DEBUG) Check if dlist.h##a327e4cc11655394ebace39a0dfd33dd.gcov is included...
(DEBUG) Finding source file corresponding to a gcov data file
  gcov_fname   /home/afmondra/zephyr-course/app/modules/ring_buf/arch.h##eee3095deeb51a158c6bb5ded542fa59.gcov
  current_dir  /home/afmondra/zephyr-course/app/modules/ring_buf
  root         /home/afmondra/zephyr-course/app/modules/ring_buf
  starting_dir /home/afmondra/zephyr-course
  obj_dir      None
  gcda_fname   ../../../twister-out/native_sim_native/host/homework.unit.ring_buf/zephyr/kernel/CMakeFiles/kernel.dir/sched.c.gcda
  --> fname    /home/afmondra/deps/zephyr/include/zephyr/arch/posix/arch.h
(DEBUG) Check if /home/afmondra/deps/zephyr/include/zephyr/arch/posix/arch.h is included...
(DEBUG)   No filter matched.
(DEBUG) Finding source file corresponding to a gcov data file
  gcov_fname   /home/afmondra/zephyr-course/app/modules/ring_buf/timeout_q.h##0019aefc9ed6cdad0bdd6ed43d40cc99.gcov
  current_dir  /home/afmondra/zephyr-course/app/modules/ring_buf
  root         /home/afmondra/zephyr-course/app/modules/ring_buf
  starting_dir /home/afmondra/zephyr-course
  obj_dir      None
  gcda_fname   ../../../twister-out/native_sim_native/host/homework.unit.ring_buf/zephyr/kernel/CMakeFiles/kernel.dir/sched.c.gcda
  --> fname    /home/afmondra/deps/zephyr/kernel/include/timeout_q.h
(DEBUG) Check if /home/afmondra/deps/zephyr/kernel/include/timeout_q.h is included...
(DEBUG)   No filter matched.
(DEBUG) Finding source file corresponding to a gcov data file
  gcov_fname   /home/afmondra/zephyr-course/app/modules/ring_buf/kernel.h##13f2e6a4c33f57e7946f4cdd024701bf.gcov
  current_dir  /home/afmondra/zephyr-course/app/modules/ring_buf
  root         /home/afmondra/zephyr-course/app/modules/ring_buf
  starting_dir /home/afmondra/zephyr-course
  obj_dir      None
  gcda_fname   ../../../twister-out/native_sim_native/host/homework.unit.ring_buf/zephyr/kernel/CMakeFiles/kernel.dir/sched.c.gcda
  --> fname    /home/afmondra/zephyr-course/twister-out/native_sim_native/host/homework.unit.ring_buf/zephyr/include/generated/zephyr/syscalls/kernel.h
(DEBUG) Check if /home/afmondra/zephyr-course/twister-out/native_sim_native/host/homework.unit.ring_buf/zephyr/include/generated/zephyr/syscalls/kernel.h is included...
(DEBUG)   No filter matched.
(DEBUG) Finding source file corresponding to a gcov data file
  gcov_fname   /home/afmondra/zephyr-course/app/modules/ring_buf/spinlock.h##0907215eaec88fd477ba521e3409787d.gcov
  current_dir  /home/afmondra/zephyr-course/app/modules/ring_buf
  root         /home/afmondra/zephyr-course/app/modules/ring_buf
  starting_dir /home/afmondra/zephyr-course
  obj_dir      None
  gcda_fname   ../../../twister-out/native_sim_native/host/homework.unit.ring_buf/zephyr/kernel/CMakeFiles/kernel.dir/sched.c.gcda
  --> fname    /home/afmondra/deps/zephyr/include/zephyr/spinlock.h
(DEBUG) Check if /home/afmondra/deps/zephyr/include/zephyr/spinlock.h is included...
(DEBUG)   No filter matched.
(DEBUG) Finding source file corresponding to a gcov data file
  gcov_fname   /home/afmondra/zephyr-course/app/modules/ring_buf/kswap.h##483f1340319f4640844203f3f81ed500.gcov
  current_dir  /home/afmondra/zephyr-course/app/modules/ring_buf
  root         /home/afmondra/zephyr-course/app/modules/ring_buf
  starting_dir /home/afmondra/zephyr-course
  obj_dir      None
  gcda_fname   ../../../twister-out/native_sim_native/host/homework.unit.ring_buf/zephyr/kernel/CMakeFiles/kernel.dir/sched.c.gcda
  --> fname    /home/afmondra/deps/zephyr/kernel/include/kswap.h
(DEBUG) Check if /home/afmondra/deps/zephyr/kernel/include/kswap.h is included...
(DEBUG)   No filter matched.
(DEBUG) Finding source file corresponding to a gcov data file
  gcov_fname   /home/afmondra/zephyr-course/app/modules/ring_buf/ksched.h##66840255ea5d90e8133169214ef7589d.gcov
  current_dir  /home/afmondra/zephyr-course/app/modules/ring_buf
  root         /home/afmondra/zephyr-course/app/modules/ring_buf
  starting_dir /home/afmondra/zephyr-course
  obj_dir      None
  gcda_fname   ../../../twister-out/native_sim_native/host/homework.unit.ring_buf/zephyr/kernel/CMakeFiles/kernel.dir/sched.c.gcda
  --> fname    /home/afmondra/deps/zephyr/kernel/include/ksched.h
(DEBUG) Check if /home/afmondra/deps/zephyr/kernel/include/ksched.h is included...
(DEBUG)   No filter matched.
(DEBUG) Finding source file corresponding to a gcov data file
  gcov_fname   /home/afmondra/zephyr-course/app/modules/ring_buf/wait_q.h##7d194b64851e991ac75a7d3dbc9cc4b5.gcov
  current_dir  /home/afmondra/zephyr-course/app/modules/ring_buf
  root         /home/afmondra/zephyr-course/app/modules/ring_buf
  starting_dir /home/afmondra/zephyr-course
  obj_dir      None
  gcda_fname   ../../../twister-out/native_sim_native/host/homework.unit.ring_buf/zephyr/kernel/CMakeFiles/kernel.dir/sched.c.gcda
  --> fname    /home/afmondra/deps/zephyr/kernel/include/wait_q.h
(DEBUG) Check if /home/afmondra/deps/zephyr/kernel/include/wait_q.h is included...
(DEBUG)   No filter matched.
(DEBUG) Finding source file corresponding to a gcov data file
  gcov_fname   /home/afmondra/zephyr-course/app/modules/ring_buf/kernel.h##6b0baf6c49afefbfab07edb7166fdce2.gcov
  current_dir  /home/afmondra/zephyr-course/app/modules/ring_buf
  root         /home/afmondra/zephyr-course/app/modules/ring_buf
  starting_dir /home/afmondra/zephyr-course
  obj_dir      None
  gcda_fname   ../../../twister-out/native_sim_native/host/homework.unit.ring_buf/zephyr/kernel/CMakeFiles/kernel.dir/sched.c.gcda
  --> fname    /home/afmondra/deps/zephyr/include/zephyr/kernel.h
(DEBUG) Check if /home/afmondra/deps/zephyr/include/zephyr/kernel.h is included...
(DEBUG)   No filter matched.
(DEBUG) Finding source file corresponding to a gcov data file
  gcov_fname   /home/afmondra/zephyr-course/app/modules/ring_buf/priority_q.h##019a5395a95fa982590d634a0de7c00b.gcov
  current_dir  /home/afmondra/zephyr-course/app/modules/ring_buf
  root         /home/afmondra/zephyr-course/app/modules/ring_buf
  starting_dir /home/afmondra/zephyr-course
  obj_dir      None
  gcda_fname   ../../../twister-out/native_sim_native/host/homework.unit.ring_buf/zephyr/kernel/CMakeFiles/kernel.dir/sched.c.gcda
  --> fname    /home/afmondra/deps/zephyr/kernel/include/priority_q.h
(DEBUG) Check if /home/afmondra/deps/zephyr/kernel/include/priority_q.h is included...
(DEBUG)   No filter matched.
(DEBUG) Finding source file corresponding to a gcov data file
  gcov_fname   /home/afmondra/zephyr-course/app/modules/ring_buf/kernel_internal.h##c94d6fbabfefc46651cba9d879b4e358.gcov
  current_dir  /home/afmondra/zephyr-course/app/modules/ring_buf
  root         /home/afmondra/zephyr-course/app/modules/ring_buf
  starting_dir /home/afmondra/zephyr-course
  obj_dir      None
  gcda_fname   ../../../twister-out/native_sim_native/host/homework.unit.ring_buf/zephyr/kernel/CMakeFiles/kernel.dir/sched.c.gcda
  --> fname    /home/afmondra/deps/zephyr/kernel/include/kernel_internal.h
(DEBUG) Check if /home/afmondra/deps/zephyr/kernel/include/kernel_internal.h is included...
(DEBUG)   No filter matched.
(DEBUG) Finding source file corresponding to a gcov data file
  gcov_fname   /home/afmondra/zephyr-course/app/modules/ring_buf/dlist.h##a327e4cc11655394ebace39a0dfd33dd.gcov
  current_dir  /home/afmondra/zephyr-course/app/modules/ring_buf
  root         /home/afmondra/zephyr-course/app/modules/ring_buf
  starting_dir /home/afmondra/zephyr-course
  obj_dir      None
  gcda_fname   ../../../twister-out/native_sim_native/host/homework.unit.ring_buf/zephyr/kernel/CMakeFiles/kernel.dir/sched.c.gcda
  --> fname    /home/afmondra/deps/zephyr/include/zephyr/sys/dlist.h
(DEBUG) Check if /home/afmondra/deps/zephyr/include/zephyr/sys/dlist.h is included...
(DEBUG)   No filter matched.
(DEBUG) Finding source file corresponding to a gcov data file
  gcov_fname   /home/afmondra/zephyr-course/app/modules/ring_buf/kthread.h##f5ac6029d1fd819fb88ff662c28cfe33.gcov
  current_dir  /home/afmondra/zephyr-course/app/modules/ring_buf
  root         /home/afmondra/zephyr-course/app/modules/ring_buf
  starting_dir /home/afmondra/zephyr-course
  obj_dir      None
  gcda_fname   ../../../twister-out/native_sim_native/host/homework.unit.ring_buf/zephyr/kernel/CMakeFiles/kernel.dir/sched.c.gcda
  --> fname    /home/afmondra/deps/zephyr/kernel/include/kthread.h
(DEBUG) Check if /home/afmondra/deps/zephyr/kernel/include/kthread.h is included...
(DEBUG)   No filter matched.
(DEBUG) Finding source file corresponding to a gcov data file
  gcov_fname   /home/afmondra/zephyr-course/app/modules/ring_buf/log_msg.h##79b8d5e6c50f02645efdf4e980ac5492.gcov
  current_dir  /home/afmondra/zephyr-course/app/modules/ring_buf
  root         /home/afmondra/zephyr-course/app/modules/ring_buf
  starting_dir /home/afmondra/zephyr-course
  obj_dir      None
  gcda_fname   ../../../twister-out/native_sim_native/host/homework.unit.ring_buf/zephyr/kernel/CMakeFiles/kernel.dir/sched.c.gcda
  --> fname    /home/afmondra/deps/zephyr/include/zephyr/logging/log_msg.h
(DEBUG) Check if /home/afmondra/deps/zephyr/include/zephyr/logging/log_msg.h is included...
(DEBUG)   No filter matched.
(DEBUG) Finding source file corresponding to a gcov data file
  gcov_fname   /home/afmondra/zephyr-course/app/modules/ring_buf/kernel_arch_func.h##379cf6a4b0e9931ee2a0b5e22a6341aa.gcov
  current_dir  /home/afmondra/zephyr-course/app/modules/ring_buf
  root         /home/afmondra/zephyr-course/app/modules/ring_buf
  starting_dir /home/afmondra/zephyr-course
  obj_dir      None
  gcda_fname   ../../../twister-out/native_sim_native/host/homework.unit.ring_buf/zephyr/kernel/CMakeFiles/kernel.dir/sched.c.gcda
  --> fname    /home/afmondra/deps/zephyr/arch/posix/include/kernel_arch_func.h
(DEBUG) Check if /home/afmondra/deps/zephyr/arch/posix/include/kernel_arch_func.h is included...
(DEBUG)   No filter matched.
(DEBUG) Finding source file corresponding to a gcov data file
  gcov_fname   /home/afmondra/zephyr-course/app/modules/ring_buf/sched.c##68ace1fef4b251b60329679f870152e2.gcov
  current_dir  /home/afmondra/zephyr-course/app/modules/ring_buf
  root         /home/afmondra/zephyr-course/app/modules/ring_buf
  starting_dir /home/afmondra/zephyr-course
  obj_dir      None
  gcda_fname   ../../../twister-out/native_sim_native/host/homework.unit.ring_buf/zephyr/kernel/CMakeFiles/kernel.dir/sched.c.gcda
  --> fname    /home/afmondra/deps/zephyr/kernel/sched.c
(DEBUG) Check if /home/afmondra/deps/zephyr/kernel/sched.c is included...
(DEBUG)   No filter matched.
(DEBUG) Processing file: /home/afmondra/zephyr-course/twister-out/native_sim_native/host/homework.unit.ring_buf/zephyr/kernel/CMakeFiles/kernel.dir/sem.c.gcda
(DEBUG) Running gcov: 'gcov /home/afmondra/zephyr-course/twister-out/native_sim_native/host/homework.unit.ring_buf/zephyr/kernel/CMakeFiles/kernel.dir/sem.c.gcda --branch-counts --branch-probabilities --all-blocks --demangled-names --hash-filenames --object-directory ../../../twister-out/native_sim_native/host/homework.unit.ring_buf/zephyr/kernel/CMakeFiles/kernel.dir' in '/home/afmondra/zephyr-course/app/modules/ring_buf'
(DEBUG) GCOV return code was 0, stdout was:
File '/home/afmondra/deps/zephyr/kernel/sem.c'
Lines executed:0.00% of 53
Branches executed:0.00% of 26
Taken at least once:0.00% of 26
Calls executed:0.00% of 26
Creating 'sem.c##4e69f237e035f5c6c48eff00fa459cbe.gcov'

File '/home/afmondra/deps/zephyr/kernel/include/ksched.h'
Lines executed:0.00% of 16
Branches executed:0.00% of 6
Taken at least once:0.00% of 6
Calls executed:0.00% of 18
Creating 'ksched.h##66840255ea5d90e8133169214ef7589d.gcov'

File '/home/afmondra/deps/zephyr/kernel/include/kthread.h'
Lines executed:0.00% of 3
No branches
No calls
Creating 'kthread.h##f5ac6029d1fd819fb88ff662c28cfe33.gcov'

File '/home/afmondra/deps/zephyr/arch/posix/include/kernel_arch_func.h'
Lines executed:0.00% of 5
No branches
No calls
Creating 'kernel_arch_func.h##379cf6a4b0e9931ee2a0b5e22a6341aa.gcov'

File '/home/afmondra/deps/zephyr/kernel/include/wait_q.h'
Lines executed:0.00% of 3
No branches
Calls executed:0.00% of 1
Creating 'wait_q.h##7d194b64851e991ac75a7d3dbc9cc4b5.gcov'

File '/home/afmondra/deps/zephyr/kernel/include/priority_q.h'
Lines executed:0.00% of 9
Branches executed:0.00% of 2
Taken at least once:0.00% of 2
Calls executed:0.00% of 2
Creating 'priority_q.h##019a5395a95fa982590d634a0de7c00b.gcov'

File '/home/afmondra/deps/zephyr/kernel/include/timeout_q.h'
Lines executed:0.00% of 3
No branches
Calls executed:0.00% of 1
Creating 'timeout_q.h##0019aefc9ed6cdad0bdd6ed43d40cc99.gcov'

File '/home/afmondra/deps/zephyr/include/zephyr/sys/internal/kobject_internal.h'
Lines executed:0.00% of 2
No branches
No calls
Creating 'kobject_internal.h##7fc8757d0ace3c199ecb77726040aa27.gcov'

File '/home/afmondra/deps/zephyr/include/zephyr/spinlock.h'
Lines executed:0.00% of 15
Branches executed:0.00% of 4
Taken at least once:0.00% of 4
Calls executed:0.00% of 17
Creating 'spinlock.h##0907215eaec88fd477ba521e3409787d.gcov'

File '/home/afmondra/deps/zephyr/include/zephyr/arch/posix/arch.h'
Lines executed:0.00% of 7
No branches
Calls executed:0.00% of 2
Creating 'arch.h##eee3095deeb51a158c6bb5ded542fa59.gcov'

File '/home/afmondra/deps/zephyr/include/zephyr/sys/dlist.h'
Lines executed:0.00% of 19
Branches executed:0.00% of 2
Taken at least once:0.00% of 2
Calls executed:0.00% of 2
Creating 'dlist.h##a327e4cc11655394ebace39a0dfd33dd.gcov'

Lines executed:0.00% of 135
<<, stderr was:
<<
(DEBUG) Check if sem.c##4e69f237e035f5c6c48eff00fa459cbe.gcov is included...
(DEBUG) Check if ksched.h##66840255ea5d90e8133169214ef7589d.gcov is included...
(DEBUG) Check if kthread.h##f5ac6029d1fd819fb88ff662c28cfe33.gcov is included...
(DEBUG) Check if kernel_arch_func.h##379cf6a4b0e9931ee2a0b5e22a6341aa.gcov is included...
(DEBUG) Check if wait_q.h##7d194b64851e991ac75a7d3dbc9cc4b5.gcov is included...
(DEBUG) Check if priority_q.h##019a5395a95fa982590d634a0de7c00b.gcov is included...
(DEBUG) Check if timeout_q.h##0019aefc9ed6cdad0bdd6ed43d40cc99.gcov is included...
(DEBUG) Check if kobject_internal.h##7fc8757d0ace3c199ecb77726040aa27.gcov is included...
(DEBUG) Check if spinlock.h##0907215eaec88fd477ba521e3409787d.gcov is included...
(DEBUG) Check if arch.h##eee3095deeb51a158c6bb5ded542fa59.gcov is included...
(DEBUG) Check if dlist.h##a327e4cc11655394ebace39a0dfd33dd.gcov is included...
(DEBUG) Finding source file corresponding to a gcov data file
  gcov_fname   /home/afmondra/zephyr-course/app/modules/ring_buf/arch.h##eee3095deeb51a158c6bb5ded542fa59.gcov
  current_dir  /home/afmondra/zephyr-course/app/modules/ring_buf
  root         /home/afmondra/zephyr-course/app/modules/ring_buf
  starting_dir /home/afmondra/zephyr-course
  obj_dir      None
  gcda_fname   ../../../twister-out/native_sim_native/host/homework.unit.ring_buf/zephyr/kernel/CMakeFiles/kernel.dir/sem.c.gcda
  --> fname    /home/afmondra/deps/zephyr/include/zephyr/arch/posix/arch.h
(DEBUG) Check if /home/afmondra/deps/zephyr/include/zephyr/arch/posix/arch.h is included...
(DEBUG)   No filter matched.
(DEBUG) Finding source file corresponding to a gcov data file
  gcov_fname   /home/afmondra/zephyr-course/app/modules/ring_buf/timeout_q.h##0019aefc9ed6cdad0bdd6ed43d40cc99.gcov
  current_dir  /home/afmondra/zephyr-course/app/modules/ring_buf
  root         /home/afmondra/zephyr-course/app/modules/ring_buf
  starting_dir /home/afmondra/zephyr-course
  obj_dir      None
  gcda_fname   ../../../twister-out/native_sim_native/host/homework.unit.ring_buf/zephyr/kernel/CMakeFiles/kernel.dir/sem.c.gcda
  --> fname    /home/afmondra/deps/zephyr/kernel/include/timeout_q.h
(DEBUG) Check if /home/afmondra/deps/zephyr/kernel/include/timeout_q.h is included...
(DEBUG)   No filter matched.
(DEBUG) Finding source file corresponding to a gcov data file
  gcov_fname   /home/afmondra/zephyr-course/app/modules/ring_buf/spinlock.h##0907215eaec88fd477ba521e3409787d.gcov
  current_dir  /home/afmondra/zephyr-course/app/modules/ring_buf
  root         /home/afmondra/zephyr-course/app/modules/ring_buf
  starting_dir /home/afmondra/zephyr-course
  obj_dir      None
  gcda_fname   ../../../twister-out/native_sim_native/host/homework.unit.ring_buf/zephyr/kernel/CMakeFiles/kernel.dir/sem.c.gcda
  --> fname    /home/afmondra/deps/zephyr/include/zephyr/spinlock.h
(DEBUG) Check if /home/afmondra/deps/zephyr/include/zephyr/spinlock.h is included...
(DEBUG)   No filter matched.
(DEBUG) Finding source file corresponding to a gcov data file
  gcov_fname   /home/afmondra/zephyr-course/app/modules/ring_buf/ksched.h##66840255ea5d90e8133169214ef7589d.gcov
  current_dir  /home/afmondra/zephyr-course/app/modules/ring_buf
  root         /home/afmondra/zephyr-course/app/modules/ring_buf
  starting_dir /home/afmondra/zephyr-course
  obj_dir      None
  gcda_fname   ../../../twister-out/native_sim_native/host/homework.unit.ring_buf/zephyr/kernel/CMakeFiles/kernel.dir/sem.c.gcda
  --> fname    /home/afmondra/deps/zephyr/kernel/include/ksched.h
(DEBUG) Check if /home/afmondra/deps/zephyr/kernel/include/ksched.h is included...
(DEBUG)   No filter matched.
(DEBUG) Finding source file corresponding to a gcov data file
  gcov_fname   /home/afmondra/zephyr-course/app/modules/ring_buf/wait_q.h##7d194b64851e991ac75a7d3dbc9cc4b5.gcov
  current_dir  /home/afmondra/zephyr-course/app/modules/ring_buf
  root         /home/afmondra/zephyr-course/app/modules/ring_buf
  starting_dir /home/afmondra/zephyr-course
  obj_dir      None
  gcda_fname   ../../../twister-out/native_sim_native/host/homework.unit.ring_buf/zephyr/kernel/CMakeFiles/kernel.dir/sem.c.gcda
  --> fname    /home/afmondra/deps/zephyr/kernel/include/wait_q.h
(DEBUG) Check if /home/afmondra/deps/zephyr/kernel/include/wait_q.h is included...
(DEBUG)   No filter matched.
(DEBUG) Finding source file corresponding to a gcov data file
  gcov_fname   /home/afmondra/zephyr-course/app/modules/ring_buf/priority_q.h##019a5395a95fa982590d634a0de7c00b.gcov
  current_dir  /home/afmondra/zephyr-course/app/modules/ring_buf
  root         /home/afmondra/zephyr-course/app/modules/ring_buf
  starting_dir /home/afmondra/zephyr-course
  obj_dir      None
  gcda_fname   ../../../twister-out/native_sim_native/host/homework.unit.ring_buf/zephyr/kernel/CMakeFiles/kernel.dir/sem.c.gcda
  --> fname    /home/afmondra/deps/zephyr/kernel/include/priority_q.h
(DEBUG) Check if /home/afmondra/deps/zephyr/kernel/include/priority_q.h is included...
(DEBUG)   No filter matched.
(DEBUG) Finding source file corresponding to a gcov data file
  gcov_fname   /home/afmondra/zephyr-course/app/modules/ring_buf/kobject_internal.h##7fc8757d0ace3c199ecb77726040aa27.gcov
  current_dir  /home/afmondra/zephyr-course/app/modules/ring_buf
  root         /home/afmondra/zephyr-course/app/modules/ring_buf
  starting_dir /home/afmondra/zephyr-course
  obj_dir      None
  gcda_fname   ../../../twister-out/native_sim_native/host/homework.unit.ring_buf/zephyr/kernel/CMakeFiles/kernel.dir/sem.c.gcda
  --> fname    /home/afmondra/deps/zephyr/include/zephyr/sys/internal/kobject_internal.h
(DEBUG) Check if /home/afmondra/deps/zephyr/include/zephyr/sys/internal/kobject_internal.h is included...
(DEBUG)   No filter matched.
(DEBUG) Finding source file corresponding to a gcov data file
  gcov_fname   /home/afmondra/zephyr-course/app/modules/ring_buf/kthread.h##f5ac6029d1fd819fb88ff662c28cfe33.gcov
  current_dir  /home/afmondra/zephyr-course/app/modules/ring_buf
  root         /home/afmondra/zephyr-course/app/modules/ring_buf
  starting_dir /home/afmondra/zephyr-course
  obj_dir      None
  gcda_fname   ../../../twister-out/native_sim_native/host/homework.unit.ring_buf/zephyr/kernel/CMakeFiles/kernel.dir/sem.c.gcda
  --> fname    /home/afmondra/deps/zephyr/kernel/include/kthread.h
(DEBUG) Check if /home/afmondra/deps/zephyr/kernel/include/kthread.h is included...
(DEBUG)   No filter matched.
(DEBUG) Finding source file corresponding to a gcov data file
  gcov_fname   /home/afmondra/zephyr-course/app/modules/ring_buf/kernel_arch_func.h##379cf6a4b0e9931ee2a0b5e22a6341aa.gcov
  current_dir  /home/afmondra/zephyr-course/app/modules/ring_buf
  root         /home/afmondra/zephyr-course/app/modules/ring_buf
  starting_dir /home/afmondra/zephyr-course
  obj_dir      None
  gcda_fname   ../../../twister-out/native_sim_native/host/homework.unit.ring_buf/zephyr/kernel/CMakeFiles/kernel.dir/sem.c.gcda
  --> fname    /home/afmondra/deps/zephyr/arch/posix/include/kernel_arch_func.h
(DEBUG) Check if /home/afmondra/deps/zephyr/arch/posix/include/kernel_arch_func.h is included...
(DEBUG)   No filter matched.
(DEBUG) Finding source file corresponding to a gcov data file
  gcov_fname   /home/afmondra/zephyr-course/app/modules/ring_buf/dlist.h##a327e4cc11655394ebace39a0dfd33dd.gcov
  current_dir  /home/afmondra/zephyr-course/app/modules/ring_buf
  root         /home/afmondra/zephyr-course/app/modules/ring_buf
  starting_dir /home/afmondra/zephyr-course
  obj_dir      None
  gcda_fname   ../../../twister-out/native_sim_native/host/homework.unit.ring_buf/zephyr/kernel/CMakeFiles/kernel.dir/sem.c.gcda
  --> fname    /home/afmondra/deps/zephyr/include/zephyr/sys/dlist.h
(DEBUG) Check if /home/afmondra/deps/zephyr/include/zephyr/sys/dlist.h is included...
(DEBUG)   No filter matched.
(DEBUG) Finding source file corresponding to a gcov data file
  gcov_fname   /home/afmondra/zephyr-course/app/modules/ring_buf/sem.c##4e69f237e035f5c6c48eff00fa459cbe.gcov
  current_dir  /home/afmondra/zephyr-course/app/modules/ring_buf
  root         /home/afmondra/zephyr-course/app/modules/ring_buf
  starting_dir /home/afmondra/zephyr-course
  obj_dir      None
  gcda_fname   ../../../twister-out/native_sim_native/host/homework.unit.ring_buf/zephyr/kernel/CMakeFiles/kernel.dir/sem.c.gcda
  --> fname    /home/afmondra/deps/zephyr/kernel/sem.c
(DEBUG) Check if /home/afmondra/deps/zephyr/kernel/sem.c is included...
(DEBUG)   No filter matched.
(DEBUG) Processing file: /home/afmondra/zephyr-course/twister-out/native_sim_native/host/homework.unit.ring_buf/zephyr/kernel/CMakeFiles/kernel.dir/spinlock_validate.c.gcda
(DEBUG) Running gcov: 'gcov /home/afmondra/zephyr-course/twister-out/native_sim_native/host/homework.unit.ring_buf/zephyr/kernel/CMakeFiles/kernel.dir/spinlock_validate.c.gcda --branch-counts --branch-probabilities --all-blocks --demangled-names --hash-filenames --object-directory ../../../twister-out/native_sim_native/host/homework.unit.ring_buf/zephyr/kernel/CMakeFiles/kernel.dir' in '/home/afmondra/zephyr-course/app/modules/ring_buf'
(DEBUG) GCOV return code was 0, stdout was:
File '/home/afmondra/deps/zephyr/kernel/spinlock_validate.c'
Lines executed:76.47% of 17
Branches executed:60.00% of 10
Taken at least once:30.00% of 10
Calls executed:100.00% of 1
Creating 'spinlock_validate.c##5686ea4a2f8980bda2f8aa71df4cc9d8.gcov'

File '/home/afmondra/deps/zephyr/arch/posix/include/kernel_arch_func.h'
Lines executed:100.00% of 2
No branches
No calls
Creating 'kernel_arch_func.h##379cf6a4b0e9931ee2a0b5e22a6341aa.gcov'

Lines executed:78.95% of 19
<<, stderr was:
<<
(DEBUG) Check if spinlock_validate.c##5686ea4a2f8980bda2f8aa71df4cc9d8.gcov is included...
(DEBUG) Check if kernel_arch_func.h##379cf6a4b0e9931ee2a0b5e22a6341aa.gcov is included...
(DEBUG) Finding source file corresponding to a gcov data file
  gcov_fname   /home/afmondra/zephyr-course/app/modules/ring_buf/spinlock_validate.c##5686ea4a2f8980bda2f8aa71df4cc9d8.gcov
  current_dir  /home/afmondra/zephyr-course/app/modules/ring_buf
  root         /home/afmondra/zephyr-course/app/modules/ring_buf
  starting_dir /home/afmondra/zephyr-course
  obj_dir      None
  gcda_fname   ../../../twister-out/native_sim_native/host/homework.unit.ring_buf/zephyr/kernel/CMakeFiles/kernel.dir/spinlock_validate.c.gcda
  --> fname    /home/afmondra/deps/zephyr/kernel/spinlock_validate.c
(DEBUG) Check if /home/afmondra/deps/zephyr/kernel/spinlock_validate.c is included...
(DEBUG)   No filter matched.
(DEBUG) Finding source file corresponding to a gcov data file
  gcov_fname   /home/afmondra/zephyr-course/app/modules/ring_buf/kernel_arch_func.h##379cf6a4b0e9931ee2a0b5e22a6341aa.gcov
  current_dir  /home/afmondra/zephyr-course/app/modules/ring_buf
  root         /home/afmondra/zephyr-course/app/modules/ring_buf
  starting_dir /home/afmondra/zephyr-course
  obj_dir      None
  gcda_fname   ../../../twister-out/native_sim_native/host/homework.unit.ring_buf/zephyr/kernel/CMakeFiles/kernel.dir/spinlock_validate.c.gcda
  --> fname    /home/afmondra/deps/zephyr/arch/posix/include/kernel_arch_func.h
(DEBUG) Check if /home/afmondra/deps/zephyr/arch/posix/include/kernel_arch_func.h is included...
(DEBUG)   No filter matched.
(DEBUG) Processing file: /home/afmondra/zephyr-course/twister-out/native_sim_native/host/homework.unit.ring_buf/zephyr/kernel/CMakeFiles/kernel.dir/stack.c.gcno
(DEBUG) Running gcov: 'gcov /home/afmondra/zephyr-course/twister-out/native_sim_native/host/homework.unit.ring_buf/zephyr/kernel/CMakeFiles/kernel.dir/stack.c.gcno --branch-counts --branch-probabilities --all-blocks --demangled-names --hash-filenames --object-directory ../../../twister-out/native_sim_native/host/homework.unit.ring_buf/zephyr/kernel/CMakeFiles/kernel.dir' in '/home/afmondra/zephyr-course/app/modules/ring_buf'
(DEBUG) GCOV return code was 0, stdout was:
File '/home/afmondra/deps/zephyr/kernel/stack.c'
Lines executed:0.00% of 58
Branches executed:0.00% of 16
Taken at least once:0.00% of 16
Calls executed:0.00% of 16
Creating 'stack.c##51bc917973359bc53d056c9fb5616ef9.gcov'

File '/home/afmondra/deps/zephyr/kernel/include/wait_q.h'
Lines executed:0.00% of 5
No branches
Calls executed:0.00% of 2
Creating 'wait_q.h##7d194b64851e991ac75a7d3dbc9cc4b5.gcov'

File '/home/afmondra/deps/zephyr/kernel/include/ksched.h'
Lines executed:0.00% of 16
Branches executed:0.00% of 6
Taken at least once:0.00% of 6
Calls executed:0.00% of 18
Creating 'ksched.h##66840255ea5d90e8133169214ef7589d.gcov'

File '/home/afmondra/deps/zephyr/kernel/include/priority_q.h'
Lines executed:0.00% of 9
Branches executed:0.00% of 2
Taken at least once:0.00% of 2
Calls executed:0.00% of 2
Creating 'priority_q.h##019a5395a95fa982590d634a0de7c00b.gcov'

File '/home/afmondra/deps/zephyr/kernel/include/kthread.h'
Lines executed:0.00% of 3
No branches
No calls
Creating 'kthread.h##f5ac6029d1fd819fb88ff662c28cfe33.gcov'

File '/home/afmondra/deps/zephyr/kernel/include/timeout_q.h'
Lines executed:0.00% of 3
No branches
Calls executed:0.00% of 1
Creating 'timeout_q.h##0019aefc9ed6cdad0bdd6ed43d40cc99.gcov'

File '/home/afmondra/deps/zephyr/kernel/include/kernel_internal.h'
Lines executed:0.00% of 4
No branches
Calls executed:0.00% of 1
Creating 'kernel_internal.h##c94d6fbabfefc46651cba9d879b4e358.gcov'

File '/home/afmondra/deps/zephyr/arch/posix/include/kernel_arch_func.h'
Lines executed:0.00% of 3
No branches
No calls
Creating 'kernel_arch_func.h##379cf6a4b0e9931ee2a0b5e22a6341aa.gcov'

File '/home/afmondra/deps/zephyr/include/zephyr/sys/internal/kobject_internal.h'
Lines executed:0.00% of 2
No branches
No calls
Creating 'kobject_internal.h##7fc8757d0ace3c199ecb77726040aa27.gcov'

File '/home/afmondra/deps/zephyr/include/zephyr/spinlock.h'
Lines executed:0.00% of 15
Branches executed:0.00% of 4
Taken at least once:0.00% of 4
Calls executed:0.00% of 17
Creating 'spinlock.h##0907215eaec88fd477ba521e3409787d.gcov'

File '/home/afmondra/deps/zephyr/include/zephyr/arch/posix/arch.h'
Lines executed:0.00% of 7
No branches
Calls executed:0.00% of 2
Creating 'arch.h##eee3095deeb51a158c6bb5ded542fa59.gcov'

File '/home/afmondra/deps/zephyr/include/zephyr/sys/dlist.h'
Lines executed:0.00% of 19
Branches executed:0.00% of 2
Taken at least once:0.00% of 2
Calls executed:0.00% of 2
Creating 'dlist.h##a327e4cc11655394ebace39a0dfd33dd.gcov'

Lines executed:0.00% of 144
<<, stderr was:
../../../twister-out/native_sim_native/host/homework.unit.ring_buf/zephyr/kernel/CMakeFiles/kernel.dir/stack.c.gcda:cannot open data file, assuming not executed
<<
(DEBUG) Check if stack.c##51bc917973359bc53d056c9fb5616ef9.gcov is included...
(DEBUG) Check if wait_q.h##7d194b64851e991ac75a7d3dbc9cc4b5.gcov is included...
(DEBUG) Check if ksched.h##66840255ea5d90e8133169214ef7589d.gcov is included...
(DEBUG) Check if priority_q.h##019a5395a95fa982590d634a0de7c00b.gcov is included...
(DEBUG) Check if kthread.h##f5ac6029d1fd819fb88ff662c28cfe33.gcov is included...
(DEBUG) Check if timeout_q.h##0019aefc9ed6cdad0bdd6ed43d40cc99.gcov is included...
(DEBUG) Check if kernel_internal.h##c94d6fbabfefc46651cba9d879b4e358.gcov is included...
(DEBUG) Check if kernel_arch_func.h##379cf6a4b0e9931ee2a0b5e22a6341aa.gcov is included...
(DEBUG) Check if kobject_internal.h##7fc8757d0ace3c199ecb77726040aa27.gcov is included...
(DEBUG) Check if spinlock.h##0907215eaec88fd477ba521e3409787d.gcov is included...
(DEBUG) Check if arch.h##eee3095deeb51a158c6bb5ded542fa59.gcov is included...
(DEBUG) Check if dlist.h##a327e4cc11655394ebace39a0dfd33dd.gcov is included...
(DEBUG) Finding source file corresponding to a gcov data file
  gcov_fname   /home/afmondra/zephyr-course/app/modules/ring_buf/arch.h##eee3095deeb51a158c6bb5ded542fa59.gcov
  current_dir  /home/afmondra/zephyr-course/app/modules/ring_buf
  root         /home/afmondra/zephyr-course/app/modules/ring_buf
  starting_dir /home/afmondra/zephyr-course
  obj_dir      None
  gcda_fname   ../../../twister-out/native_sim_native/host/homework.unit.ring_buf/zephyr/kernel/CMakeFiles/kernel.dir/stack.c.gcno
  --> fname    /home/afmondra/deps/zephyr/include/zephyr/arch/posix/arch.h
(DEBUG) Check if /home/afmondra/deps/zephyr/include/zephyr/arch/posix/arch.h is included...
(DEBUG)   No filter matched.
(DEBUG) Finding source file corresponding to a gcov data file
  gcov_fname   /home/afmondra/zephyr-course/app/modules/ring_buf/timeout_q.h##0019aefc9ed6cdad0bdd6ed43d40cc99.gcov
  current_dir  /home/afmondra/zephyr-course/app/modules/ring_buf
  root         /home/afmondra/zephyr-course/app/modules/ring_buf
  starting_dir /home/afmondra/zephyr-course
  obj_dir      None
  gcda_fname   ../../../twister-out/native_sim_native/host/homework.unit.ring_buf/zephyr/kernel/CMakeFiles/kernel.dir/stack.c.gcno
  --> fname    /home/afmondra/deps/zephyr/kernel/include/timeout_q.h
(DEBUG) Check if /home/afmondra/deps/zephyr/kernel/include/timeout_q.h is included...
(DEBUG)   No filter matched.
(DEBUG) Finding source file corresponding to a gcov data file
  gcov_fname   /home/afmondra/zephyr-course/app/modules/ring_buf/stack.c##51bc917973359bc53d056c9fb5616ef9.gcov
  current_dir  /home/afmondra/zephyr-course/app/modules/ring_buf
  root         /home/afmondra/zephyr-course/app/modules/ring_buf
  starting_dir /home/afmondra/zephyr-course
  obj_dir      None
  gcda_fname   ../../../twister-out/native_sim_native/host/homework.unit.ring_buf/zephyr/kernel/CMakeFiles/kernel.dir/stack.c.gcno
  --> fname    /home/afmondra/deps/zephyr/kernel/stack.c
(DEBUG) Check if /home/afmondra/deps/zephyr/kernel/stack.c is included...
(DEBUG)   No filter matched.
(DEBUG) Finding source file corresponding to a gcov data file
  gcov_fname   /home/afmondra/zephyr-course/app/modules/ring_buf/spinlock.h##0907215eaec88fd477ba521e3409787d.gcov
  current_dir  /home/afmondra/zephyr-course/app/modules/ring_buf
  root         /home/afmondra/zephyr-course/app/modules/ring_buf
  starting_dir /home/afmondra/zephyr-course
  obj_dir      None
  gcda_fname   ../../../twister-out/native_sim_native/host/homework.unit.ring_buf/zephyr/kernel/CMakeFiles/kernel.dir/stack.c.gcno
  --> fname    /home/afmondra/deps/zephyr/include/zephyr/spinlock.h
(DEBUG) Check if /home/afmondra/deps/zephyr/include/zephyr/spinlock.h is included...
(DEBUG)   No filter matched.
(DEBUG) Finding source file corresponding to a gcov data file
  gcov_fname   /home/afmondra/zephyr-course/app/modules/ring_buf/ksched.h##66840255ea5d90e8133169214ef7589d.gcov
  current_dir  /home/afmondra/zephyr-course/app/modules/ring_buf
  root         /home/afmondra/zephyr-course/app/modules/ring_buf
  starting_dir /home/afmondra/zephyr-course
  obj_dir      None
  gcda_fname   ../../../twister-out/native_sim_native/host/homework.unit.ring_buf/zephyr/kernel/CMakeFiles/kernel.dir/stack.c.gcno
  --> fname    /home/afmondra/deps/zephyr/kernel/include/ksched.h
(DEBUG) Check if /home/afmondra/deps/zephyr/kernel/include/ksched.h is included...
(DEBUG)   No filter matched.
(DEBUG) Finding source file corresponding to a gcov data file
  gcov_fname   /home/afmondra/zephyr-course/app/modules/ring_buf/wait_q.h##7d194b64851e991ac75a7d3dbc9cc4b5.gcov
  current_dir  /home/afmondra/zephyr-course/app/modules/ring_buf
  root         /home/afmondra/zephyr-course/app/modules/ring_buf
  starting_dir /home/afmondra/zephyr-course
  obj_dir      None
  gcda_fname   ../../../twister-out/native_sim_native/host/homework.unit.ring_buf/zephyr/kernel/CMakeFiles/kernel.dir/stack.c.gcno
  --> fname    /home/afmondra/deps/zephyr/kernel/include/wait_q.h
(DEBUG) Check if /home/afmondra/deps/zephyr/kernel/include/wait_q.h is included...
(DEBUG)   No filter matched.
(DEBUG) Finding source file corresponding to a gcov data file
  gcov_fname   /home/afmondra/zephyr-course/app/modules/ring_buf/priority_q.h##019a5395a95fa982590d634a0de7c00b.gcov
  current_dir  /home/afmondra/zephyr-course/app/modules/ring_buf
  root         /home/afmondra/zephyr-course/app/modules/ring_buf
  starting_dir /home/afmondra/zephyr-course
  obj_dir      None
  gcda_fname   ../../../twister-out/native_sim_native/host/homework.unit.ring_buf/zephyr/kernel/CMakeFiles/kernel.dir/stack.c.gcno
  --> fname    /home/afmondra/deps/zephyr/kernel/include/priority_q.h
(DEBUG) Check if /home/afmondra/deps/zephyr/kernel/include/priority_q.h is included...
(DEBUG)   No filter matched.
(DEBUG) Finding source file corresponding to a gcov data file
  gcov_fname   /home/afmondra/zephyr-course/app/modules/ring_buf/kobject_internal.h##7fc8757d0ace3c199ecb77726040aa27.gcov
  current_dir  /home/afmondra/zephyr-course/app/modules/ring_buf
  root         /home/afmondra/zephyr-course/app/modules/ring_buf
  starting_dir /home/afmondra/zephyr-course
  obj_dir      None
  gcda_fname   ../../../twister-out/native_sim_native/host/homework.unit.ring_buf/zephyr/kernel/CMakeFiles/kernel.dir/stack.c.gcno
  --> fname    /home/afmondra/deps/zephyr/include/zephyr/sys/internal/kobject_internal.h
(DEBUG) Check if /home/afmondra/deps/zephyr/include/zephyr/sys/internal/kobject_internal.h is included...
(DEBUG)   No filter matched.
(DEBUG) Finding source file corresponding to a gcov data file
  gcov_fname   /home/afmondra/zephyr-course/app/modules/ring_buf/kernel_internal.h##c94d6fbabfefc46651cba9d879b4e358.gcov
  current_dir  /home/afmondra/zephyr-course/app/modules/ring_buf
  root         /home/afmondra/zephyr-course/app/modules/ring_buf
  starting_dir /home/afmondra/zephyr-course
  obj_dir      None
  gcda_fname   ../../../twister-out/native_sim_native/host/homework.unit.ring_buf/zephyr/kernel/CMakeFiles/kernel.dir/stack.c.gcno
  --> fname    /home/afmondra/deps/zephyr/kernel/include/kernel_internal.h
(DEBUG) Check if /home/afmondra/deps/zephyr/kernel/include/kernel_internal.h is included...
(DEBUG)   No filter matched.
(DEBUG) Finding source file corresponding to a gcov data file
  gcov_fname   /home/afmondra/zephyr-course/app/modules/ring_buf/kthread.h##f5ac6029d1fd819fb88ff662c28cfe33.gcov
  current_dir  /home/afmondra/zephyr-course/app/modules/ring_buf
  root         /home/afmondra/zephyr-course/app/modules/ring_buf
  starting_dir /home/afmondra/zephyr-course
  obj_dir      None
  gcda_fname   ../../../twister-out/native_sim_native/host/homework.unit.ring_buf/zephyr/kernel/CMakeFiles/kernel.dir/stack.c.gcno
  --> fname    /home/afmondra/deps/zephyr/kernel/include/kthread.h
(DEBUG) Check if /home/afmondra/deps/zephyr/kernel/include/kthread.h is included...
(DEBUG)   No filter matched.
(DEBUG) Finding source file corresponding to a gcov data file
  gcov_fname   /home/afmondra/zephyr-course/app/modules/ring_buf/kernel_arch_func.h##379cf6a4b0e9931ee2a0b5e22a6341aa.gcov
  current_dir  /home/afmondra/zephyr-course/app/modules/ring_buf
  root         /home/afmondra/zephyr-course/app/modules/ring_buf
  starting_dir /home/afmondra/zephyr-course
  obj_dir      None
  gcda_fname   ../../../twister-out/native_sim_native/host/homework.unit.ring_buf/zephyr/kernel/CMakeFiles/kernel.dir/stack.c.gcno
  --> fname    /home/afmondra/deps/zephyr/arch/posix/include/kernel_arch_func.h
(DEBUG) Check if /home/afmondra/deps/zephyr/arch/posix/include/kernel_arch_func.h is included...
(DEBUG)   No filter matched.
(DEBUG) Finding source file corresponding to a gcov data file
  gcov_fname   /home/afmondra/zephyr-course/app/modules/ring_buf/dlist.h##a327e4cc11655394ebace39a0dfd33dd.gcov
  current_dir  /home/afmondra/zephyr-course/app/modules/ring_buf
  root         /home/afmondra/zephyr-course/app/modules/ring_buf
  starting_dir /home/afmondra/zephyr-course
  obj_dir      None
  gcda_fname   ../../../twister-out/native_sim_native/host/homework.unit.ring_buf/zephyr/kernel/CMakeFiles/kernel.dir/stack.c.gcno
  --> fname    /home/afmondra/deps/zephyr/include/zephyr/sys/dlist.h
(DEBUG) Check if /home/afmondra/deps/zephyr/include/zephyr/sys/dlist.h is included...
(DEBUG)   No filter matched.
(DEBUG) Processing file: /home/afmondra/zephyr-course/twister-out/native_sim_native/host/homework.unit.ring_buf/zephyr/kernel/CMakeFiles/kernel.dir/system_work_q.c.gcno
(DEBUG) Running gcov: 'gcov /home/afmondra/zephyr-course/twister-out/native_sim_native/host/homework.unit.ring_buf/zephyr/kernel/CMakeFiles/kernel.dir/system_work_q.c.gcno --branch-counts --branch-probabilities --all-blocks --demangled-names --hash-filenames --object-directory ../../../twister-out/native_sim_native/host/homework.unit.ring_buf/zephyr/kernel/CMakeFiles/kernel.dir' in '/home/afmondra/zephyr-course/app/modules/ring_buf'
(DEBUG) GCOV return code was 0, stdout was:
File '/home/afmondra/deps/zephyr/kernel/system_work_q.c'
Lines executed:0.00% of 3
No branches
Calls executed:0.00% of 1
Creating 'system_work_q.c##62cda8efb44b68ab15da8d36e5cdf280.gcov'

Lines executed:0.00% of 3
<<, stderr was:
../../../twister-out/native_sim_native/host/homework.unit.ring_buf/zephyr/kernel/CMakeFiles/kernel.dir/system_work_q.c.gcda:cannot open data file, assuming not executed
<<
(DEBUG) Check if system_work_q.c##62cda8efb44b68ab15da8d36e5cdf280.gcov is included...
(DEBUG) Finding source file corresponding to a gcov data file
  gcov_fname   /home/afmondra/zephyr-course/app/modules/ring_buf/system_work_q.c##62cda8efb44b68ab15da8d36e5cdf280.gcov
  current_dir  /home/afmondra/zephyr-course/app/modules/ring_buf
  root         /home/afmondra/zephyr-course/app/modules/ring_buf
  starting_dir /home/afmondra/zephyr-course
  obj_dir      None
  gcda_fname   ../../../twister-out/native_sim_native/host/homework.unit.ring_buf/zephyr/kernel/CMakeFiles/kernel.dir/system_work_q.c.gcno
  --> fname    /home/afmondra/deps/zephyr/kernel/system_work_q.c
(DEBUG) Check if /home/afmondra/deps/zephyr/kernel/system_work_q.c is included...
(DEBUG)   No filter matched.
(DEBUG) Processing file: /home/afmondra/zephyr-course/twister-out/native_sim_native/host/homework.unit.ring_buf/zephyr/kernel/CMakeFiles/kernel.dir/thread.c.gcda
(DEBUG) Running gcov: 'gcov /home/afmondra/zephyr-course/twister-out/native_sim_native/host/homework.unit.ring_buf/zephyr/kernel/CMakeFiles/kernel.dir/thread.c.gcda --branch-counts --branch-probabilities --all-blocks --demangled-names --hash-filenames --object-directory ../../../twister-out/native_sim_native/host/homework.unit.ring_buf/zephyr/kernel/CMakeFiles/kernel.dir' in '/home/afmondra/zephyr-course/app/modules/ring_buf'
(DEBUG) GCOV return code was 0, stdout was:
File '/home/afmondra/deps/zephyr/kernel/thread.c'
Lines executed:48.54% of 103
Branches executed:45.45% of 44
Taken at least once:27.27% of 44
Calls executed:37.93% of 29
Creating 'thread.c##830a11e57143d7b495b013660e591675.gcov'

File '/home/afmondra/deps/zephyr/include/zephyr/logging/log_msg.h'
Lines executed:0.00% of 5
No branches
Calls executed:0.00% of 1
Creating 'log_msg.h##79b8d5e6c50f02645efdf4e980ac5492.gcov'

File '/home/afmondra/deps/zephyr/kernel/include/wait_q.h'
Lines executed:100.00% of 3
No branches
Calls executed:100.00% of 1
Creating 'wait_q.h##7d194b64851e991ac75a7d3dbc9cc4b5.gcov'

File '/home/afmondra/deps/zephyr/kernel/include/kthread.h'
Lines executed:16.67% of 12
Branches executed:0.00% of 2
Taken at least once:0.00% of 2
Calls executed:0.00% of 2
Creating 'kthread.h##f5ac6029d1fd819fb88ff662c28cfe33.gcov'

File '/home/afmondra/deps/zephyr/kernel/include/timeout_q.h'
Lines executed:75.00% of 8
No branches
Calls executed:66.67% of 3
Creating 'timeout_q.h##0019aefc9ed6cdad0bdd6ed43d40cc99.gcov'

File '/home/afmondra/deps/zephyr/arch/posix/include/kernel_arch_func.h'
Lines executed:100.00% of 2
No branches
No calls
Creating 'kernel_arch_func.h##379cf6a4b0e9931ee2a0b5e22a6341aa.gcov'

File '/home/afmondra/zephyr-course/twister-out/native_sim_native/host/homework.unit.ring_buf/zephyr/include/generated/zephyr/syscalls/kernel.h'
Lines executed:0.00% of 4
No branches
Calls executed:0.00% of 2
Creating 'kernel.h##13f2e6a4c33f57e7946f4cdd024701bf.gcov'

File '/home/afmondra/deps/zephyr/include/zephyr/kernel.h'
Lines executed:0.00% of 3
No branches
Calls executed:0.00% of 1
Creating 'kernel.h##6b0baf6c49afefbfab07edb7166fdce2.gcov'

File '/home/afmondra/deps/zephyr/include/zephyr/kernel/thread_stack.h'
Lines executed:100.00% of 2
No branches
No calls
Creating 'thread_stack.h##c38a38ee42d801f914300e7c98316e4e.gcov'

File '/home/afmondra/deps/zephyr/include/zephyr/sys/dlist.h'
Lines executed:100.00% of 8
No branches
No calls
Creating 'dlist.h##a327e4cc11655394ebace39a0dfd33dd.gcov'

Lines executed:48.67% of 150
<<, stderr was:
<<
(DEBUG) Check if thread.c##830a11e57143d7b495b013660e591675.gcov is included...
(DEBUG) Check if log_msg.h##79b8d5e6c50f02645efdf4e980ac5492.gcov is included...
(DEBUG) Check if wait_q.h##7d194b64851e991ac75a7d3dbc9cc4b5.gcov is included...
(DEBUG) Check if kthread.h##f5ac6029d1fd819fb88ff662c28cfe33.gcov is included...
(DEBUG) Check if timeout_q.h##0019aefc9ed6cdad0bdd6ed43d40cc99.gcov is included...
(DEBUG) Check if kernel_arch_func.h##379cf6a4b0e9931ee2a0b5e22a6341aa.gcov is included...
(DEBUG) Check if kernel.h##13f2e6a4c33f57e7946f4cdd024701bf.gcov is included...
(DEBUG) Check if kernel.h##6b0baf6c49afefbfab07edb7166fdce2.gcov is included...
(DEBUG) Check if thread_stack.h##c38a38ee42d801f914300e7c98316e4e.gcov is included...
(DEBUG) Check if dlist.h##a327e4cc11655394ebace39a0dfd33dd.gcov is included...
(DEBUG) Finding source file corresponding to a gcov data file
  gcov_fname   /home/afmondra/zephyr-course/app/modules/ring_buf/timeout_q.h##0019aefc9ed6cdad0bdd6ed43d40cc99.gcov
  current_dir  /home/afmondra/zephyr-course/app/modules/ring_buf
  root         /home/afmondra/zephyr-course/app/modules/ring_buf
  starting_dir /home/afmondra/zephyr-course
  obj_dir      None
  gcda_fname   ../../../twister-out/native_sim_native/host/homework.unit.ring_buf/zephyr/kernel/CMakeFiles/kernel.dir/thread.c.gcda
  --> fname    /home/afmondra/deps/zephyr/kernel/include/timeout_q.h
(DEBUG) Check if /home/afmondra/deps/zephyr/kernel/include/timeout_q.h is included...
(DEBUG)   No filter matched.
(DEBUG) Finding source file corresponding to a gcov data file
  gcov_fname   /home/afmondra/zephyr-course/app/modules/ring_buf/kernel.h##13f2e6a4c33f57e7946f4cdd024701bf.gcov
  current_dir  /home/afmondra/zephyr-course/app/modules/ring_buf
  root         /home/afmondra/zephyr-course/app/modules/ring_buf
  starting_dir /home/afmondra/zephyr-course
  obj_dir      None
  gcda_fname   ../../../twister-out/native_sim_native/host/homework.unit.ring_buf/zephyr/kernel/CMakeFiles/kernel.dir/thread.c.gcda
  --> fname    /home/afmondra/zephyr-course/twister-out/native_sim_native/host/homework.unit.ring_buf/zephyr/include/generated/zephyr/syscalls/kernel.h
(DEBUG) Check if /home/afmondra/zephyr-course/twister-out/native_sim_native/host/homework.unit.ring_buf/zephyr/include/generated/zephyr/syscalls/kernel.h is included...
(DEBUG)   No filter matched.
(DEBUG) Finding source file corresponding to a gcov data file
  gcov_fname   /home/afmondra/zephyr-course/app/modules/ring_buf/wait_q.h##7d194b64851e991ac75a7d3dbc9cc4b5.gcov
  current_dir  /home/afmondra/zephyr-course/app/modules/ring_buf
  root         /home/afmondra/zephyr-course/app/modules/ring_buf
  starting_dir /home/afmondra/zephyr-course
  obj_dir      None
  gcda_fname   ../../../twister-out/native_sim_native/host/homework.unit.ring_buf/zephyr/kernel/CMakeFiles/kernel.dir/thread.c.gcda
  --> fname    /home/afmondra/deps/zephyr/kernel/include/wait_q.h
(DEBUG) Check if /home/afmondra/deps/zephyr/kernel/include/wait_q.h is included...
(DEBUG)   No filter matched.
(DEBUG) Finding source file corresponding to a gcov data file
  gcov_fname   /home/afmondra/zephyr-course/app/modules/ring_buf/kernel.h##6b0baf6c49afefbfab07edb7166fdce2.gcov
  current_dir  /home/afmondra/zephyr-course/app/modules/ring_buf
  root         /home/afmondra/zephyr-course/app/modules/ring_buf
  starting_dir /home/afmondra/zephyr-course
  obj_dir      None
  gcda_fname   ../../../twister-out/native_sim_native/host/homework.unit.ring_buf/zephyr/kernel/CMakeFiles/kernel.dir/thread.c.gcda
  --> fname    /home/afmondra/deps/zephyr/include/zephyr/kernel.h
(DEBUG) Check if /home/afmondra/deps/zephyr/include/zephyr/kernel.h is included...
(DEBUG)   No filter matched.
(DEBUG) Finding source file corresponding to a gcov data file
  gcov_fname   /home/afmondra/zephyr-course/app/modules/ring_buf/thread_stack.h##c38a38ee42d801f914300e7c98316e4e.gcov
  current_dir  /home/afmondra/zephyr-course/app/modules/ring_buf
  root         /home/afmondra/zephyr-course/app/modules/ring_buf
  starting_dir /home/afmondra/zephyr-course
  obj_dir      None
  gcda_fname   ../../../twister-out/native_sim_native/host/homework.unit.ring_buf/zephyr/kernel/CMakeFiles/kernel.dir/thread.c.gcda
  --> fname    /home/afmondra/deps/zephyr/include/zephyr/kernel/thread_stack.h
(DEBUG) Check if /home/afmondra/deps/zephyr/include/zephyr/kernel/thread_stack.h is included...
(DEBUG)   No filter matched.
(DEBUG) Finding source file corresponding to a gcov data file
  gcov_fname   /home/afmondra/zephyr-course/app/modules/ring_buf/thread.c##830a11e57143d7b495b013660e591675.gcov
  current_dir  /home/afmondra/zephyr-course/app/modules/ring_buf
  root         /home/afmondra/zephyr-course/app/modules/ring_buf
  starting_dir /home/afmondra/zephyr-course
  obj_dir      None
  gcda_fname   ../../../twister-out/native_sim_native/host/homework.unit.ring_buf/zephyr/kernel/CMakeFiles/kernel.dir/thread.c.gcda
  --> fname    /home/afmondra/deps/zephyr/kernel/thread.c
(DEBUG) Check if /home/afmondra/deps/zephyr/kernel/thread.c is included...
(DEBUG)   No filter matched.
(DEBUG) Finding source file corresponding to a gcov data file
  gcov_fname   /home/afmondra/zephyr-course/app/modules/ring_buf/kthread.h##f5ac6029d1fd819fb88ff662c28cfe33.gcov
  current_dir  /home/afmondra/zephyr-course/app/modules/ring_buf
  root         /home/afmondra/zephyr-course/app/modules/ring_buf
  starting_dir /home/afmondra/zephyr-course
  obj_dir      None
  gcda_fname   ../../../twister-out/native_sim_native/host/homework.unit.ring_buf/zephyr/kernel/CMakeFiles/kernel.dir/thread.c.gcda
  --> fname    /home/afmondra/deps/zephyr/kernel/include/kthread.h
(DEBUG) Check if /home/afmondra/deps/zephyr/kernel/include/kthread.h is included...
(DEBUG)   No filter matched.
(DEBUG) Finding source file corresponding to a gcov data file
  gcov_fname   /home/afmondra/zephyr-course/app/modules/ring_buf/log_msg.h##79b8d5e6c50f02645efdf4e980ac5492.gcov
  current_dir  /home/afmondra/zephyr-course/app/modules/ring_buf
  root         /home/afmondra/zephyr-course/app/modules/ring_buf
  starting_dir /home/afmondra/zephyr-course
  obj_dir      None
  gcda_fname   ../../../twister-out/native_sim_native/host/homework.unit.ring_buf/zephyr/kernel/CMakeFiles/kernel.dir/thread.c.gcda
  --> fname    /home/afmondra/deps/zephyr/include/zephyr/logging/log_msg.h
(DEBUG) Check if /home/afmondra/deps/zephyr/include/zephyr/logging/log_msg.h is included...
(DEBUG)   No filter matched.
(DEBUG) Finding source file corresponding to a gcov data file
  gcov_fname   /home/afmondra/zephyr-course/app/modules/ring_buf/kernel_arch_func.h##379cf6a4b0e9931ee2a0b5e22a6341aa.gcov
  current_dir  /home/afmondra/zephyr-course/app/modules/ring_buf
  root         /home/afmondra/zephyr-course/app/modules/ring_buf
  starting_dir /home/afmondra/zephyr-course
  obj_dir      None
  gcda_fname   ../../../twister-out/native_sim_native/host/homework.unit.ring_buf/zephyr/kernel/CMakeFiles/kernel.dir/thread.c.gcda
  --> fname    /home/afmondra/deps/zephyr/arch/posix/include/kernel_arch_func.h
(DEBUG) Check if /home/afmondra/deps/zephyr/arch/posix/include/kernel_arch_func.h is included...
(DEBUG)   No filter matched.
(DEBUG) Finding source file corresponding to a gcov data file
  gcov_fname   /home/afmondra/zephyr-course/app/modules/ring_buf/dlist.h##a327e4cc11655394ebace39a0dfd33dd.gcov
  current_dir  /home/afmondra/zephyr-course/app/modules/ring_buf
  root         /home/afmondra/zephyr-course/app/modules/ring_buf
  starting_dir /home/afmondra/zephyr-course
  obj_dir      None
  gcda_fname   ../../../twister-out/native_sim_native/host/homework.unit.ring_buf/zephyr/kernel/CMakeFiles/kernel.dir/thread.c.gcda
  --> fname    /home/afmondra/deps/zephyr/include/zephyr/sys/dlist.h
(DEBUG) Check if /home/afmondra/deps/zephyr/include/zephyr/sys/dlist.h is included...
(DEBUG)   No filter matched.
(DEBUG) Processing file: /home/afmondra/zephyr-course/twister-out/native_sim_native/host/homework.unit.ring_buf/zephyr/kernel/CMakeFiles/kernel.dir/timeout.c.gcda
(DEBUG) Running gcov: 'gcov /home/afmondra/zephyr-course/twister-out/native_sim_native/host/homework.unit.ring_buf/zephyr/kernel/CMakeFiles/kernel.dir/timeout.c.gcda --branch-counts --branch-probabilities --all-blocks --demangled-names --hash-filenames --object-directory ../../../twister-out/native_sim_native/host/homework.unit.ring_buf/zephyr/kernel/CMakeFiles/kernel.dir' in '/home/afmondra/zephyr-course/app/modules/ring_buf'
(DEBUG) GCOV return code was 0, stdout was:
File '/home/afmondra/deps/zephyr/kernel/timeout.c'
Lines executed:35.25% of 139
Branches executed:47.06% of 68
Taken at least once:29.41% of 68
Calls executed:34.72% of 72
Creating 'timeout.c##a29772572a238e91b64f29ea26b52cc4.gcov'

File '/home/afmondra/deps/zephyr/kernel/include/timeout_q.h'
Lines executed:0.00% of 2
No branches
Calls executed:0.00% of 1
Creating 'timeout_q.h##0019aefc9ed6cdad0bdd6ed43d40cc99.gcov'

File '/home/afmondra/deps/zephyr/include/zephyr/spinlock.h'
Lines executed:100.00% of 18
Branches executed:100.00% of 6
Taken at least once:50.00% of 6
Calls executed:31.82% of 22
Creating 'spinlock.h##0907215eaec88fd477ba521e3409787d.gcov'

File '/home/afmondra/deps/zephyr/include/zephyr/arch/posix/arch.h'
Lines executed:100.00% of 5
No branches
Calls executed:100.00% of 2
Creating 'arch.h##eee3095deeb51a158c6bb5ded542fa59.gcov'

File '/home/afmondra/deps/zephyr/include/zephyr/sys/dlist.h'
Lines executed:80.00% of 35
Branches executed:100.00% of 6
Taken at least once:66.67% of 6
Calls executed:100.00% of 3
Creating 'dlist.h##a327e4cc11655394ebace39a0dfd33dd.gcov'

Lines executed:50.25% of 199
<<, stderr was:
<<
(DEBUG) Check if timeout.c##a29772572a238e91b64f29ea26b52cc4.gcov is included...
(DEBUG) Check if timeout_q.h##0019aefc9ed6cdad0bdd6ed43d40cc99.gcov is included...
(DEBUG) Check if spinlock.h##0907215eaec88fd477ba521e3409787d.gcov is included...
(DEBUG) Check if arch.h##eee3095deeb51a158c6bb5ded542fa59.gcov is included...
(DEBUG) Check if dlist.h##a327e4cc11655394ebace39a0dfd33dd.gcov is included...
(DEBUG) Finding source file corresponding to a gcov data file
  gcov_fname   /home/afmondra/zephyr-course/app/modules/ring_buf/arch.h##eee3095deeb51a158c6bb5ded542fa59.gcov
  current_dir  /home/afmondra/zephyr-course/app/modules/ring_buf
  root         /home/afmondra/zephyr-course/app/modules/ring_buf
  starting_dir /home/afmondra/zephyr-course
  obj_dir      None
  gcda_fname   ../../../twister-out/native_sim_native/host/homework.unit.ring_buf/zephyr/kernel/CMakeFiles/kernel.dir/timeout.c.gcda
  --> fname    /home/afmondra/deps/zephyr/include/zephyr/arch/posix/arch.h
(DEBUG) Check if /home/afmondra/deps/zephyr/include/zephyr/arch/posix/arch.h is included...
(DEBUG)   No filter matched.
(DEBUG) Finding source file corresponding to a gcov data file
  gcov_fname   /home/afmondra/zephyr-course/app/modules/ring_buf/timeout_q.h##0019aefc9ed6cdad0bdd6ed43d40cc99.gcov
  current_dir  /home/afmondra/zephyr-course/app/modules/ring_buf
  root         /home/afmondra/zephyr-course/app/modules/ring_buf
  starting_dir /home/afmondra/zephyr-course
  obj_dir      None
  gcda_fname   ../../../twister-out/native_sim_native/host/homework.unit.ring_buf/zephyr/kernel/CMakeFiles/kernel.dir/timeout.c.gcda
  --> fname    /home/afmondra/deps/zephyr/kernel/include/timeout_q.h
(DEBUG) Check if /home/afmondra/deps/zephyr/kernel/include/timeout_q.h is included...
(DEBUG)   No filter matched.
(DEBUG) Finding source file corresponding to a gcov data file
  gcov_fname   /home/afmondra/zephyr-course/app/modules/ring_buf/spinlock.h##0907215eaec88fd477ba521e3409787d.gcov
  current_dir  /home/afmondra/zephyr-course/app/modules/ring_buf
  root         /home/afmondra/zephyr-course/app/modules/ring_buf
  starting_dir /home/afmondra/zephyr-course
  obj_dir      None
  gcda_fname   ../../../twister-out/native_sim_native/host/homework.unit.ring_buf/zephyr/kernel/CMakeFiles/kernel.dir/timeout.c.gcda
  --> fname    /home/afmondra/deps/zephyr/include/zephyr/spinlock.h
(DEBUG) Check if /home/afmondra/deps/zephyr/include/zephyr/spinlock.h is included...
(DEBUG)   No filter matched.
(DEBUG) Finding source file corresponding to a gcov data file
  gcov_fname   /home/afmondra/zephyr-course/app/modules/ring_buf/timeout.c##a29772572a238e91b64f29ea26b52cc4.gcov
  current_dir  /home/afmondra/zephyr-course/app/modules/ring_buf
  root         /home/afmondra/zephyr-course/app/modules/ring_buf
  starting_dir /home/afmondra/zephyr-course
  obj_dir      None
  gcda_fname   ../../../twister-out/native_sim_native/host/homework.unit.ring_buf/zephyr/kernel/CMakeFiles/kernel.dir/timeout.c.gcda
  --> fname    /home/afmondra/deps/zephyr/kernel/timeout.c
(DEBUG) Check if /home/afmondra/deps/zephyr/kernel/timeout.c is included...
(DEBUG)   No filter matched.
(DEBUG) Finding source file corresponding to a gcov data file
  gcov_fname   /home/afmondra/zephyr-course/app/modules/ring_buf/dlist.h##a327e4cc11655394ebace39a0dfd33dd.gcov
  current_dir  /home/afmondra/zephyr-course/app/modules/ring_buf
  root         /home/afmondra/zephyr-course/app/modules/ring_buf
  starting_dir /home/afmondra/zephyr-course
  obj_dir      None
  gcda_fname   ../../../twister-out/native_sim_native/host/homework.unit.ring_buf/zephyr/kernel/CMakeFiles/kernel.dir/timeout.c.gcda
  --> fname    /home/afmondra/deps/zephyr/include/zephyr/sys/dlist.h
(DEBUG) Check if /home/afmondra/deps/zephyr/include/zephyr/sys/dlist.h is included...
(DEBUG)   No filter matched.
(DEBUG) Processing file: /home/afmondra/zephyr-course/twister-out/native_sim_native/host/homework.unit.ring_buf/zephyr/kernel/CMakeFiles/kernel.dir/timer.c.gcda
(DEBUG) Running gcov: 'gcov /home/afmondra/zephyr-course/twister-out/native_sim_native/host/homework.unit.ring_buf/zephyr/kernel/CMakeFiles/kernel.dir/timer.c.gcda --branch-counts --branch-probabilities --all-blocks --demangled-names --hash-filenames --object-directory ../../../twister-out/native_sim_native/host/homework.unit.ring_buf/zephyr/kernel/CMakeFiles/kernel.dir' in '/home/afmondra/zephyr-course/app/modules/ring_buf'
(DEBUG) GCOV return code was 0, stdout was:
File '/home/afmondra/deps/zephyr/kernel/timer.c'
Lines executed:0.00% of 75
Branches executed:0.00% of 30
Taken at least once:0.00% of 30
Calls executed:0.00% of 42
Creating 'timer.c##595565c90eddd6d061ffab445ea1e81e.gcov'

File '/home/afmondra/deps/zephyr/kernel/include/wait_q.h'
Lines executed:0.00% of 5
No branches
Calls executed:0.00% of 2
Creating 'wait_q.h##7d194b64851e991ac75a7d3dbc9cc4b5.gcov'

File '/home/afmondra/deps/zephyr/kernel/include/ksched.h'
Lines executed:0.00% of 3
No branches
Calls executed:0.00% of 2
Creating 'ksched.h##66840255ea5d90e8133169214ef7589d.gcov'

File '/home/afmondra/deps/zephyr/kernel/include/timeout_q.h'
Lines executed:0.00% of 5
No branches
Calls executed:0.00% of 2
Creating 'timeout_q.h##0019aefc9ed6cdad0bdd6ed43d40cc99.gcov'

File '/home/afmondra/deps/zephyr/arch/posix/include/kernel_arch_func.h'
Lines executed:0.00% of 5
No branches
No calls
Creating 'kernel_arch_func.h##379cf6a4b0e9931ee2a0b5e22a6341aa.gcov'

File '/home/afmondra/zephyr-course/twister-out/native_sim_native/host/homework.unit.ring_buf/zephyr/include/generated/zephyr/syscalls/kernel.h'
Lines executed:0.00% of 3
No branches
Calls executed:0.00% of 2
Creating 'kernel.h##13f2e6a4c33f57e7946f4cdd024701bf.gcov'

File '/home/afmondra/deps/zephyr/include/zephyr/sys/internal/kobject_internal.h'
Lines executed:0.00% of 2
No branches
No calls
Creating 'kobject_internal.h##7fc8757d0ace3c199ecb77726040aa27.gcov'

File '/home/afmondra/deps/zephyr/include/zephyr/spinlock.h'
Lines executed:0.00% of 15
Branches executed:0.00% of 4
Taken at least once:0.00% of 4
Calls executed:0.00% of 17
Creating 'spinlock.h##0907215eaec88fd477ba521e3409787d.gcov'

File '/home/afmondra/deps/zephyr/include/zephyr/arch/posix/arch.h'
Lines executed:0.00% of 5
No branches
Calls executed:0.00% of 2
Creating 'arch.h##eee3095deeb51a158c6bb5ded542fa59.gcov'

File '/home/afmondra/deps/zephyr/include/zephyr/sys/dlist.h'
Lines executed:0.00% of 14
Branches executed:0.00% of 2
Taken at least once:0.00% of 2
Calls executed:0.00% of 1
Creating 'dlist.h##a327e4cc11655394ebace39a0dfd33dd.gcov'

Lines executed:0.00% of 132
<<, stderr was:
<<
(DEBUG) Check if timer.c##595565c90eddd6d061ffab445ea1e81e.gcov is included...
(DEBUG) Check if wait_q.h##7d194b64851e991ac75a7d3dbc9cc4b5.gcov is included...
(DEBUG) Check if ksched.h##66840255ea5d90e8133169214ef7589d.gcov is included...
(DEBUG) Check if timeout_q.h##0019aefc9ed6cdad0bdd6ed43d40cc99.gcov is included...
(DEBUG) Check if kernel_arch_func.h##379cf6a4b0e9931ee2a0b5e22a6341aa.gcov is included...
(DEBUG) Check if kernel.h##13f2e6a4c33f57e7946f4cdd024701bf.gcov is included...
(DEBUG) Check if kobject_internal.h##7fc8757d0ace3c199ecb77726040aa27.gcov is included...
(DEBUG) Check if spinlock.h##0907215eaec88fd477ba521e3409787d.gcov is included...
(DEBUG) Check if arch.h##eee3095deeb51a158c6bb5ded542fa59.gcov is included...
(DEBUG) Check if dlist.h##a327e4cc11655394ebace39a0dfd33dd.gcov is included...
(DEBUG) Finding source file corresponding to a gcov data file
  gcov_fname   /home/afmondra/zephyr-course/app/modules/ring_buf/timer.c##595565c90eddd6d061ffab445ea1e81e.gcov
  current_dir  /home/afmondra/zephyr-course/app/modules/ring_buf
  root         /home/afmondra/zephyr-course/app/modules/ring_buf
  starting_dir /home/afmondra/zephyr-course
  obj_dir      None
  gcda_fname   ../../../twister-out/native_sim_native/host/homework.unit.ring_buf/zephyr/kernel/CMakeFiles/kernel.dir/timer.c.gcda
  --> fname    /home/afmondra/deps/zephyr/kernel/timer.c
(DEBUG) Check if /home/afmondra/deps/zephyr/kernel/timer.c is included...
(DEBUG)   No filter matched.
(DEBUG) Finding source file corresponding to a gcov data file
  gcov_fname   /home/afmondra/zephyr-course/app/modules/ring_buf/arch.h##eee3095deeb51a158c6bb5ded542fa59.gcov
  current_dir  /home/afmondra/zephyr-course/app/modules/ring_buf
  root         /home/afmondra/zephyr-course/app/modules/ring_buf
  starting_dir /home/afmondra/zephyr-course
  obj_dir      None
  gcda_fname   ../../../twister-out/native_sim_native/host/homework.unit.ring_buf/zephyr/kernel/CMakeFiles/kernel.dir/timer.c.gcda
  --> fname    /home/afmondra/deps/zephyr/include/zephyr/arch/posix/arch.h
(DEBUG) Check if /home/afmondra/deps/zephyr/include/zephyr/arch/posix/arch.h is included...
(DEBUG)   No filter matched.
(DEBUG) Finding source file corresponding to a gcov data file
  gcov_fname   /home/afmondra/zephyr-course/app/modules/ring_buf/timeout_q.h##0019aefc9ed6cdad0bdd6ed43d40cc99.gcov
  current_dir  /home/afmondra/zephyr-course/app/modules/ring_buf
  root         /home/afmondra/zephyr-course/app/modules/ring_buf
  starting_dir /home/afmondra/zephyr-course
  obj_dir      None
  gcda_fname   ../../../twister-out/native_sim_native/host/homework.unit.ring_buf/zephyr/kernel/CMakeFiles/kernel.dir/timer.c.gcda
  --> fname    /home/afmondra/deps/zephyr/kernel/include/timeout_q.h
(DEBUG) Check if /home/afmondra/deps/zephyr/kernel/include/timeout_q.h is included...
(DEBUG)   No filter matched.
(DEBUG) Finding source file corresponding to a gcov data file
  gcov_fname   /home/afmondra/zephyr-course/app/modules/ring_buf/kernel.h##13f2e6a4c33f57e7946f4cdd024701bf.gcov
  current_dir  /home/afmondra/zephyr-course/app/modules/ring_buf
  root         /home/afmondra/zephyr-course/app/modules/ring_buf
  starting_dir /home/afmondra/zephyr-course
  obj_dir      None
  gcda_fname   ../../../twister-out/native_sim_native/host/homework.unit.ring_buf/zephyr/kernel/CMakeFiles/kernel.dir/timer.c.gcda
  --> fname    /home/afmondra/zephyr-course/twister-out/native_sim_native/host/homework.unit.ring_buf/zephyr/include/generated/zephyr/syscalls/kernel.h
(DEBUG) Check if /home/afmondra/zephyr-course/twister-out/native_sim_native/host/homework.unit.ring_buf/zephyr/include/generated/zephyr/syscalls/kernel.h is included...
(DEBUG)   No filter matched.
(DEBUG) Finding source file corresponding to a gcov data file
  gcov_fname   /home/afmondra/zephyr-course/app/modules/ring_buf/spinlock.h##0907215eaec88fd477ba521e3409787d.gcov
  current_dir  /home/afmondra/zephyr-course/app/modules/ring_buf
  root         /home/afmondra/zephyr-course/app/modules/ring_buf
  starting_dir /home/afmondra/zephyr-course
  obj_dir      None
  gcda_fname   ../../../twister-out/native_sim_native/host/homework.unit.ring_buf/zephyr/kernel/CMakeFiles/kernel.dir/timer.c.gcda
  --> fname    /home/afmondra/deps/zephyr/include/zephyr/spinlock.h
(DEBUG) Check if /home/afmondra/deps/zephyr/include/zephyr/spinlock.h is included...
(DEBUG)   No filter matched.
(DEBUG) Finding source file corresponding to a gcov data file
  gcov_fname   /home/afmondra/zephyr-course/app/modules/ring_buf/ksched.h##66840255ea5d90e8133169214ef7589d.gcov
  current_dir  /home/afmondra/zephyr-course/app/modules/ring_buf
  root         /home/afmondra/zephyr-course/app/modules/ring_buf
  starting_dir /home/afmondra/zephyr-course
  obj_dir      None
  gcda_fname   ../../../twister-out/native_sim_native/host/homework.unit.ring_buf/zephyr/kernel/CMakeFiles/kernel.dir/timer.c.gcda
  --> fname    /home/afmondra/deps/zephyr/kernel/include/ksched.h
(DEBUG) Check if /home/afmondra/deps/zephyr/kernel/include/ksched.h is included...
(DEBUG)   No filter matched.
(DEBUG) Finding source file corresponding to a gcov data file
  gcov_fname   /home/afmondra/zephyr-course/app/modules/ring_buf/wait_q.h##7d194b64851e991ac75a7d3dbc9cc4b5.gcov
  current_dir  /home/afmondra/zephyr-course/app/modules/ring_buf
  root         /home/afmondra/zephyr-course/app/modules/ring_buf
  starting_dir /home/afmondra/zephyr-course
  obj_dir      None
  gcda_fname   ../../../twister-out/native_sim_native/host/homework.unit.ring_buf/zephyr/kernel/CMakeFiles/kernel.dir/timer.c.gcda
  --> fname    /home/afmondra/deps/zephyr/kernel/include/wait_q.h
(DEBUG) Check if /home/afmondra/deps/zephyr/kernel/include/wait_q.h is included...
(DEBUG)   No filter matched.
(DEBUG) Finding source file corresponding to a gcov data file
  gcov_fname   /home/afmondra/zephyr-course/app/modules/ring_buf/kobject_internal.h##7fc8757d0ace3c199ecb77726040aa27.gcov
  current_dir  /home/afmondra/zephyr-course/app/modules/ring_buf
  root         /home/afmondra/zephyr-course/app/modules/ring_buf
  starting_dir /home/afmondra/zephyr-course
  obj_dir      None
  gcda_fname   ../../../twister-out/native_sim_native/host/homework.unit.ring_buf/zephyr/kernel/CMakeFiles/kernel.dir/timer.c.gcda
  --> fname    /home/afmondra/deps/zephyr/include/zephyr/sys/internal/kobject_internal.h
(DEBUG) Check if /home/afmondra/deps/zephyr/include/zephyr/sys/internal/kobject_internal.h is included...
(DEBUG)   No filter matched.
(DEBUG) Finding source file corresponding to a gcov data file
  gcov_fname   /home/afmondra/zephyr-course/app/modules/ring_buf/kernel_arch_func.h##379cf6a4b0e9931ee2a0b5e22a6341aa.gcov
  current_dir  /home/afmondra/zephyr-course/app/modules/ring_buf
  root         /home/afmondra/zephyr-course/app/modules/ring_buf
  starting_dir /home/afmondra/zephyr-course
  obj_dir      None
  gcda_fname   ../../../twister-out/native_sim_native/host/homework.unit.ring_buf/zephyr/kernel/CMakeFiles/kernel.dir/timer.c.gcda
  --> fname    /home/afmondra/deps/zephyr/arch/posix/include/kernel_arch_func.h
(DEBUG) Check if /home/afmondra/deps/zephyr/arch/posix/include/kernel_arch_func.h is included...
(DEBUG)   No filter matched.
(DEBUG) Finding source file corresponding to a gcov data file
  gcov_fname   /home/afmondra/zephyr-course/app/modules/ring_buf/dlist.h##a327e4cc11655394ebace39a0dfd33dd.gcov
  current_dir  /home/afmondra/zephyr-course/app/modules/ring_buf
  root         /home/afmondra/zephyr-course/app/modules/ring_buf
  starting_dir /home/afmondra/zephyr-course
  obj_dir      None
  gcda_fname   ../../../twister-out/native_sim_native/host/homework.unit.ring_buf/zephyr/kernel/CMakeFiles/kernel.dir/timer.c.gcda
  --> fname    /home/afmondra/deps/zephyr/include/zephyr/sys/dlist.h
(DEBUG) Check if /home/afmondra/deps/zephyr/include/zephyr/sys/dlist.h is included...
(DEBUG)   No filter matched.
(DEBUG) Processing file: /home/afmondra/zephyr-course/twister-out/native_sim_native/host/homework.unit.ring_buf/zephyr/kernel/CMakeFiles/kernel.dir/timeslicing.c.gcda
(DEBUG) Running gcov: 'gcov /home/afmondra/zephyr-course/twister-out/native_sim_native/host/homework.unit.ring_buf/zephyr/kernel/CMakeFiles/kernel.dir/timeslicing.c.gcda --branch-counts --branch-probabilities --all-blocks --demangled-names --hash-filenames --object-directory ../../../twister-out/native_sim_native/host/homework.unit.ring_buf/zephyr/kernel/CMakeFiles/kernel.dir' in '/home/afmondra/zephyr-course/app/modules/ring_buf'
(DEBUG) GCOV return code was 0, stdout was:
File '/home/afmondra/deps/zephyr/kernel/timeslicing.c'
Lines executed:47.37% of 38
Branches executed:40.00% of 30
Taken at least once:26.67% of 30
Calls executed:39.13% of 23
Creating 'timeslicing.c##d9bb75c5e1595b479d73fe40b3e5c9a8.gcov'

File '/home/afmondra/deps/zephyr/kernel/include/ksched.h'
Lines executed:100.00% of 4
No branches
Calls executed:100.00% of 1
Creating 'ksched.h##66840255ea5d90e8133169214ef7589d.gcov'

File '/home/afmondra/deps/zephyr/kernel/include/kthread.h'
Lines executed:100.00% of 8
No branches
No calls
Creating 'kthread.h##f5ac6029d1fd819fb88ff662c28cfe33.gcov'

File '/home/afmondra/deps/zephyr/include/zephyr/spinlock.h'
Lines executed:0.00% of 18
Branches executed:0.00% of 6
Taken at least once:0.00% of 6
Calls executed:0.00% of 22
Creating 'spinlock.h##0907215eaec88fd477ba521e3409787d.gcov'

File '/home/afmondra/deps/zephyr/include/zephyr/arch/posix/arch.h'
Lines executed:0.00% of 5
No branches
Calls executed:0.00% of 2
Creating 'arch.h##eee3095deeb51a158c6bb5ded542fa59.gcov'

Lines executed:41.10% of 73
<<, stderr was:
<<
(DEBUG) Check if timeslicing.c##d9bb75c5e1595b479d73fe40b3e5c9a8.gcov is included...
(DEBUG) Check if ksched.h##66840255ea5d90e8133169214ef7589d.gcov is included...
(DEBUG) Check if kthread.h##f5ac6029d1fd819fb88ff662c28cfe33.gcov is included...
(DEBUG) Check if spinlock.h##0907215eaec88fd477ba521e3409787d.gcov is included...
(DEBUG) Check if arch.h##eee3095deeb51a158c6bb5ded542fa59.gcov is included...
(DEBUG) Finding source file corresponding to a gcov data file
  gcov_fname   /home/afmondra/zephyr-course/app/modules/ring_buf/arch.h##eee3095deeb51a158c6bb5ded542fa59.gcov
  current_dir  /home/afmondra/zephyr-course/app/modules/ring_buf
  root         /home/afmondra/zephyr-course/app/modules/ring_buf
  starting_dir /home/afmondra/zephyr-course
  obj_dir      None
  gcda_fname   ../../../twister-out/native_sim_native/host/homework.unit.ring_buf/zephyr/kernel/CMakeFiles/kernel.dir/timeslicing.c.gcda
  --> fname    /home/afmondra/deps/zephyr/include/zephyr/arch/posix/arch.h
(DEBUG) Check if /home/afmondra/deps/zephyr/include/zephyr/arch/posix/arch.h is included...
(DEBUG)   No filter matched.
(DEBUG) Finding source file corresponding to a gcov data file
  gcov_fname   /home/afmondra/zephyr-course/app/modules/ring_buf/spinlock.h##0907215eaec88fd477ba521e3409787d.gcov
  current_dir  /home/afmondra/zephyr-course/app/modules/ring_buf
  root         /home/afmondra/zephyr-course/app/modules/ring_buf
  starting_dir /home/afmondra/zephyr-course
  obj_dir      None
  gcda_fname   ../../../twister-out/native_sim_native/host/homework.unit.ring_buf/zephyr/kernel/CMakeFiles/kernel.dir/timeslicing.c.gcda
  --> fname    /home/afmondra/deps/zephyr/include/zephyr/spinlock.h
(DEBUG) Check if /home/afmondra/deps/zephyr/include/zephyr/spinlock.h is included...
(DEBUG)   No filter matched.
(DEBUG) Finding source file corresponding to a gcov data file
  gcov_fname   /home/afmondra/zephyr-course/app/modules/ring_buf/ksched.h##66840255ea5d90e8133169214ef7589d.gcov
  current_dir  /home/afmondra/zephyr-course/app/modules/ring_buf
  root         /home/afmondra/zephyr-course/app/modules/ring_buf
  starting_dir /home/afmondra/zephyr-course
  obj_dir      None
  gcda_fname   ../../../twister-out/native_sim_native/host/homework.unit.ring_buf/zephyr/kernel/CMakeFiles/kernel.dir/timeslicing.c.gcda
  --> fname    /home/afmondra/deps/zephyr/kernel/include/ksched.h
(DEBUG) Check if /home/afmondra/deps/zephyr/kernel/include/ksched.h is included...
(DEBUG)   No filter matched.
(DEBUG) Finding source file corresponding to a gcov data file
  gcov_fname   /home/afmondra/zephyr-course/app/modules/ring_buf/kthread.h##f5ac6029d1fd819fb88ff662c28cfe33.gcov
  current_dir  /home/afmondra/zephyr-course/app/modules/ring_buf
  root         /home/afmondra/zephyr-course/app/modules/ring_buf
  starting_dir /home/afmondra/zephyr-course
  obj_dir      None
  gcda_fname   ../../../twister-out/native_sim_native/host/homework.unit.ring_buf/zephyr/kernel/CMakeFiles/kernel.dir/timeslicing.c.gcda
  --> fname    /home/afmondra/deps/zephyr/kernel/include/kthread.h
(DEBUG) Check if /home/afmondra/deps/zephyr/kernel/include/kthread.h is included...
(DEBUG)   No filter matched.
(DEBUG) Finding source file corresponding to a gcov data file
  gcov_fname   /home/afmondra/zephyr-course/app/modules/ring_buf/timeslicing.c##d9bb75c5e1595b479d73fe40b3e5c9a8.gcov
  current_dir  /home/afmondra/zephyr-course/app/modules/ring_buf
  root         /home/afmondra/zephyr-course/app/modules/ring_buf
  starting_dir /home/afmondra/zephyr-course
  obj_dir      None
  gcda_fname   ../../../twister-out/native_sim_native/host/homework.unit.ring_buf/zephyr/kernel/CMakeFiles/kernel.dir/timeslicing.c.gcda
  --> fname    /home/afmondra/deps/zephyr/kernel/timeslicing.c
(DEBUG) Check if /home/afmondra/deps/zephyr/kernel/timeslicing.c is included...
(DEBUG)   No filter matched.
(DEBUG) Processing file: /home/afmondra/zephyr-course/twister-out/native_sim_native/host/homework.unit.ring_buf/zephyr/kernel/CMakeFiles/kernel.dir/version.c.gcno
(DEBUG) Running gcov: 'gcov /home/afmondra/zephyr-course/twister-out/native_sim_native/host/homework.unit.ring_buf/zephyr/kernel/CMakeFiles/kernel.dir/version.c.gcno --branch-counts --branch-probabilities --all-blocks --demangled-names --hash-filenames --object-directory ../../../twister-out/native_sim_native/host/homework.unit.ring_buf/zephyr/kernel/CMakeFiles/kernel.dir' in '/home/afmondra/zephyr-course/app/modules/ring_buf'
(DEBUG) GCOV return code was 0, stdout was:
File '/home/afmondra/deps/zephyr/kernel/version.c'
Lines executed:0.00% of 2
No branches
No calls
Creating 'version.c##6bf13f553c14bf816db730de0e2e1310.gcov'

Lines executed:0.00% of 2
<<, stderr was:
../../../twister-out/native_sim_native/host/homework.unit.ring_buf/zephyr/kernel/CMakeFiles/kernel.dir/version.c.gcda:cannot open data file, assuming not executed
<<
(DEBUG) Check if version.c##6bf13f553c14bf816db730de0e2e1310.gcov is included...
(DEBUG) Finding source file corresponding to a gcov data file
  gcov_fname   /home/afmondra/zephyr-course/app/modules/ring_buf/version.c##6bf13f553c14bf816db730de0e2e1310.gcov
  current_dir  /home/afmondra/zephyr-course/app/modules/ring_buf
  root         /home/afmondra/zephyr-course/app/modules/ring_buf
  starting_dir /home/afmondra/zephyr-course
  obj_dir      None
  gcda_fname   ../../../twister-out/native_sim_native/host/homework.unit.ring_buf/zephyr/kernel/CMakeFiles/kernel.dir/version.c.gcno
  --> fname    /home/afmondra/deps/zephyr/kernel/version.c
(DEBUG) Check if /home/afmondra/deps/zephyr/kernel/version.c is included...
(DEBUG)   No filter matched.
(DEBUG) Processing file: /home/afmondra/zephyr-course/twister-out/native_sim_native/host/homework.unit.ring_buf/zephyr/kernel/CMakeFiles/kernel.dir/work.c.gcno
(DEBUG) Running gcov: 'gcov /home/afmondra/zephyr-course/twister-out/native_sim_native/host/homework.unit.ring_buf/zephyr/kernel/CMakeFiles/kernel.dir/work.c.gcno --branch-counts --branch-probabilities --all-blocks --demangled-names --hash-filenames --object-directory ../../../twister-out/native_sim_native/host/homework.unit.ring_buf/zephyr/kernel/CMakeFiles/kernel.dir' in '/home/afmondra/zephyr-course/app/modules/ring_buf'
(DEBUG) GCOV return code was 0, stdout was:
File '/home/afmondra/deps/zephyr/kernel/work.c'
Lines executed:0.00% of 402
Branches executed:0.00% of 212
Taken at least once:0.00% of 212
Calls executed:0.00% of 341
Creating 'work.c##464b538cd1de14f3fd41f7127cd0bf90.gcov'

File '/home/afmondra/deps/zephyr/kernel/include/ksched.h'
Lines executed:0.00% of 8
Branches executed:0.00% of 2
Taken at least once:0.00% of 2
Calls executed:0.00% of 3
Creating 'ksched.h##66840255ea5d90e8133169214ef7589d.gcov'

File '/home/afmondra/deps/zephyr/kernel/include/wait_q.h'
Lines executed:0.00% of 3
No branches
Calls executed:0.00% of 1
Creating 'wait_q.h##7d194b64851e991ac75a7d3dbc9cc4b5.gcov'

File '/home/afmondra/deps/zephyr/kernel/include/timeout_q.h'
Lines executed:0.00% of 3
No branches
Calls executed:0.00% of 1
Creating 'timeout_q.h##0019aefc9ed6cdad0bdd6ed43d40cc99.gcov'

File '/home/afmondra/zephyr-course/twister-out/native_sim_native/host/homework.unit.ring_buf/zephyr/include/generated/zephyr/syscalls/kernel.h'
Lines executed:0.00% of 27
No branches
Calls executed:0.00% of 16
Creating 'kernel.h##13f2e6a4c33f57e7946f4cdd024701bf.gcov'

File '/home/afmondra/deps/zephyr/include/zephyr/kernel.h'
Lines executed:0.00% of 3
No branches
Calls executed:0.00% of 1
Creating 'kernel.h##6b0baf6c49afefbfab07edb7166fdce2.gcov'

File '/home/afmondra/deps/zephyr/include/zephyr/spinlock.h'
Lines executed:0.00% of 15
Branches executed:0.00% of 4
Taken at least once:0.00% of 4
Calls executed:0.00% of 17
Creating 'spinlock.h##0907215eaec88fd477ba521e3409787d.gcov'

File '/home/afmondra/deps/zephyr/include/zephyr/arch/posix/arch.h'
Lines executed:0.00% of 5
No branches
Calls executed:0.00% of 2
Creating 'arch.h##eee3095deeb51a158c6bb5ded542fa59.gcov'

File '/home/afmondra/deps/zephyr/include/zephyr/sys/slist.h'
Lines executed:0.00% of 29
Branches executed:0.00% of 24
Taken at least once:0.00% of 24
Calls executed:0.00% of 43
Creating 'slist.h##51ca74fb21b66782a830f7008bf83ae6.gcov'

File '/home/afmondra/deps/zephyr/include/zephyr/sys/dlist.h'
Lines executed:0.00% of 8
No branches
No calls
Creating 'dlist.h##a327e4cc11655394ebace39a0dfd33dd.gcov'

Lines executed:0.00% of 503
<<, stderr was:
../../../twister-out/native_sim_native/host/homework.unit.ring_buf/zephyr/kernel/CMakeFiles/kernel.dir/work.c.gcda:cannot open data file, assuming not executed
<<
(DEBUG) Check if work.c##464b538cd1de14f3fd41f7127cd0bf90.gcov is included...
(DEBUG) Check if ksched.h##66840255ea5d90e8133169214ef7589d.gcov is included...
(DEBUG) Check if wait_q.h##7d194b64851e991ac75a7d3dbc9cc4b5.gcov is included...
(DEBUG) Check if timeout_q.h##0019aefc9ed6cdad0bdd6ed43d40cc99.gcov is included...
(DEBUG) Check if kernel.h##13f2e6a4c33f57e7946f4cdd024701bf.gcov is included...
(DEBUG) Check if kernel.h##6b0baf6c49afefbfab07edb7166fdce2.gcov is included...
(DEBUG) Check if spinlock.h##0907215eaec88fd477ba521e3409787d.gcov is included...
(DEBUG) Check if arch.h##eee3095deeb51a158c6bb5ded542fa59.gcov is included...
(DEBUG) Check if slist.h##51ca74fb21b66782a830f7008bf83ae6.gcov is included...
(DEBUG) Check if dlist.h##a327e4cc11655394ebace39a0dfd33dd.gcov is included...
(DEBUG) Finding source file corresponding to a gcov data file
  gcov_fname   /home/afmondra/zephyr-course/app/modules/ring_buf/arch.h##eee3095deeb51a158c6bb5ded542fa59.gcov
  current_dir  /home/afmondra/zephyr-course/app/modules/ring_buf
  root         /home/afmondra/zephyr-course/app/modules/ring_buf
  starting_dir /home/afmondra/zephyr-course
  obj_dir      None
  gcda_fname   ../../../twister-out/native_sim_native/host/homework.unit.ring_buf/zephyr/kernel/CMakeFiles/kernel.dir/work.c.gcno
  --> fname    /home/afmondra/deps/zephyr/include/zephyr/arch/posix/arch.h
(DEBUG) Check if /home/afmondra/deps/zephyr/include/zephyr/arch/posix/arch.h is included...
(DEBUG)   No filter matched.
(DEBUG) Finding source file corresponding to a gcov data file
  gcov_fname   /home/afmondra/zephyr-course/app/modules/ring_buf/timeout_q.h##0019aefc9ed6cdad0bdd6ed43d40cc99.gcov
  current_dir  /home/afmondra/zephyr-course/app/modules/ring_buf
  root         /home/afmondra/zephyr-course/app/modules/ring_buf
  starting_dir /home/afmondra/zephyr-course
  obj_dir      None
  gcda_fname   ../../../twister-out/native_sim_native/host/homework.unit.ring_buf/zephyr/kernel/CMakeFiles/kernel.dir/work.c.gcno
  --> fname    /home/afmondra/deps/zephyr/kernel/include/timeout_q.h
(DEBUG) Check if /home/afmondra/deps/zephyr/kernel/include/timeout_q.h is included...
(DEBUG)   No filter matched.
(DEBUG) Finding source file corresponding to a gcov data file
  gcov_fname   /home/afmondra/zephyr-course/app/modules/ring_buf/kernel.h##13f2e6a4c33f57e7946f4cdd024701bf.gcov
  current_dir  /home/afmondra/zephyr-course/app/modules/ring_buf
  root         /home/afmondra/zephyr-course/app/modules/ring_buf
  starting_dir /home/afmondra/zephyr-course
  obj_dir      None
  gcda_fname   ../../../twister-out/native_sim_native/host/homework.unit.ring_buf/zephyr/kernel/CMakeFiles/kernel.dir/work.c.gcno
  --> fname    /home/afmondra/zephyr-course/twister-out/native_sim_native/host/homework.unit.ring_buf/zephyr/include/generated/zephyr/syscalls/kernel.h
(DEBUG) Check if /home/afmondra/zephyr-course/twister-out/native_sim_native/host/homework.unit.ring_buf/zephyr/include/generated/zephyr/syscalls/kernel.h is included...
(DEBUG)   No filter matched.
(DEBUG) Finding source file corresponding to a gcov data file
  gcov_fname   /home/afmondra/zephyr-course/app/modules/ring_buf/spinlock.h##0907215eaec88fd477ba521e3409787d.gcov
  current_dir  /home/afmondra/zephyr-course/app/modules/ring_buf
  root         /home/afmondra/zephyr-course/app/modules/ring_buf
  starting_dir /home/afmondra/zephyr-course
  obj_dir      None
  gcda_fname   ../../../twister-out/native_sim_native/host/homework.unit.ring_buf/zephyr/kernel/CMakeFiles/kernel.dir/work.c.gcno
  --> fname    /home/afmondra/deps/zephyr/include/zephyr/spinlock.h
(DEBUG) Check if /home/afmondra/deps/zephyr/include/zephyr/spinlock.h is included...
(DEBUG)   No filter matched.
(DEBUG) Finding source file corresponding to a gcov data file
  gcov_fname   /home/afmondra/zephyr-course/app/modules/ring_buf/wait_q.h##7d194b64851e991ac75a7d3dbc9cc4b5.gcov
  current_dir  /home/afmondra/zephyr-course/app/modules/ring_buf
  root         /home/afmondra/zephyr-course/app/modules/ring_buf
  starting_dir /home/afmondra/zephyr-course
  obj_dir      None
  gcda_fname   ../../../twister-out/native_sim_native/host/homework.unit.ring_buf/zephyr/kernel/CMakeFiles/kernel.dir/work.c.gcno
  --> fname    /home/afmondra/deps/zephyr/kernel/include/wait_q.h
(DEBUG) Check if /home/afmondra/deps/zephyr/kernel/include/wait_q.h is included...
(DEBUG)   No filter matched.
(DEBUG) Finding source file corresponding to a gcov data file
  gcov_fname   /home/afmondra/zephyr-course/app/modules/ring_buf/ksched.h##66840255ea5d90e8133169214ef7589d.gcov
  current_dir  /home/afmondra/zephyr-course/app/modules/ring_buf
  root         /home/afmondra/zephyr-course/app/modules/ring_buf
  starting_dir /home/afmondra/zephyr-course
  obj_dir      None
  gcda_fname   ../../../twister-out/native_sim_native/host/homework.unit.ring_buf/zephyr/kernel/CMakeFiles/kernel.dir/work.c.gcno
  --> fname    /home/afmondra/deps/zephyr/kernel/include/ksched.h
(DEBUG) Check if /home/afmondra/deps/zephyr/kernel/include/ksched.h is included...
(DEBUG)   No filter matched.
(DEBUG) Finding source file corresponding to a gcov data file
  gcov_fname   /home/afmondra/zephyr-course/app/modules/ring_buf/kernel.h##6b0baf6c49afefbfab07edb7166fdce2.gcov
  current_dir  /home/afmondra/zephyr-course/app/modules/ring_buf
  root         /home/afmondra/zephyr-course/app/modules/ring_buf
  starting_dir /home/afmondra/zephyr-course
  obj_dir      None
  gcda_fname   ../../../twister-out/native_sim_native/host/homework.unit.ring_buf/zephyr/kernel/CMakeFiles/kernel.dir/work.c.gcno
  --> fname    /home/afmondra/deps/zephyr/include/zephyr/kernel.h
(DEBUG) Check if /home/afmondra/deps/zephyr/include/zephyr/kernel.h is included...
(DEBUG)   No filter matched.
(DEBUG) Finding source file corresponding to a gcov data file
  gcov_fname   /home/afmondra/zephyr-course/app/modules/ring_buf/work.c##464b538cd1de14f3fd41f7127cd0bf90.gcov
  current_dir  /home/afmondra/zephyr-course/app/modules/ring_buf
  root         /home/afmondra/zephyr-course/app/modules/ring_buf
  starting_dir /home/afmondra/zephyr-course
  obj_dir      None
  gcda_fname   ../../../twister-out/native_sim_native/host/homework.unit.ring_buf/zephyr/kernel/CMakeFiles/kernel.dir/work.c.gcno
  --> fname    /home/afmondra/deps/zephyr/kernel/work.c
(DEBUG) Check if /home/afmondra/deps/zephyr/kernel/work.c is included...
(DEBUG)   No filter matched.
(DEBUG) Finding source file corresponding to a gcov data file
  gcov_fname   /home/afmondra/zephyr-course/app/modules/ring_buf/slist.h##51ca74fb21b66782a830f7008bf83ae6.gcov
  current_dir  /home/afmondra/zephyr-course/app/modules/ring_buf
  root         /home/afmondra/zephyr-course/app/modules/ring_buf
  starting_dir /home/afmondra/zephyr-course
  obj_dir      None
  gcda_fname   ../../../twister-out/native_sim_native/host/homework.unit.ring_buf/zephyr/kernel/CMakeFiles/kernel.dir/work.c.gcno
  --> fname    /home/afmondra/deps/zephyr/include/zephyr/sys/slist.h
(DEBUG) Check if /home/afmondra/deps/zephyr/include/zephyr/sys/slist.h is included...
(DEBUG)   No filter matched.
(DEBUG) Finding source file corresponding to a gcov data file
  gcov_fname   /home/afmondra/zephyr-course/app/modules/ring_buf/dlist.h##a327e4cc11655394ebace39a0dfd33dd.gcov
  current_dir  /home/afmondra/zephyr-course/app/modules/ring_buf
  root         /home/afmondra/zephyr-course/app/modules/ring_buf
  starting_dir /home/afmondra/zephyr-course
  obj_dir      None
  gcda_fname   ../../../twister-out/native_sim_native/host/homework.unit.ring_buf/zephyr/kernel/CMakeFiles/kernel.dir/work.c.gcno
  --> fname    /home/afmondra/deps/zephyr/include/zephyr/sys/dlist.h
(DEBUG) Check if /home/afmondra/deps/zephyr/include/zephyr/sys/dlist.h is included...
(DEBUG)   No filter matched.
(DEBUG) Processing file: /home/afmondra/zephyr-course/twister-out/native_sim_native/host/homework.unit.ring_buf/zephyr/soc/soc/native/CMakeFiles/soc__native__inf_clock.dir/native_remap.c.gcda
(DEBUG) Running gcov: 'gcov /home/afmondra/zephyr-course/twister-out/native_sim_native/host/homework.unit.ring_buf/zephyr/soc/soc/native/CMakeFiles/soc__native__inf_clock.dir/native_remap.c.gcda --branch-counts --branch-probabilities --all-blocks --demangled-names --hash-filenames --object-directory ../../../twister-out/native_sim_native/host/homework.unit.ring_buf/zephyr/soc/soc/native/CMakeFiles/soc__native__inf_clock.dir' in '/home/afmondra/zephyr-course/app/modules/ring_buf'
(DEBUG) GCOV return code was 0, stdout was:
File '/home/afmondra/deps/zephyr/soc/native/inf_clock/native_remap.c'
Lines executed:0.00% of 2
No branches
No calls
Creating 'native_remap.c##174f74f6badc98101e97d2e1f2c71896.gcov'

Lines executed:0.00% of 2
<<, stderr was:
<<
(DEBUG) Check if native_remap.c##174f74f6badc98101e97d2e1f2c71896.gcov is included...
(DEBUG) Finding source file corresponding to a gcov data file
  gcov_fname   /home/afmondra/zephyr-course/app/modules/ring_buf/native_remap.c##174f74f6badc98101e97d2e1f2c71896.gcov
  current_dir  /home/afmondra/zephyr-course/app/modules/ring_buf
  root         /home/afmondra/zephyr-course/app/modules/ring_buf
  starting_dir /home/afmondra/zephyr-course
  obj_dir      None
  gcda_fname   ../../../twister-out/native_sim_native/host/homework.unit.ring_buf/zephyr/soc/soc/native/CMakeFiles/soc__native__inf_clock.dir/native_remap.c.gcda
  --> fname    /home/afmondra/deps/zephyr/soc/native/inf_clock/native_remap.c
(DEBUG) Check if /home/afmondra/deps/zephyr/soc/native/inf_clock/native_remap.c is included...
(DEBUG)   No filter matched.
(DEBUG) Processing file: /home/afmondra/zephyr-course/twister-out/native_sim_native/host/homework.unit.ring_buf/zephyr/soc/soc/native/CMakeFiles/soc__native__inf_clock.dir/native_tasks.c.gcda
(DEBUG) Running gcov: 'gcov /home/afmondra/zephyr-course/twister-out/native_sim_native/host/homework.unit.ring_buf/zephyr/soc/soc/native/CMakeFiles/soc__native__inf_clock.dir/native_tasks.c.gcda --branch-counts --branch-probabilities --all-blocks --demangled-names --hash-filenames --object-directory ../../../twister-out/native_sim_native/host/homework.unit.ring_buf/zephyr/soc/soc/native/CMakeFiles/soc__native__inf_clock.dir' in '/home/afmondra/zephyr-course/app/modules/ring_buf'
(DEBUG) GCOV return code was 0, stdout was:
File '/home/afmondra/deps/zephyr/soc/native/inf_clock/native_tasks.c'
Lines executed:100.00% of 6
Branches executed:100.00% of 4
Taken at least once:75.00% of 4
Calls executed:100.00% of 1
Creating 'native_tasks.c##5c4bd286088240080909aed97a910711.gcov'

Lines executed:100.00% of 6
<<, stderr was:
<<
(DEBUG) Check if native_tasks.c##5c4bd286088240080909aed97a910711.gcov is included...
(DEBUG) Finding source file corresponding to a gcov data file
  gcov_fname   /home/afmondra/zephyr-course/app/modules/ring_buf/native_tasks.c##5c4bd286088240080909aed97a910711.gcov
  current_dir  /home/afmondra/zephyr-course/app/modules/ring_buf
  root         /home/afmondra/zephyr-course/app/modules/ring_buf
  starting_dir /home/afmondra/zephyr-course
  obj_dir      None
  gcda_fname   ../../../twister-out/native_sim_native/host/homework.unit.ring_buf/zephyr/soc/soc/native/CMakeFiles/soc__native__inf_clock.dir/native_tasks.c.gcda
  --> fname    /home/afmondra/deps/zephyr/soc/native/inf_clock/native_tasks.c
(DEBUG) Check if /home/afmondra/deps/zephyr/soc/native/inf_clock/native_tasks.c is included...
(DEBUG)   No filter matched.
(DEBUG) Processing file: /home/afmondra/zephyr-course/twister-out/native_sim_native/host/homework.unit.ring_buf/zephyr/soc/soc/native/CMakeFiles/soc__native__inf_clock.dir/soc.c.gcda
(DEBUG) Running gcov: 'gcov /home/afmondra/zephyr-course/twister-out/native_sim_native/host/homework.unit.ring_buf/zephyr/soc/soc/native/CMakeFiles/soc__native__inf_clock.dir/soc.c.gcda --branch-counts --branch-probabilities --all-blocks --demangled-names --hash-filenames --object-directory ../../../twister-out/native_sim_native/host/homework.unit.ring_buf/zephyr/soc/soc/native/CMakeFiles/soc__native__inf_clock.dir' in '/home/afmondra/zephyr-course/app/modules/ring_buf'
(DEBUG) GCOV return code was 0, stdout was:
File '/home/afmondra/deps/zephyr/soc/native/inf_clock/soc.c'
Lines executed:31.03% of 29
Branches executed:0.00% of 2
Taken at least once:0.00% of 2
Calls executed:40.00% of 15
Creating 'soc.c##feee535f840e07264f7d7ba029f2c21a.gcov'

Lines executed:31.03% of 29
<<, stderr was:
<<
(DEBUG) Check if soc.c##feee535f840e07264f7d7ba029f2c21a.gcov is included...
(DEBUG) Finding source file corresponding to a gcov data file
  gcov_fname   /home/afmondra/zephyr-course/app/modules/ring_buf/soc.c##feee535f840e07264f7d7ba029f2c21a.gcov
  current_dir  /home/afmondra/zephyr-course/app/modules/ring_buf
  root         /home/afmondra/zephyr-course/app/modules/ring_buf
  starting_dir /home/afmondra/zephyr-course
  obj_dir      None
  gcda_fname   ../../../twister-out/native_sim_native/host/homework.unit.ring_buf/zephyr/soc/soc/native/CMakeFiles/soc__native__inf_clock.dir/soc.c.gcda
  --> fname    /home/afmondra/deps/zephyr/soc/native/inf_clock/soc.c
(DEBUG) Check if /home/afmondra/deps/zephyr/soc/native/inf_clock/soc.c is included...
(DEBUG)   No filter matched.
(DEBUG) Processing file: /home/afmondra/zephyr-course/twister-out/native_sim_native/host/homework.unit.ring_buf/zephyr/subsys/random/CMakeFiles/subsys__random.dir/random_test_csprng.c.gcda
(DEBUG) Running gcov: 'gcov /home/afmondra/zephyr-course/twister-out/native_sim_native/host/homework.unit.ring_buf/zephyr/subsys/random/CMakeFiles/subsys__random.dir/random_test_csprng.c.gcda --branch-counts --branch-probabilities --all-blocks --demangled-names --hash-filenames --object-directory ../../../twister-out/native_sim_native/host/homework.unit.ring_buf/zephyr/subsys/random/CMakeFiles/subsys__random.dir' in '/home/afmondra/zephyr-course/app/modules/ring_buf'
(DEBUG) GCOV return code was 0, stdout was:
File '/home/afmondra/deps/zephyr/subsys/random/random_test_csprng.c'
Lines executed:0.00% of 3
No branches
Calls executed:0.00% of 1
Creating 'random_test_csprng.c##bf6dd9fdf2ee38a707c15c2c3872f59d.gcov'

File '/home/afmondra/zephyr-course/twister-out/native_sim_native/host/homework.unit.ring_buf/zephyr/include/generated/zephyr/syscalls/random.h'
Lines executed:0.00% of 4
No branches
Calls executed:0.00% of 2
Creating 'random.h##1d2caa831e3179cf3ea044bfec20bf9c.gcov'

Lines executed:0.00% of 7
<<, stderr was:
<<
(DEBUG) Check if random_test_csprng.c##bf6dd9fdf2ee38a707c15c2c3872f59d.gcov is included...
(DEBUG) Check if random.h##1d2caa831e3179cf3ea044bfec20bf9c.gcov is included...
(DEBUG) Finding source file corresponding to a gcov data file
  gcov_fname   /home/afmondra/zephyr-course/app/modules/ring_buf/random.h##1d2caa831e3179cf3ea044bfec20bf9c.gcov
  current_dir  /home/afmondra/zephyr-course/app/modules/ring_buf
  root         /home/afmondra/zephyr-course/app/modules/ring_buf
  starting_dir /home/afmondra/zephyr-course
  obj_dir      None
  gcda_fname   ../../../twister-out/native_sim_native/host/homework.unit.ring_buf/zephyr/subsys/random/CMakeFiles/subsys__random.dir/random_test_csprng.c.gcda
  --> fname    /home/afmondra/zephyr-course/twister-out/native_sim_native/host/homework.unit.ring_buf/zephyr/include/generated/zephyr/syscalls/random.h
(DEBUG) Check if /home/afmondra/zephyr-course/twister-out/native_sim_native/host/homework.unit.ring_buf/zephyr/include/generated/zephyr/syscalls/random.h is included...
(DEBUG)   No filter matched.
(DEBUG) Finding source file corresponding to a gcov data file
  gcov_fname   /home/afmondra/zephyr-course/app/modules/ring_buf/random_test_csprng.c##bf6dd9fdf2ee38a707c15c2c3872f59d.gcov
  current_dir  /home/afmondra/zephyr-course/app/modules/ring_buf
  root         /home/afmondra/zephyr-course/app/modules/ring_buf
  starting_dir /home/afmondra/zephyr-course
  obj_dir      None
  gcda_fname   ../../../twister-out/native_sim_native/host/homework.unit.ring_buf/zephyr/subsys/random/CMakeFiles/subsys__random.dir/random_test_csprng.c.gcda
  --> fname    /home/afmondra/deps/zephyr/subsys/random/random_test_csprng.c
(DEBUG) Check if /home/afmondra/deps/zephyr/subsys/random/random_test_csprng.c is included...
(DEBUG)   No filter matched.
(DEBUG) Processing file: /home/afmondra/zephyr-course/twister-out/native_sim_native/host/homework.unit.ring_buf/zephyr/subsys/random/CMakeFiles/subsys__random.dir/random_timer.c.gcda
(DEBUG) Running gcov: 'gcov /home/afmondra/zephyr-course/twister-out/native_sim_native/host/homework.unit.ring_buf/zephyr/subsys/random/CMakeFiles/subsys__random.dir/random_timer.c.gcda --branch-counts --branch-probabilities --all-blocks --demangled-names --hash-filenames --object-directory ../../../twister-out/native_sim_native/host/homework.unit.ring_buf/zephyr/subsys/random/CMakeFiles/subsys__random.dir' in '/home/afmondra/zephyr-course/app/modules/ring_buf'
(DEBUG) GCOV return code was 0, stdout was:
File '/home/afmondra/deps/zephyr/subsys/random/random_timer.c'
Lines executed:100.00% of 16
Branches executed:100.00% of 2
Taken at least once:100.00% of 2
Calls executed:100.00% of 4
Creating 'random_timer.c##0ba47e9d2e0a17ee915f09885e7a1c74.gcov'

File '/home/afmondra/deps/zephyr/include/zephyr/kernel.h'
Lines executed:100.00% of 2
No branches
Calls executed:100.00% of 1
Creating 'kernel.h##6b0baf6c49afefbfab07edb7166fdce2.gcov'

File '/home/afmondra/deps/zephyr/include/zephyr/spinlock.h'
Lines executed:100.00% of 15
Branches executed:100.00% of 4
Taken at least once:50.00% of 4
Calls executed:41.18% of 17
Creating 'spinlock.h##0907215eaec88fd477ba521e3409787d.gcov'

File '/home/afmondra/deps/zephyr/include/zephyr/arch/posix/arch.h'
Lines executed:100.00% of 7
No branches
Calls executed:100.00% of 3
Creating 'arch.h##eee3095deeb51a158c6bb5ded542fa59.gcov'

Lines executed:100.00% of 40
<<, stderr was:
<<
(DEBUG) Check if random_timer.c##0ba47e9d2e0a17ee915f09885e7a1c74.gcov is included...
(DEBUG) Check if kernel.h##6b0baf6c49afefbfab07edb7166fdce2.gcov is included...
(DEBUG) Check if spinlock.h##0907215eaec88fd477ba521e3409787d.gcov is included...
(DEBUG) Check if arch.h##eee3095deeb51a158c6bb5ded542fa59.gcov is included...
(DEBUG) Finding source file corresponding to a gcov data file
  gcov_fname   /home/afmondra/zephyr-course/app/modules/ring_buf/kernel.h##6b0baf6c49afefbfab07edb7166fdce2.gcov
  current_dir  /home/afmondra/zephyr-course/app/modules/ring_buf
  root         /home/afmondra/zephyr-course/app/modules/ring_buf
  starting_dir /home/afmondra/zephyr-course
  obj_dir      None
  gcda_fname   ../../../twister-out/native_sim_native/host/homework.unit.ring_buf/zephyr/subsys/random/CMakeFiles/subsys__random.dir/random_timer.c.gcda
  --> fname    /home/afmondra/deps/zephyr/include/zephyr/kernel.h
(DEBUG) Check if /home/afmondra/deps/zephyr/include/zephyr/kernel.h is included...
(DEBUG)   No filter matched.
(DEBUG) Finding source file corresponding to a gcov data file
  gcov_fname   /home/afmondra/zephyr-course/app/modules/ring_buf/spinlock.h##0907215eaec88fd477ba521e3409787d.gcov
  current_dir  /home/afmondra/zephyr-course/app/modules/ring_buf
  root         /home/afmondra/zephyr-course/app/modules/ring_buf
  starting_dir /home/afmondra/zephyr-course
  obj_dir      None
  gcda_fname   ../../../twister-out/native_sim_native/host/homework.unit.ring_buf/zephyr/subsys/random/CMakeFiles/subsys__random.dir/random_timer.c.gcda
  --> fname    /home/afmondra/deps/zephyr/include/zephyr/spinlock.h
(DEBUG) Check if /home/afmondra/deps/zephyr/include/zephyr/spinlock.h is included...
(DEBUG)   No filter matched.
(DEBUG) Finding source file corresponding to a gcov data file
  gcov_fname   /home/afmondra/zephyr-course/app/modules/ring_buf/arch.h##eee3095deeb51a158c6bb5ded542fa59.gcov
  current_dir  /home/afmondra/zephyr-course/app/modules/ring_buf
  root         /home/afmondra/zephyr-course/app/modules/ring_buf
  starting_dir /home/afmondra/zephyr-course
  obj_dir      None
  gcda_fname   ../../../twister-out/native_sim_native/host/homework.unit.ring_buf/zephyr/subsys/random/CMakeFiles/subsys__random.dir/random_timer.c.gcda
  --> fname    /home/afmondra/deps/zephyr/include/zephyr/arch/posix/arch.h
(DEBUG) Check if /home/afmondra/deps/zephyr/include/zephyr/arch/posix/arch.h is included...
(DEBUG)   No filter matched.
(DEBUG) Finding source file corresponding to a gcov data file
  gcov_fname   /home/afmondra/zephyr-course/app/modules/ring_buf/random_timer.c##0ba47e9d2e0a17ee915f09885e7a1c74.gcov
  current_dir  /home/afmondra/zephyr-course/app/modules/ring_buf
  root         /home/afmondra/zephyr-course/app/modules/ring_buf
  starting_dir /home/afmondra/zephyr-course
  obj_dir      None
  gcda_fname   ../../../twister-out/native_sim_native/host/homework.unit.ring_buf/zephyr/subsys/random/CMakeFiles/subsys__random.dir/random_timer.c.gcda
  --> fname    /home/afmondra/deps/zephyr/subsys/random/random_timer.c
(DEBUG) Check if /home/afmondra/deps/zephyr/subsys/random/random_timer.c is included...
(DEBUG)   No filter matched.
(DEBUG) Processing file: /home/afmondra/zephyr-course/twister-out/native_sim_native/host/homework.unit.ring_buf/zephyr/subsys/testsuite/ztest/CMakeFiles/subsys__testsuite__ztest.dir/src/ztest.c.gcda
(DEBUG) Running gcov: 'gcov /home/afmondra/zephyr-course/twister-out/native_sim_native/host/homework.unit.ring_buf/zephyr/subsys/testsuite/ztest/CMakeFiles/subsys__testsuite__ztest.dir/src/ztest.c.gcda --branch-counts --branch-probabilities --all-blocks --demangled-names --hash-filenames --object-directory ../../../twister-out/native_sim_native/host/homework.unit.ring_buf/zephyr/subsys/testsuite/ztest/CMakeFiles/subsys__testsuite__ztest.dir/src' in '/home/afmondra/zephyr-course/app/modules/ring_buf'
(DEBUG) GCOV return code was 0, stdout was:
File '/home/afmondra/deps/zephyr/subsys/testsuite/ztest/src/ztest.c'
Lines executed:62.60% of 361
Branches executed:82.49% of 177
Taken at least once:53.67% of 177
Calls executed:61.74% of 115
Creating 'ztest.c##65e54b0b4738db2f9e2517faf1bc12a3.gcov'

File '/home/afmondra/zephyr-course/twister-out/native_sim_native/host/homework.unit.ring_buf/zephyr/include/generated/zephyr/syscalls/random.h'
Lines executed:100.00% of 4
No branches
Calls executed:100.00% of 2
Creating 'random.h##1d2caa831e3179cf3ea044bfec20bf9c.gcov'

File '/home/afmondra/deps/zephyr/include/zephyr/random/random.h'
Lines executed:100.00% of 3
No branches
Calls executed:100.00% of 1
Creating 'random.h##9aa2e51f9d0a8db98230271bcd23e461.gcov'

File '/home/afmondra/zephyr-course/twister-out/native_sim_native/host/homework.unit.ring_buf/zephyr/include/generated/zephyr/syscalls/ztest_test.h'
Lines executed:50.00% of 16
No branches
Calls executed:50.00% of 8
Creating 'ztest_test.h##6312440798c6e805309f4c9afd85b738.gcov'

File '/home/afmondra/zephyr-course/twister-out/native_sim_native/host/homework.unit.ring_buf/zephyr/include/generated/zephyr/syscalls/log_ctrl.h'
Lines executed:100.00% of 4
No branches
Calls executed:100.00% of 2
Creating 'log_ctrl.h##8befabee49c2404b5c100c5517bc0db3.gcov'

File '/home/afmondra/deps/zephyr/include/zephyr/logging/log_ctrl.h'
Lines executed:100.00% of 2
No branches
No calls
Creating 'log_ctrl.h##8a3ca1d069cb3b2a9cebfb206f2dbe69.gcov'

File '/home/afmondra/deps/zephyr/subsys/testsuite/include/zephyr/tc_util.h'
Lines executed:57.89% of 19
Branches executed:100.00% of 7
Taken at least once:28.57% of 7
Calls executed:100.00% of 2
Creating 'tc_util.h##104cdd81c142ab3b8d86b9bc9624f2d7.gcov'

File '/home/afmondra/zephyr-course/twister-out/native_sim_native/host/homework.unit.ring_buf/zephyr/include/generated/zephyr/syscalls/kernel.h'
Lines executed:85.00% of 20
No branches
Calls executed:83.33% of 12
Creating 'kernel.h##13f2e6a4c33f57e7946f4cdd024701bf.gcov'

File '/home/afmondra/deps/zephyr/include/zephyr/kernel.h'
Lines executed:71.43% of 7
No branches
Calls executed:100.00% of 2
Creating 'kernel.h##6b0baf6c49afefbfab07edb7166fdce2.gcov'

File '/home/afmondra/zephyr-course/twister-out/native_sim_native/host/homework.unit.ring_buf/zephyr/include/generated/zephyr/syscalls/kobject.h'
Lines executed:100.00% of 4
No branches
Calls executed:100.00% of 2
Creating 'kobject.h##13bf013f3c5480f55cef1e4c2b7d777c.gcov'

File '/home/afmondra/deps/zephyr/include/zephyr/sys/kobject.h'
Lines executed:100.00% of 4
No branches
No calls
Creating 'kobject.h##72242e18a7a80a79c44758ca8489d5bf.gcov'

File '/home/afmondra/deps/zephyr/include/zephyr/arch/posix/arch.h'
Lines executed:100.00% of 2
No branches
Calls executed:100.00% of 1
Creating 'arch.h##eee3095deeb51a158c6bb5ded542fa59.gcov'

Lines executed:65.02% of 446
<<, stderr was:
<<
(DEBUG) Check if ztest.c##65e54b0b4738db2f9e2517faf1bc12a3.gcov is included...
(DEBUG) Check if random.h##1d2caa831e3179cf3ea044bfec20bf9c.gcov is included...
(DEBUG) Check if random.h##9aa2e51f9d0a8db98230271bcd23e461.gcov is included...
(DEBUG) Check if ztest_test.h##6312440798c6e805309f4c9afd85b738.gcov is included...
(DEBUG) Check if log_ctrl.h##8befabee49c2404b5c100c5517bc0db3.gcov is included...
(DEBUG) Check if log_ctrl.h##8a3ca1d069cb3b2a9cebfb206f2dbe69.gcov is included...
(DEBUG) Check if tc_util.h##104cdd81c142ab3b8d86b9bc9624f2d7.gcov is included...
(DEBUG) Check if kernel.h##13f2e6a4c33f57e7946f4cdd024701bf.gcov is included...
(DEBUG) Check if kernel.h##6b0baf6c49afefbfab07edb7166fdce2.gcov is included...
(DEBUG) Check if kobject.h##13bf013f3c5480f55cef1e4c2b7d777c.gcov is included...
(DEBUG) Check if kobject.h##72242e18a7a80a79c44758ca8489d5bf.gcov is included...
(DEBUG) Check if arch.h##eee3095deeb51a158c6bb5ded542fa59.gcov is included...
(DEBUG) Finding source file corresponding to a gcov data file
  gcov_fname   /home/afmondra/zephyr-course/app/modules/ring_buf/arch.h##eee3095deeb51a158c6bb5ded542fa59.gcov
  current_dir  /home/afmondra/zephyr-course/app/modules/ring_buf
  root         /home/afmondra/zephyr-course/app/modules/ring_buf
  starting_dir /home/afmondra/zephyr-course
  obj_dir      None
  gcda_fname   ../../../twister-out/native_sim_native/host/homework.unit.ring_buf/zephyr/subsys/testsuite/ztest/CMakeFiles/subsys__testsuite__ztest.dir/src/ztest.c.gcda
  --> fname    /home/afmondra/deps/zephyr/include/zephyr/arch/posix/arch.h
(DEBUG) Check if /home/afmondra/deps/zephyr/include/zephyr/arch/posix/arch.h is included...
(DEBUG)   No filter matched.
(DEBUG) Finding source file corresponding to a gcov data file
  gcov_fname   /home/afmondra/zephyr-course/app/modules/ring_buf/kernel.h##13f2e6a4c33f57e7946f4cdd024701bf.gcov
  current_dir  /home/afmondra/zephyr-course/app/modules/ring_buf
  root         /home/afmondra/zephyr-course/app/modules/ring_buf
  starting_dir /home/afmondra/zephyr-course
  obj_dir      None
  gcda_fname   ../../../twister-out/native_sim_native/host/homework.unit.ring_buf/zephyr/subsys/testsuite/ztest/CMakeFiles/subsys__testsuite__ztest.dir/src/ztest.c.gcda
  --> fname    /home/afmondra/zephyr-course/twister-out/native_sim_native/host/homework.unit.ring_buf/zephyr/include/generated/zephyr/syscalls/kernel.h
(DEBUG) Check if /home/afmondra/zephyr-course/twister-out/native_sim_native/host/homework.unit.ring_buf/zephyr/include/generated/zephyr/syscalls/kernel.h is included...
(DEBUG)   No filter matched.
(DEBUG) Finding source file corresponding to a gcov data file
  gcov_fname   /home/afmondra/zephyr-course/app/modules/ring_buf/ztest.c##65e54b0b4738db2f9e2517faf1bc12a3.gcov
  current_dir  /home/afmondra/zephyr-course/app/modules/ring_buf
  root         /home/afmondra/zephyr-course/app/modules/ring_buf
  starting_dir /home/afmondra/zephyr-course
  obj_dir      None
  gcda_fname   ../../../twister-out/native_sim_native/host/homework.unit.ring_buf/zephyr/subsys/testsuite/ztest/CMakeFiles/subsys__testsuite__ztest.dir/src/ztest.c.gcda
  --> fname    /home/afmondra/deps/zephyr/subsys/testsuite/ztest/src/ztest.c
(DEBUG) Check if /home/afmondra/deps/zephyr/subsys/testsuite/ztest/src/ztest.c is included...
(DEBUG)   No filter matched.
(DEBUG) Finding source file corresponding to a gcov data file
  gcov_fname   /home/afmondra/zephyr-course/app/modules/ring_buf/kobject.h##13bf013f3c5480f55cef1e4c2b7d777c.gcov
  current_dir  /home/afmondra/zephyr-course/app/modules/ring_buf
  root         /home/afmondra/zephyr-course/app/modules/ring_buf
  starting_dir /home/afmondra/zephyr-course
  obj_dir      None
  gcda_fname   ../../../twister-out/native_sim_native/host/homework.unit.ring_buf/zephyr/subsys/testsuite/ztest/CMakeFiles/subsys__testsuite__ztest.dir/src/ztest.c.gcda
  --> fname    /home/afmondra/zephyr-course/twister-out/native_sim_native/host/homework.unit.ring_buf/zephyr/include/generated/zephyr/syscalls/kobject.h
(DEBUG) Check if /home/afmondra/zephyr-course/twister-out/native_sim_native/host/homework.unit.ring_buf/zephyr/include/generated/zephyr/syscalls/kobject.h is included...
(DEBUG)   No filter matched.
(DEBUG) Finding source file corresponding to a gcov data file
  gcov_fname   /home/afmondra/zephyr-course/app/modules/ring_buf/ztest_test.h##6312440798c6e805309f4c9afd85b738.gcov
  current_dir  /home/afmondra/zephyr-course/app/modules/ring_buf
  root         /home/afmondra/zephyr-course/app/modules/ring_buf
  starting_dir /home/afmondra/zephyr-course
  obj_dir      None
  gcda_fname   ../../../twister-out/native_sim_native/host/homework.unit.ring_buf/zephyr/subsys/testsuite/ztest/CMakeFiles/subsys__testsuite__ztest.dir/src/ztest.c.gcda
  --> fname    /home/afmondra/zephyr-course/twister-out/native_sim_native/host/homework.unit.ring_buf/zephyr/include/generated/zephyr/syscalls/ztest_test.h
(DEBUG) Check if /home/afmondra/zephyr-course/twister-out/native_sim_native/host/homework.unit.ring_buf/zephyr/include/generated/zephyr/syscalls/ztest_test.h is included...
(DEBUG)   No filter matched.
(DEBUG) Finding source file corresponding to a gcov data file
  gcov_fname   /home/afmondra/zephyr-course/app/modules/ring_buf/log_ctrl.h##8a3ca1d069cb3b2a9cebfb206f2dbe69.gcov
  current_dir  /home/afmondra/zephyr-course/app/modules/ring_buf
  root         /home/afmondra/zephyr-course/app/modules/ring_buf
  starting_dir /home/afmondra/zephyr-course
  obj_dir      None
  gcda_fname   ../../../twister-out/native_sim_native/host/homework.unit.ring_buf/zephyr/subsys/testsuite/ztest/CMakeFiles/subsys__testsuite__ztest.dir/src/ztest.c.gcda
  --> fname    /home/afmondra/deps/zephyr/include/zephyr/logging/log_ctrl.h
(DEBUG) Check if /home/afmondra/deps/zephyr/include/zephyr/logging/log_ctrl.h is included...
(DEBUG)   No filter matched.
(DEBUG) Finding source file corresponding to a gcov data file
  gcov_fname   /home/afmondra/zephyr-course/app/modules/ring_buf/random.h##9aa2e51f9d0a8db98230271bcd23e461.gcov
  current_dir  /home/afmondra/zephyr-course/app/modules/ring_buf
  root         /home/afmondra/zephyr-course/app/modules/ring_buf
  starting_dir /home/afmondra/zephyr-course
  obj_dir      None
  gcda_fname   ../../../twister-out/native_sim_native/host/homework.unit.ring_buf/zephyr/subsys/testsuite/ztest/CMakeFiles/subsys__testsuite__ztest.dir/src/ztest.c.gcda
  --> fname    /home/afmondra/deps/zephyr/include/zephyr/random/random.h
(DEBUG) Check if /home/afmondra/deps/zephyr/include/zephyr/random/random.h is included...
(DEBUG)   No filter matched.
(DEBUG) Finding source file corresponding to a gcov data file
  gcov_fname   /home/afmondra/zephyr-course/app/modules/ring_buf/log_ctrl.h##8befabee49c2404b5c100c5517bc0db3.gcov
  current_dir  /home/afmondra/zephyr-course/app/modules/ring_buf
  root         /home/afmondra/zephyr-course/app/modules/ring_buf
  starting_dir /home/afmondra/zephyr-course
  obj_dir      None
  gcda_fname   ../../../twister-out/native_sim_native/host/homework.unit.ring_buf/zephyr/subsys/testsuite/ztest/CMakeFiles/subsys__testsuite__ztest.dir/src/ztest.c.gcda
  --> fname    /home/afmondra/zephyr-course/twister-out/native_sim_native/host/homework.unit.ring_buf/zephyr/include/generated/zephyr/syscalls/log_ctrl.h
(DEBUG) Check if /home/afmondra/zephyr-course/twister-out/native_sim_native/host/homework.unit.ring_buf/zephyr/include/generated/zephyr/syscalls/log_ctrl.h is included...
(DEBUG)   No filter matched.
(DEBUG) Finding source file corresponding to a gcov data file
  gcov_fname   /home/afmondra/zephyr-course/app/modules/ring_buf/kernel.h##6b0baf6c49afefbfab07edb7166fdce2.gcov
  current_dir  /home/afmondra/zephyr-course/app/modules/ring_buf
  root         /home/afmondra/zephyr-course/app/modules/ring_buf
  starting_dir /home/afmondra/zephyr-course
  obj_dir      None
  gcda_fname   ../../../twister-out/native_sim_native/host/homework.unit.ring_buf/zephyr/subsys/testsuite/ztest/CMakeFiles/subsys__testsuite__ztest.dir/src/ztest.c.gcda
  --> fname    /home/afmondra/deps/zephyr/include/zephyr/kernel.h
(DEBUG) Check if /home/afmondra/deps/zephyr/include/zephyr/kernel.h is included...
(DEBUG)   No filter matched.
(DEBUG) Finding source file corresponding to a gcov data file
  gcov_fname   /home/afmondra/zephyr-course/app/modules/ring_buf/tc_util.h##104cdd81c142ab3b8d86b9bc9624f2d7.gcov
  current_dir  /home/afmondra/zephyr-course/app/modules/ring_buf
  root         /home/afmondra/zephyr-course/app/modules/ring_buf
  starting_dir /home/afmondra/zephyr-course
  obj_dir      None
  gcda_fname   ../../../twister-out/native_sim_native/host/homework.unit.ring_buf/zephyr/subsys/testsuite/ztest/CMakeFiles/subsys__testsuite__ztest.dir/src/ztest.c.gcda
  --> fname    /home/afmondra/deps/zephyr/subsys/testsuite/include/zephyr/tc_util.h
(DEBUG) Check if /home/afmondra/deps/zephyr/subsys/testsuite/include/zephyr/tc_util.h is included...
(DEBUG)   No filter matched.
(DEBUG) Finding source file corresponding to a gcov data file
  gcov_fname   /home/afmondra/zephyr-course/app/modules/ring_buf/kobject.h##72242e18a7a80a79c44758ca8489d5bf.gcov
  current_dir  /home/afmondra/zephyr-course/app/modules/ring_buf
  root         /home/afmondra/zephyr-course/app/modules/ring_buf
  starting_dir /home/afmondra/zephyr-course
  obj_dir      None
  gcda_fname   ../../../twister-out/native_sim_native/host/homework.unit.ring_buf/zephyr/subsys/testsuite/ztest/CMakeFiles/subsys__testsuite__ztest.dir/src/ztest.c.gcda
  --> fname    /home/afmondra/deps/zephyr/include/zephyr/sys/kobject.h
(DEBUG) Check if /home/afmondra/deps/zephyr/include/zephyr/sys/kobject.h is included...
(DEBUG)   No filter matched.
(DEBUG) Finding source file corresponding to a gcov data file
  gcov_fname   /home/afmondra/zephyr-course/app/modules/ring_buf/random.h##1d2caa831e3179cf3ea044bfec20bf9c.gcov
  current_dir  /home/afmondra/zephyr-course/app/modules/ring_buf
  root         /home/afmondra/zephyr-course/app/modules/ring_buf
  starting_dir /home/afmondra/zephyr-course
  obj_dir      None
  gcda_fname   ../../../twister-out/native_sim_native/host/homework.unit.ring_buf/zephyr/subsys/testsuite/ztest/CMakeFiles/subsys__testsuite__ztest.dir/src/ztest.c.gcda
  --> fname    /home/afmondra/zephyr-course/twister-out/native_sim_native/host/homework.unit.ring_buf/zephyr/include/generated/zephyr/syscalls/random.h
(DEBUG) Check if /home/afmondra/zephyr-course/twister-out/native_sim_native/host/homework.unit.ring_buf/zephyr/include/generated/zephyr/syscalls/random.h is included...
(DEBUG)   No filter matched.
(DEBUG) Processing file: /home/afmondra/zephyr-course/twister-out/native_sim_native/host/homework.unit.ring_buf/zephyr/subsys/testsuite/ztest/CMakeFiles/subsys__testsuite__ztest.dir/src/ztest_error_hook.c.gcno
(DEBUG) Running gcov: 'gcov /home/afmondra/zephyr-course/twister-out/native_sim_native/host/homework.unit.ring_buf/zephyr/subsys/testsuite/ztest/CMakeFiles/subsys__testsuite__ztest.dir/src/ztest_error_hook.c.gcno --branch-counts --branch-probabilities --all-blocks --demangled-names --hash-filenames --object-directory ../../../twister-out/native_sim_native/host/homework.unit.ring_buf/zephyr/subsys/testsuite/ztest/CMakeFiles/subsys__testsuite__ztest.dir/src' in '/home/afmondra/zephyr-course/app/modules/ring_buf'
(DEBUG) GCOV return code was 0, stdout was:
No executable lines
<<, stderr was:
../../../twister-out/native_sim_native/host/homework.unit.ring_buf/zephyr/subsys/testsuite/ztest/CMakeFiles/subsys__testsuite__ztest.dir/src/ztest_error_hook.c.gcno:no functions found
../../../twister-out/native_sim_native/host/homework.unit.ring_buf/zephyr/subsys/testsuite/ztest/CMakeFiles/subsys__testsuite__ztest.dir/src/ztest_error_hook.c.gcda:cannot open data file, assuming not executed
<<
(DEBUG) Processing file: /home/afmondra/zephyr-course/twister-out/native_sim_native/host/homework.unit.ring_buf/zephyr/subsys/testsuite/ztest/CMakeFiles/subsys__testsuite__ztest.dir/src/ztest_posix.c.gcda
(DEBUG) Running gcov: 'gcov /home/afmondra/zephyr-course/twister-out/native_sim_native/host/homework.unit.ring_buf/zephyr/subsys/testsuite/ztest/CMakeFiles/subsys__testsuite__ztest.dir/src/ztest_posix.c.gcda --branch-counts --branch-probabilities --all-blocks --demangled-names --hash-filenames --object-directory ../../../twister-out/native_sim_native/host/homework.unit.ring_buf/zephyr/subsys/testsuite/ztest/CMakeFiles/subsys__testsuite__ztest.dir/src' in '/home/afmondra/zephyr-course/app/modules/ring_buf'
(DEBUG) GCOV return code was 0, stdout was:
File '/home/afmondra/deps/zephyr/subsys/testsuite/ztest/src/ztest_posix.c'
Lines executed:30.51% of 59
Branches executed:20.00% of 40
Taken at least once:10.00% of 40
Calls executed:16.67% of 18
Creating 'ztest_posix.c##a4cd1fe07b2dbf600fd58148dd92775e.gcov'

File '/home/afmondra/zephyr-course/twister-out/native_sim_native/host/homework.unit.ring_buf/zephyr/include/generated/zephyr/syscalls/ztest_test.h'
Lines executed:100.00% of 3
No branches
Calls executed:100.00% of 2
Creating 'ztest_test.h##6312440798c6e805309f4c9afd85b738.gcov'

Lines executed:33.87% of 62
<<, stderr was:
<<
(DEBUG) Check if ztest_posix.c##a4cd1fe07b2dbf600fd58148dd92775e.gcov is included...
(DEBUG) Check if ztest_test.h##6312440798c6e805309f4c9afd85b738.gcov is included...
(DEBUG) Finding source file corresponding to a gcov data file
  gcov_fname   /home/afmondra/zephyr-course/app/modules/ring_buf/ztest_posix.c##a4cd1fe07b2dbf600fd58148dd92775e.gcov
  current_dir  /home/afmondra/zephyr-course/app/modules/ring_buf
  root         /home/afmondra/zephyr-course/app/modules/ring_buf
  starting_dir /home/afmondra/zephyr-course
  obj_dir      None
  gcda_fname   ../../../twister-out/native_sim_native/host/homework.unit.ring_buf/zephyr/subsys/testsuite/ztest/CMakeFiles/subsys__testsuite__ztest.dir/src/ztest_posix.c.gcda
  --> fname    /home/afmondra/deps/zephyr/subsys/testsuite/ztest/src/ztest_posix.c
(DEBUG) Check if /home/afmondra/deps/zephyr/subsys/testsuite/ztest/src/ztest_posix.c is included...
(DEBUG)   No filter matched.
(DEBUG) Finding source file corresponding to a gcov data file
  gcov_fname   /home/afmondra/zephyr-course/app/modules/ring_buf/ztest_test.h##6312440798c6e805309f4c9afd85b738.gcov
  current_dir  /home/afmondra/zephyr-course/app/modules/ring_buf
  root         /home/afmondra/zephyr-course/app/modules/ring_buf
  starting_dir /home/afmondra/zephyr-course
  obj_dir      None
  gcda_fname   ../../../twister-out/native_sim_native/host/homework.unit.ring_buf/zephyr/subsys/testsuite/ztest/CMakeFiles/subsys__testsuite__ztest.dir/src/ztest_posix.c.gcda
  --> fname    /home/afmondra/zephyr-course/twister-out/native_sim_native/host/homework.unit.ring_buf/zephyr/include/generated/zephyr/syscalls/ztest_test.h
(DEBUG) Check if /home/afmondra/zephyr-course/twister-out/native_sim_native/host/homework.unit.ring_buf/zephyr/include/generated/zephyr/syscalls/ztest_test.h is included...
(DEBUG)   No filter matched.
(DEBUG) Processing file: /home/afmondra/zephyr-course/twister-out/native_sim_native/host/homework.unit.ring_buf/zephyr/subsys/testsuite/ztest/CMakeFiles/subsys__testsuite__ztest.dir/src/ztest_rules.c.gcno
(DEBUG) Running gcov: 'gcov /home/afmondra/zephyr-course/twister-out/native_sim_native/host/homework.unit.ring_buf/zephyr/subsys/testsuite/ztest/CMakeFiles/subsys__testsuite__ztest.dir/src/ztest_rules.c.gcno --branch-counts --branch-probabilities --all-blocks --demangled-names --hash-filenames --object-directory ../../../twister-out/native_sim_native/host/homework.unit.ring_buf/zephyr/subsys/testsuite/ztest/CMakeFiles/subsys__testsuite__ztest.dir/src' in '/home/afmondra/zephyr-course/app/modules/ring_buf'
(DEBUG) GCOV return code was 0, stdout was:
No executable lines
<<, stderr was:
../../../twister-out/native_sim_native/host/homework.unit.ring_buf/zephyr/subsys/testsuite/ztest/CMakeFiles/subsys__testsuite__ztest.dir/src/ztest_rules.c.gcno:no functions found
../../../twister-out/native_sim_native/host/homework.unit.ring_buf/zephyr/subsys/testsuite/ztest/CMakeFiles/subsys__testsuite__ztest.dir/src/ztest_rules.c.gcda:cannot open data file, assuming not executed
<<
(INFO) Writing coverage report...
Running: gcovr -r /home/afmondra/zephyr-course/app/modules/ring_buf -v --merge-mode-functions=separate --html /home/afmondra/zephyr-course/twister-out/coverage/index.html --html-details --add-tracefile /home/afmondra/zephyr-course/twister-out/coverage.json --add-tracefile /home/afmondra/zephyr-course/twister-out/ztest.json --json-summary-pretty --json-summary /home/afmondra/zephyr-course/twister-out/coverage_summary.json
(DEBUG) File system is case sensitive.
(DEBUG) Filters for --filter: (1)
(DEBUG)  - DirectoryPrefixFilter(/home/afmondra/zephyr\-course/app/modules/ring_buf/)
(DEBUG) Filters for --exclude: (0)
(DEBUG) Filters for --include: (0)
(DEBUG) Filters for --gcov-filter: (1)
(DEBUG)  - AlwaysMatchFilter()
(DEBUG) Filters for --gcov-exclude: (0)
(DEBUG) Filters for --gcov-exclude-directory: (0)
(DEBUG) Patterns for --exclude-function: (0)
(DEBUG) Patterns for --exclude-lines-by-pattern: (0)
(DEBUG) Patterns for --exclude-branches-by-pattern: (0)
(INFO) Reading coverage data...
(DEBUG) Processing file: /home/afmondra/zephyr-course/twister-out/ztest.json
(DEBUG) Processing file: /home/afmondra/zephyr-course/twister-out/coverage.json
(DEBUG) Check if /home/afmondra/zephyr-course/app/modules/ring_buf/src/ring_buf.c is included...
(DEBUG)   Filter DirectoryPrefixFilter(/home/afmondra/zephyr\-course/app/modules/ring_buf/) matched for path /home/afmondra/zephyr-course/app/modules/ring_buf/src/ring_buf.c.
(INFO) Writing coverage report...
(DEBUG) Common prefix path is '/home/afmondra/zephyr-course/app/modules/ring_buf/src'
(DEBUG) Common relative prefix path is 'app/modules/ring_buf/src/'
(DEBUG) Common prefix path is '/home/afmondra/zephyr-course/app/modules/ring_buf/src'
(DEBUG) Common relative prefix path is 'app/modules/ring_buf/src/'
